-- --------------------------------------------------------
-- Host:                         127.0.0.1
-- Server version:               10.1.41-MariaDB - MariaDB Server
-- Server OS:                    Linux
-- HeidiSQL Version:             10.2.0.5599
-- --------------------------------------------------------

/*!40101 SET @OLD_CHARACTER_SET_CLIENT=@@CHARACTER_SET_CLIENT */;
/*!40101 SET NAMES utf8 */;
/*!50503 SET NAMES utf8mb4 */;
/*!40014 SET @OLD_FOREIGN_KEY_CHECKS=@@FOREIGN_KEY_CHECKS, FOREIGN_KEY_CHECKS=0 */;
/*!40101 SET @OLD_SQL_MODE=@@SQL_MODE, SQL_MODE='NO_AUTO_VALUE_ON_ZERO' */;


-- Dumping database structure for kaizen
CREATE DATABASE IF NOT EXISTS `kaizen` /*!40100 DEFAULT CHARACTER SET latin1 */;
USE `kaizen`;

-- Dumping structure for table kaizen.log_admin_login
CREATE TABLE IF NOT EXISTS `log_admin_login` (
  `log_id` bigint(20) unsigned NOT NULL,
  `admin_id` int(10) unsigned NOT NULL,
  `datetime` datetime NOT NULL,
  `ip_address` varchar(15) COLLATE utf8_bin NOT NULL,
  `user_agent` varchar(255) COLLATE utf8_bin NOT NULL,
  PRIMARY KEY (`log_id`),
  KEY `admin_id` (`admin_id`),
  CONSTRAINT `log_admin_login_ibfk_1` FOREIGN KEY (`admin_id`) REFERENCES `tbl_admin` (`admin_id`)
) ENGINE=InnoDB DEFAULT CHARSET=utf8 COLLATE=utf8_bin;

-- Dumping data for table kaizen.log_admin_login: ~0 rows (approximately)
DELETE FROM `log_admin_login`;
/*!40000 ALTER TABLE `log_admin_login` DISABLE KEYS */;
/*!40000 ALTER TABLE `log_admin_login` ENABLE KEYS */;

-- Dumping structure for table kaizen.log_contents_edit_admin
CREATE TABLE IF NOT EXISTS `log_contents_edit_admin` (
  `log_id` bigint(20) unsigned NOT NULL AUTO_INCREMENT,
  `contents_category_id` tinyint(3) unsigned NOT NULL DEFAULT '1',
  `school_contents_id` int(10) unsigned NOT NULL,
  `admin_id` int(10) unsigned NOT NULL,
  `contents_edit_action_id` tinyint(3) unsigned NOT NULL,
  `datetime` datetime NOT NULL,
  PRIMARY KEY (`log_id`),
  KEY `school_contents_id` (`school_contents_id`),
  KEY `admin_id` (`admin_id`),
  KEY `contents_edit_action_id` (`contents_edit_action_id`),
  KEY `FK_log_contents_edit_admin_mst_contents_category` (`contents_category_id`),
  CONSTRAINT `FK_log_contents_edit_admin_mst_contents_category` FOREIGN KEY (`contents_category_id`) REFERENCES `mst_contents_category` (`contents_category_id`),
  CONSTRAINT `log_contents_edit_admin_ibfk_1` FOREIGN KEY (`school_contents_id`) REFERENCES `tbl_school_contents_bk` (`school_contents_id`),
  CONSTRAINT `log_contents_edit_admin_ibfk_3` FOREIGN KEY (`contents_edit_action_id`) REFERENCES `mst_contents_edit_action` (`contents_edit_action_id`),
  CONSTRAINT `log_contents_edit_admin_ibfk_4` FOREIGN KEY (`admin_id`) REFERENCES `tbl_admin` (`admin_id`)
) ENGINE=InnoDB DEFAULT CHARSET=utf8 COLLATE=utf8_bin;

-- Dumping data for table kaizen.log_contents_edit_admin: ~0 rows (approximately)
DELETE FROM `log_contents_edit_admin`;
/*!40000 ALTER TABLE `log_contents_edit_admin` DISABLE KEYS */;
/*!40000 ALTER TABLE `log_contents_edit_admin` ENABLE KEYS */;

-- Dumping structure for table kaizen.log_contents_edit_teacher
CREATE TABLE IF NOT EXISTS `log_contents_edit_teacher` (
  `log_id` bigint(20) unsigned NOT NULL AUTO_INCREMENT,
  `contents_category_id` tinyint(3) unsigned NOT NULL DEFAULT '1',
  `school_contents_id` int(10) unsigned NOT NULL,
  `teacher_id` int(10) unsigned NOT NULL,
  `contents_edit_action_id` tinyint(3) unsigned NOT NULL,
  `datetime` datetime NOT NULL,
  PRIMARY KEY (`log_id`),
  KEY `school_contents_id` (`school_contents_id`),
  KEY `teacher_id` (`teacher_id`),
  KEY `contents_edit_action_id` (`contents_edit_action_id`),
  KEY `FK_log_contents_edit_teacher_mst_contents_category` (`contents_category_id`),
  CONSTRAINT `FK_log_contents_edit_teacher_mst_contents_category` FOREIGN KEY (`contents_category_id`) REFERENCES `mst_contents_category` (`contents_category_id`),
  CONSTRAINT `log_contents_edit_teacher_ibfk_1` FOREIGN KEY (`school_contents_id`) REFERENCES `tbl_school_contents_bk` (`school_contents_id`),
  CONSTRAINT `log_contents_edit_teacher_ibfk_2` FOREIGN KEY (`teacher_id`) REFERENCES `tbl_teacher` (`teacher_id`),
  CONSTRAINT `log_contents_edit_teacher_ibfk_3` FOREIGN KEY (`contents_edit_action_id`) REFERENCES `mst_contents_edit_action` (`contents_edit_action_id`)
) ENGINE=InnoDB DEFAULT CHARSET=utf8 COLLATE=utf8_bin;

-- Dumping data for table kaizen.log_contents_edit_teacher: ~0 rows (approximately)
DELETE FROM `log_contents_edit_teacher`;
/*!40000 ALTER TABLE `log_contents_edit_teacher` DISABLE KEYS */;
/*!40000 ALTER TABLE `log_contents_edit_teacher` ENABLE KEYS */;

-- Dumping structure for table kaizen.log_contents_history_student
CREATE TABLE IF NOT EXISTS `log_contents_history_student` (
  `history_id` bigint(20) unsigned NOT NULL AUTO_INCREMENT,
  `contents_category_id` tinyint(3) unsigned NOT NULL DEFAULT '1',
  `school_contents_id` int(10) unsigned NOT NULL,
  `student_id` int(10) unsigned NOT NULL,
  `player_code` varchar(50) COLLATE utf8_bin DEFAULT NULL,
  `key_word` varchar(50) COLLATE utf8_bin DEFAULT NULL,
  `registered_datetime` datetime NOT NULL,
  `contents_download_datetime` datetime DEFAULT NULL,
  `history_upload_datetime` datetime DEFAULT NULL,
  `reached_frame` bigint(10) unsigned DEFAULT NULL,
  `proportion_flg` tinyint(3) unsigned DEFAULT '0',
  `proportion` tinyint(3) unsigned DEFAULT '0',
  `duration` bigint(10) unsigned DEFAULT NULL,
  `reacquire_data_flg` tinyint(3) unsigned NOT NULL DEFAULT '0',
  `play_start_datetime` datetime DEFAULT NULL,
  PRIMARY KEY (`history_id`),
  UNIQUE KEY `key_word` (`key_word`),
  KEY `school_contents_id` (`school_contents_id`),
  KEY `student_id` (`student_id`),
  KEY `FK_log_contents_history_student_mst_contents_category` (`contents_category_id`),
  CONSTRAINT `FK_log_contents_history_student_mst_contents_category` FOREIGN KEY (`contents_category_id`) REFERENCES `mst_contents_category` (`contents_category_id`),
  CONSTRAINT `log_contents_history_student_ibfk_2` FOREIGN KEY (`student_id`) REFERENCES `tbl_student` (`student_id`)
) ENGINE=InnoDB AUTO_INCREMENT=429 DEFAULT CHARSET=utf8 COLLATE=utf8_bin;

-- Dumping data for table kaizen.log_contents_history_student: ~106 rows (approximately)
DELETE FROM `log_contents_history_student`;
/*!40000 ALTER TABLE `log_contents_history_student` DISABLE KEYS */;
INSERT INTO `log_contents_history_student` (`history_id`, `contents_category_id`, `school_contents_id`, `student_id`, `player_code`, `key_word`, `registered_datetime`, `contents_download_datetime`, `history_upload_datetime`, `reached_frame`, `proportion_flg`, `proportion`, `duration`, `reacquire_data_flg`, `play_start_datetime`) VALUES
	(323, 1, 74, 15, '8e922b09266e3e11b2eb6d2eedacbfde799b025204bacba9', NULL, '2020-01-15 07:43:37', '2020-01-15 07:43:37', '2020-01-15 07:43:42', 660, 0, 0, 253340, 1, '2020-01-15 07:43:37'),
	(324, 1, 74, 15, 'da281ca9375a02bfd11c4c551320469096155a3aa4d7ed3b', NULL, '2020-01-15 07:44:10', '2020-01-15 07:44:10', '2020-01-15 07:44:21', 9320, 0, 0, 253340, 1, '2020-01-15 07:44:10'),
	(325, 1, 78, 15, 'a3e556641454c25165994d7a5439123e03a721e7bf1dbc18', NULL, '2020-01-15 08:02:31', '2020-01-15 08:02:31', '2020-01-15 08:02:36', 2410, 0, 0, 253340, 1, '2020-01-15 08:02:31'),
	(326, 1, 78, 15, 'a1e0e2e2cbc5763d5012cc76134ff91c2c0f7535b62a50c8', NULL, '2020-01-15 08:17:22', '2020-01-15 08:17:22', '2020-01-15 08:17:23', 0, 0, 0, 253340, 1, '2020-01-15 08:17:22'),
	(327, 1, 79, 15, 'ca8b2628856b7a2166a463ba8fd824480289a88f9ea06e8f', NULL, '2020-01-15 08:17:35', '2020-01-15 08:17:35', '2020-01-15 08:17:41', 1330, 0, 10, 253340, 1, '2020-01-15 08:17:35'),
	(328, 1, 78, 15, 'fc075cbe04d991dd4da3fe956021d5368ec1eec4e6933c90', NULL, '2020-01-15 08:22:18', '2020-01-15 08:22:18', '2020-01-15 08:22:21', 10, 0, 0, 253340, 1, '2020-01-15 08:22:18'),
	(329, 1, 78, 15, 'a0a2981898effa3741c08bd4e2dbf3034da00b9276db5a5e', NULL, '2020-01-15 08:24:22', '2020-01-15 08:24:22', '2020-01-15 08:24:23', 0, 0, 0, 253340, 1, '2020-01-15 08:24:22'),
	(330, 1, 78, 15, 'b41cdfed71fb9da8d13b701ddbdda4b154d7d76b62d5a6df', NULL, '2020-01-15 15:48:05', '2020-01-15 15:48:05', '2020-01-15 15:48:14', 0, 0, 0, 253340, 1, '2020-01-15 15:48:05'),
	(331, 1, 79, 15, 'c65785dfafce5948c9441ad8cfb0e3d50f5164ef924b6c69', NULL, '2020-01-15 15:48:21', '2020-01-15 15:48:21', '2020-01-15 15:48:26', 2610, 0, 10, 253340, 1, '2020-01-15 15:48:21'),
	(332, 1, 78, 15, 'ea3416c2e8e67e1b3eab85eee9ffbdb863612e2b20a999b3', NULL, '2020-01-15 15:48:37', '2020-01-15 15:48:37', '2020-01-15 15:48:46', 6740, 0, 0, 253340, 1, '2020-01-15 15:48:37'),
	(333, 1, 79, 15, '4f4d949bcae8b5f8dc38504ad41b8cece5a78cf9b2c65c96', NULL, '2020-01-15 15:48:52', '2020-01-15 15:48:52', '2020-01-15 15:49:07', 8380, 0, 10, 253340, 1, '2020-01-15 15:48:52'),
	(334, 1, 78, 15, '7dadcb4221bc5129110a722d5581ce076b0addccb3c6fceb', NULL, '2020-01-15 16:00:02', '2020-01-15 16:00:02', '2020-01-15 16:00:05', 0, 0, 0, 253340, 1, '2020-01-15 16:00:02'),
	(335, 1, 78, 15, '4a5da56623ddafa22dcd6e1745109bf779d5d09a381f0e0f', NULL, '2020-01-15 16:16:35', '2020-01-15 16:16:35', '2020-01-15 16:16:39', 1220, 0, 0, 253340, 1, '2020-01-15 16:16:35'),
	(336, 1, 79, 15, 'b5b610a6080bc21753e81dc5002c016c951423fca3850345', NULL, '2020-01-15 16:16:45', '2020-01-15 16:16:45', '2020-01-15 16:17:01', 14270, 0, 10, 253340, 1, '2020-01-15 16:16:45'),
	(337, 1, 78, 15, 'a9707bca6e529cc32a8b7bc4b8fc769b1c5da625955d78c4', NULL, '2020-01-15 16:18:11', '2020-01-15 16:18:11', '2020-01-15 16:18:14', 1670, 0, 0, 253340, 1, '2020-01-15 16:18:11'),
	(338, 1, 79, 15, '133b737f424a655a96e65dffab9b7c9657af730f986e4a93', NULL, '2020-01-15 16:18:21', '2020-01-15 16:18:21', '2020-01-15 16:18:25', 2330, 0, 10, 253340, 1, '2020-01-15 16:18:21'),
	(339, 1, 115, 16, '7cd84496cf71542d940d3e2c43662475c1c25419032ab75a', NULL, '2020-01-15 21:47:36', '2020-01-15 21:47:36', NULL, 55530, 0, 0, 323130, 9, '2020-01-15 21:47:36'),
	(340, 1, 115, 16, '973d196b323754d4d437b89193076fa7c71779116b93a66e', NULL, '2020-01-15 21:48:49', '2020-01-15 21:48:49', NULL, 0, 0, 0, 323130, 9, '2020-01-15 21:48:49'),
	(341, 1, 79, 15, '6d6fa7e7817dbae8339cd2803e4c8cb07a358ba65d7f0a93', NULL, '2020-01-16 08:01:59', '2020-01-16 08:01:59', '2020-01-16 08:02:01', 0, 0, 10, 253340, 1, '2020-01-16 08:01:59'),
	(342, 1, 78, 15, '044368b6b696dac5aa8191871b2339ac463e8aaa7c31f827', NULL, '2020-01-16 08:02:14', '2020-01-16 08:02:14', '2020-01-16 08:02:18', 0, 0, 0, 253340, 1, '2020-01-16 08:02:14'),
	(343, 1, 80, 15, '32ce820ca4e2dbe80a5a712009c41a1dbd49976bf787fe42', NULL, '2020-01-16 08:04:50', '2020-01-16 08:04:50', '2020-01-16 08:04:54', 10, 0, 0, 381910, 1, '2020-01-16 08:04:50'),
	(344, 1, 79, 15, '2071889b075a3acf154c2eb5bcbb9d170c5522691cb481aa', NULL, '2020-01-16 08:07:56', '2020-01-16 08:07:56', '2020-01-16 08:07:59', 0, 0, 10, 253340, 1, '2020-01-16 08:07:56'),
	(345, 1, 79, 15, '077a967e082d9b116d5da6ae21cb149cbc1f1d35f292e1dd', NULL, '2020-01-16 08:08:04', '2020-01-16 08:08:04', '2020-01-16 08:08:05', 0, 0, 10, 253340, 1, '2020-01-16 08:08:04'),
	(346, 1, 79, 15, '6d0d5b1b9004cd8b17f9d57efb9b435be15ad925d7b14968', NULL, '2020-01-16 08:08:10', '2020-01-16 08:08:10', '2020-01-16 08:08:13', 0, 0, 10, 253340, 1, '2020-01-16 08:08:10'),
	(347, 1, 79, 15, '9fe334865453b65edfa08143652f3708664d5f546fdec740', NULL, '2020-01-16 08:08:18', '2020-01-16 08:08:18', '2020-01-16 08:08:22', 0, 0, 10, 253340, 1, '2020-01-16 08:08:18'),
	(348, 1, 79, 15, '207d6796061217607e4618141e562364716fa3e60b3fa6fc', NULL, '2020-01-16 08:36:26', '2020-01-16 08:36:26', '2020-01-16 08:36:34', 5310, 0, 10, 253340, 1, '2020-01-16 08:36:26'),
	(349, 1, 78, 15, '7ab824149d1fe7646b5b9cba2b0ff946b69fb4a1827839d6', NULL, '2020-01-16 08:36:52', '2020-01-16 08:36:52', '2020-01-16 08:36:57', 1900, 0, 0, 253340, 1, '2020-01-16 08:36:52'),
	(350, 1, 80, 15, 'a1e33557db6381ec672d0da01e000910660f651ad4c5e037', NULL, '2020-01-16 08:49:30', '2020-01-16 08:49:30', '2020-01-16 08:49:38', 640, 0, 0, 381910, 1, '2020-01-16 08:49:30'),
	(351, 1, 81, 15, 'de4af3132eb68b6365996043b1f955f66922564e4cbc71bb', NULL, '2020-01-16 08:49:50', '2020-01-16 08:49:50', '2020-01-16 08:49:56', 1290, 0, 0, 381910, 1, '2020-01-16 08:49:50'),
	(352, 1, 83, 15, '90a450f5d539835c932db6b73a009342b20197d7677da58e', NULL, '2020-01-16 09:03:21', '2020-01-16 09:03:21', '2020-01-16 09:03:43', 0, 0, 0, 323130, 1, '2020-01-16 09:03:21'),
	(353, 1, 80, 15, '2b5155cebffe6088c8a4048ec6b48542d6e3e50239e6efe7', NULL, '2020-01-16 10:05:24', '2020-01-16 10:05:24', '2020-01-16 10:05:29', 0, 0, 0, 381910, 1, '2020-01-16 10:05:24'),
	(354, 1, 81, 15, 'b2de6227796d684cd5a08755dd06d3055221d1f43d658134', NULL, '2020-01-16 10:05:41', '2020-01-16 10:05:41', '2020-01-16 10:05:44', 0, 0, 0, 381910, 1, '2020-01-16 10:05:41'),
	(355, 1, 78, 15, '0663c059077cbee209e3ba87cc84b6801e7c7e454d3c9dff', NULL, '2020-01-16 11:05:07', '2020-01-16 11:05:07', '2020-01-16 11:05:09', 0, 0, 0, 253340, 1, '2020-01-16 11:05:07'),
	(356, 1, 80, 15, 'a199ed2ee676365e368c77ddcfde4f15477b065fc131041c', NULL, '2020-01-16 12:59:33', '2020-01-16 12:59:33', '2020-01-16 12:59:37', 10, 0, 0, 381910, 1, '2020-01-16 12:59:33'),
	(357, 1, 81, 15, '7852791975d99e5fcd677dd8dcbe6c550c9361edc81c4c5a', NULL, '2020-01-16 12:59:45', '2020-01-16 12:59:45', '2020-01-16 12:59:48', 0, 0, 0, 381910, 1, '2020-01-16 12:59:45'),
	(358, 1, 83, 15, '222f83132a28bc684b97a7774ce75c2b5c2058387dcd4896', NULL, '2020-01-16 13:03:29', '2020-01-16 13:03:29', '2020-01-16 13:03:33', 0, 0, 0, 323130, 1, '2020-01-16 13:03:29'),
	(359, 1, 82, 15, '64838212f988546464084df85fa8bff8725c5f2f4839bb1e', NULL, '2020-01-16 13:03:45', '2020-01-16 13:03:45', '2020-01-17 14:33:13', 750, 0, 0, 323130, 1, '2020-01-16 13:03:45'),
	(360, 1, 84, 15, 'b23883a2121156f13631be108f4f5d2f92b66ff520177f3c', NULL, '2020-01-16 13:03:58', '2020-01-16 13:03:58', '2020-01-16 13:04:02', 910, 0, 0, 328940, 1, '2020-01-16 13:03:58'),
	(361, 1, 87, 15, '2e48c404ebb3711a08600581cece140e9b3de4137fd4e8f3', NULL, '2020-01-16 13:04:15', '2020-01-16 13:04:15', '2020-01-16 13:04:19', 1200, 0, 0, 260600, 1, '2020-01-16 13:04:15'),
	(362, 1, 78, 15, '728f0008f858d39bdd6aa9025fa0aef94dd5ef2373a7109c', NULL, '2020-01-16 13:09:06', '2020-01-16 13:09:06', '2020-01-16 13:09:09', 1700, 0, 0, 253340, 1, '2020-01-16 13:09:06'),
	(363, 1, 81, 15, 'cf08d55341567cc36300d24cd5a53d5be5c4f593c6bcb82f', NULL, '2020-01-16 13:09:17', '2020-01-16 13:09:17', '2020-01-16 13:09:21', 490, 0, 0, 381910, 1, '2020-01-16 13:09:17'),
	(364, 1, 78, 15, '5eefbd288a58e631de0e36340e9e4758377b8ede24678b1c', NULL, '2020-01-16 13:44:46', '2020-01-16 13:44:46', '2020-01-16 13:44:48', 0, 0, 0, 253340, 1, '2020-01-16 13:44:46'),
	(365, 1, 80, 15, '843979dabc7d3dead4544b2e4467b2dcf2e7730ad4701cfe', NULL, '2020-01-16 13:45:08', '2020-01-16 13:45:08', '2020-01-16 13:45:17', 0, 0, 0, 381910, 1, '2020-01-16 13:45:08'),
	(366, 1, 83, 15, '965cf56f3d93ba17c723fe2c15061499aa75f519082a390f', NULL, '2020-01-16 14:29:38', '2020-01-16 14:29:38', '2020-01-16 14:29:42', 1010, 0, 0, 323130, 1, '2020-01-16 14:29:38'),
	(367, 1, 82, 15, '36aff070f10652fa62677eb06f2f686a099baf439cbadf59', NULL, '2020-01-16 14:32:57', '2020-01-16 14:32:57', '2020-01-17 14:33:13', 360, 0, 0, 323130, 1, '2020-01-16 14:32:57'),
	(368, 1, 115, 16, 'd8b7458014affaa0b96555940f3f1288e80c08b841869ada', NULL, '2020-01-16 18:05:32', '2020-01-16 18:05:32', '2020-01-17 01:22:31', 323130, 1, 100, 323130, 1, '2020-01-16 18:05:32'),
	(369, 1, 114, 16, 'd1b3cbfe11bcca35ddb7194959745801e712a3410617aef0', NULL, '2020-01-17 01:23:04', '2020-01-17 01:23:04', '2020-01-17 01:27:36', 153540, 1, 100, 253340, 1, '2020-01-17 01:23:04'),
	(370, 1, 80, 15, '2985004c9d0be1c9200847bb546201a0cdaa0db0a318f188', NULL, '2020-01-17 06:25:12', '2020-01-17 06:25:12', NULL, 346180, 0, 0, 381910, 9, '2020-01-17 06:25:12'),
	(371, 1, 81, 15, 'f10583007a05444bd8c65d5edd845309ed56672539957151', NULL, '2020-01-17 07:08:58', '2020-01-17 07:08:58', '2020-01-17 07:09:01', 10, 0, 0, 381910, 1, '2020-01-17 07:08:58'),
	(372, 1, 80, 15, 'db6bfb527e87c70662786378d60b0477af1f7d8ba9821182', NULL, '2020-01-17 07:14:49', '2020-01-17 07:14:49', '2020-01-17 07:14:53', 10, 0, 0, 381910, 1, '2020-01-17 07:14:49'),
	(373, 1, 80, 15, 'b2d1443d54ed5be9bbe7b6b0dacbd080724dad841f7b228a', NULL, '2020-01-17 07:15:59', '2020-01-17 07:15:59', '2020-01-17 07:16:03', 2200, 0, 0, 381910, 1, '2020-01-17 07:15:59'),
	(374, 1, 80, 15, 'f2ea8f1f13880e4b81702e10e7df3c8128443f9716148205', NULL, '2020-01-17 11:52:25', '2020-01-17 11:52:25', '2020-01-17 11:53:10', 0, 0, 0, 381910, 1, '2020-01-17 11:52:25'),
	(375, 1, 93, 15, 'd6c5ac6241c9b53e4ac12755aefca81425c91c060a494e73', NULL, '2020-01-17 11:53:58', '2020-01-17 11:53:58', NULL, 2340, 0, 0, 273860, 9, '2020-01-17 11:53:58'),
	(376, 1, 82, 15, '869d4c3a6c1ab830931c9ebe60f3965e785a139424bc2005', NULL, '2020-01-17 11:55:58', '2020-01-17 11:55:58', '2020-01-17 14:33:14', 10, 0, 0, 323130, 1, '2020-01-17 11:55:58'),
	(377, 1, 78, 15, '3a0ae7cedb8af8444b2d0733db5fede06871ef9ec84ae8c0', NULL, '2020-01-17 12:34:28', '2020-01-17 12:34:28', '2020-01-17 12:34:33', 0, 0, 0, 253340, 1, '2020-01-17 12:34:28'),
	(378, 1, 81, 15, 'd54a5a76ee45fe3356560c96bb87e254020697951b494e51', NULL, '2020-01-17 12:34:43', '2020-01-17 12:34:43', '2020-01-17 12:34:47', 0, 0, 0, 381910, 1, '2020-01-17 12:34:43'),
	(379, 1, 79, 15, 'ff0d4a88c66fad0bc757600281caa1df3c271044b25bef49', NULL, '2020-01-17 12:35:39', '2020-01-17 12:35:39', '2020-01-17 12:35:40', 0, 0, 10, 253340, 1, '2020-01-17 12:35:39'),
	(380, 1, 80, 15, '9e5e7e8443665876a847ad03437e2b51f2429e104a7fc1e0', NULL, '2020-01-17 12:35:49', '2020-01-17 12:35:49', '2020-01-17 12:35:55', 0, 0, 0, 381910, 1, '2020-01-17 12:35:49'),
	(381, 1, 80, 15, '7b8d956918f0f3eb9ea9921bf039519809e479996c7453fe', NULL, '2020-01-17 14:28:28', '2020-01-17 14:28:28', '2020-01-17 14:28:32', 0, 0, 0, 381910, 1, '2020-01-17 14:28:28'),
	(382, 1, 83, 15, 'b06a05d832360656e3c9e363d4f9d805403798e8258f94c1', NULL, '2020-01-17 14:28:50', '2020-01-17 14:28:50', '2020-01-17 14:28:53', 0, 0, 0, 323130, 1, '2020-01-17 14:28:50'),
	(383, 1, 78, 15, 'c0a3744be887bab0aadd55ac8ff35644aa4108ed29842f27', NULL, '2020-01-17 14:32:11', '2020-01-17 14:32:11', '2020-01-17 14:32:14', 0, 0, 0, 253340, 1, '2020-01-17 14:32:11'),
	(384, 1, 80, 15, '2f91889efaddc053d3e23ba8035e9fd90a080546262cd9d7', NULL, '2020-01-17 14:33:01', '2020-01-17 14:33:01', '2020-01-17 14:33:05', 0, 0, 0, 381910, 1, '2020-01-17 14:33:01'),
	(385, 1, 82, 15, '2b562d1db3334110577a257ae6e999afc2aafe834f68b57d', NULL, '2020-01-17 14:33:17', '2020-01-17 14:33:17', '2020-01-17 14:33:21', 0, 0, 0, 323130, 1, '2020-01-17 14:33:17'),
	(386, 1, 114, 16, '17d7d78d6c2b903bea43666ddb30a5e1fe622ea0c0b6d1ee', NULL, '2020-01-17 15:45:11', '2020-01-17 15:45:11', NULL, 63060, 0, 0, 253340, 9, '2020-01-17 15:45:11'),
	(387, 1, 115, 16, '2e404187ea2a444f369c4799746cbb211b1eaa3a5510d3cc', NULL, '2020-01-17 15:45:37', '2020-01-17 15:45:37', NULL, 66660, 0, 0, 323130, 9, '2020-01-17 15:45:37'),
	(388, 1, 115, 16, '7ccdd920019496848fbf6a0ccc068f0c8f66eecd3306e805', NULL, '2020-01-20 07:16:07', '2020-01-20 07:16:07', NULL, 27310, 0, 0, 323130, 9, '2020-01-20 07:16:07'),
	(389, 1, 114, 16, 'dc55dd3cd05c9b6c4d465fc5356beb338e3a44ecc14a7cd2', NULL, '2020-01-20 07:27:45', '2020-01-20 07:27:45', NULL, 253330, 0, 0, 253340, 9, '2020-01-20 07:27:45'),
	(390, 1, 114, 16, 'd7f199a6343a9233ac6aa7aa06c2086ef9f069b71e282eb5', NULL, '2020-01-20 07:37:27', '2020-01-20 07:37:27', NULL, 240100, 0, 0, 253340, 9, '2020-01-20 07:37:27'),
	(391, 1, 115, 16, '61cdbbecf892422946c910cc96a4236ff99b9b1b55c17fd2', NULL, '2020-01-20 07:41:37', '2020-01-20 07:41:37', NULL, 323120, 0, 0, 323130, 9, '2020-01-20 07:41:37'),
	(392, 1, 78, 18, '2c1f8f45c0165d536d865de968e57be6c756659eda841867', NULL, '2020-01-20 08:26:18', '2020-01-20 08:26:18', '2020-01-20 08:47:19', 2130, 0, 0, 253340, 9, '2020-01-20 08:26:18'),
	(393, 1, 115, 16, '28a0a6ba86344ee341c93e14cff047e15a2d9c8251159faa', NULL, '2020-01-20 08:28:43', '2020-01-20 08:28:43', NULL, 19090, 0, 0, 323130, 9, '2020-01-20 08:28:43'),
	(394, 1, 115, 16, '546065ece8eaa79c74f4e9b9ee6b947a359775143dc3240b', NULL, '2020-01-20 10:22:48', '2020-01-20 10:22:48', '2020-01-20 10:28:36', 323130, 1, 100, 323130, 1, '2020-01-20 10:22:48'),
	(395, 1, 114, 16, 'bcdd382eecbd6e518959e80f0a9a546f7cd0b6a38e99f473', NULL, '2020-01-20 10:28:47', '2020-01-20 10:28:47', '2020-01-20 10:33:14', 253340, 1, 100, 253340, 1, '2020-01-20 10:28:47'),
	(396, 1, 115, 16, '7c3035a59d7455f1556cc29ce2fe3c51b1433ce7d8c292f4', NULL, '2020-01-30 20:35:01', '2020-01-30 20:35:01', NULL, 152220, 0, 0, 323130, 9, '2020-01-30 20:35:01'),
	(397, 1, 114, 16, '192f5942d62d2d27bf3d2efbdf5dd99bbb2079a3c8fbc52d', NULL, '2020-01-30 20:37:43', '2020-01-30 20:37:43', NULL, 49440, 0, 0, 253340, 9, '2020-01-30 20:37:43'),
	(398, 1, 114, 16, '0226bbfb3e00b8523ad4b1bcc2aaa52c78547a946c043ba8', NULL, '2020-01-30 21:21:14', '2020-01-30 21:21:14', NULL, 25890, 0, 0, 253340, 9, '2020-01-30 21:21:14'),
	(399, 1, 206, 16, 'ac860a44ef02bf47d0970c4d0ed705c80f0e423e910220d8', NULL, '2020-02-03 06:55:25', '2020-02-03 06:55:25', NULL, 366740, 0, 0, 468650, 9, '2020-02-03 06:55:25'),
	(400, 1, 209, 16, 'ea1617987399f20274171be909c810ccae97904b35a4827d', NULL, '2020-02-03 06:58:29', '2020-02-03 06:58:29', '2020-02-03 06:59:40', 291810, 1, 60, 480370, 1, '2020-02-03 06:58:29'),
	(401, 1, 207, 16, '856dc2f07344064c179e47dd572e44ddac21175c5e60b0f6', NULL, '2020-02-03 07:00:01', '2020-02-03 07:00:01', NULL, 62510, 0, 0, 374010, 9, '2020-02-03 07:00:01'),
	(402, 1, 206, 16, '87fdb1bf1462326f86118567712edc186ff0de9b0a5b78fe', NULL, '2020-02-03 07:51:04', '2020-02-03 07:51:04', NULL, 18420, 0, 0, 468650, 9, '2020-02-03 07:51:04'),
	(403, 1, 209, 16, '76fa1bb231b6587d2847d8565f029e1292d68cf2539cccc2', NULL, '2020-02-03 07:51:53', '2020-02-03 07:51:53', NULL, 87870, 0, 0, 480370, 9, '2020-02-03 07:51:53'),
	(404, 1, 207, 16, 'd9f589379ab7fd2428b2060c2c7afcb282f0f91982be9d3e', NULL, '2020-02-03 20:04:30', '2020-02-03 20:04:30', NULL, 374000, 0, 0, 374010, 9, '2020-02-03 20:04:30'),
	(405, 1, 209, 16, '281f6ba58e1f7583fe1b95e5b1068b5698cccb876d1d66f4', NULL, '2020-02-04 01:33:06', '2020-02-04 01:33:06', '2020-02-04 01:34:01', 36300, 1, 60, 480370, 1, '2020-02-04 01:33:06'),
	(406, 1, 206, 16, '415dac79a9885f1aeff612a92bb850e0eb166c1a180c36cc', NULL, '2020-02-04 10:25:56', '2020-02-04 10:25:56', NULL, 0, 0, 0, 468650, 9, '2020-02-04 10:25:56'),
	(407, 1, 206, 16, '96808829918c8b55ddeecd00bac6eae6fac3ac60f7eeb6a4', NULL, '2020-02-04 10:26:10', '2020-02-04 10:26:10', '2020-02-04 10:27:04', 391870, 1, 70, 468650, 1, '2020-02-04 10:26:10'),
	(408, 1, 209, 16, '39ea33dab909b1e4e10ec6ccd3c05e3151d83b2a7f507871', NULL, '2020-02-04 10:27:13', '2020-02-04 10:27:13', '2020-02-04 10:27:27', 248640, 1, 60, 480370, 1, '2020-02-04 10:27:13'),
	(409, 1, 207, 16, '84bf9e3ab66adc5e3f2b60bc4c78e14544f554bc4c38a9b9', NULL, '2020-02-04 10:27:15', '2020-02-04 10:27:15', '2020-02-04 10:34:37', 48650, 1, 100, 374010, 1, '2020-02-04 10:27:15'),
	(410, 1, 207, 16, '2485fad5435561747fbf1ca8c5e0ffea1f80aea577549fe8', NULL, '2020-02-04 10:27:35', '2020-02-04 10:27:35', '2020-02-04 10:28:03', 286660, 1, 100, 374010, 1, '2020-02-04 10:27:35'),
	(411, 1, 208, 16, 'f8db5cea1abc2155333ce6e06547c1b6851c1798f7acd8e0', NULL, '2020-02-04 10:30:32', '2020-02-04 10:30:32', '2020-02-04 10:54:42', 669350, 1, 100, 669350, 1, '2020-02-04 10:30:32'),
	(412, 1, 84, 18, 'ae7c48b639a9df7188713e21570a85e32636493f6428888f', NULL, '2020-02-04 11:25:35', '2020-02-04 11:25:35', NULL, 0, 0, 0, 0, 9, '2020-02-04 11:25:35'),
	(413, 1, 86, 18, '1188a174def7466ff3a6f084af64fb635f49cd23bcf6df63', NULL, '2020-02-04 11:25:45', '2020-02-04 11:25:45', NULL, 0, 0, 0, 0, 9, '2020-02-04 11:25:45'),
	(414, 1, 133, 18, 'a7732cfe25121c1e91dad41ef220bb75cb095e7a60906ed8', NULL, '2020-02-04 11:25:52', '2020-02-04 11:25:52', NULL, 60, 0, 0, 458680, 9, '2020-02-04 11:25:52'),
	(415, 1, 206, 16, '6d37a2919ffa46687cb6d12a7c51dada36bcb2d28269eff0', NULL, '2020-02-04 12:47:35', '2020-02-04 12:47:35', NULL, 415090, 0, 0, 468650, 9, '2020-02-04 12:47:35'),
	(416, 1, 206, 16, '2423a25f402a1277ffff947f93bbeaebd31c1b9b8647ef48', NULL, '2020-02-04 12:54:52', '2020-02-04 12:54:52', NULL, 468640, 0, 0, 468650, 9, '2020-02-04 12:54:52'),
	(417, 1, 209, 16, '2a485010a311ac56b454b04c5797dec2c05424fafbdf744d', NULL, '2020-02-04 12:56:35', '2020-02-04 12:56:35', NULL, 480360, 0, 0, 480370, 9, '2020-02-04 12:56:35'),
	(418, 1, 207, 16, '1c3c6c586921b5fd98f3d26075e2786305076139c65243fa', NULL, '2020-02-04 12:59:56', '2020-02-04 12:59:56', '2020-02-04 13:01:48', 195840, 1, 100, 374010, 1, '2020-02-04 12:59:56'),
	(419, 1, 208, 16, '36692d564246ae4b76c78fb4f862bee3d7d17f8350b77bc4', NULL, '2020-02-04 13:01:58', '2020-02-04 13:01:58', NULL, 663250, 0, 0, 669350, 9, '2020-02-04 13:01:58'),
	(420, 1, 207, 16, '329ebfce7dd2b8dab9975094747756b728f1e95dc4baf7e8', NULL, '2020-02-04 13:09:39', '2020-02-04 13:09:39', NULL, 374000, 0, 0, 374010, 9, '2020-02-04 13:09:39'),
	(421, 1, 115, 16, '59eb0995ff552f90e9a3674485353c36604d37e4787c15f4', NULL, '2020-02-04 13:10:32', '2020-02-04 13:10:32', NULL, 323120, 0, 0, 323130, 9, '2020-02-04 13:10:32'),
	(422, 1, 90, 18, '1168514f76d5b5fc0be0d5bf54f9530f7572099edd09045a', NULL, '2020-02-05 09:43:12', '2020-02-05 09:43:12', NULL, 0, 0, 0, 311180, 9, '2020-02-05 09:43:12'),
	(423, 1, 146, 18, '41735a277ce55b11abf4a6a881b69ea881aae708779bd4a9', NULL, '2020-02-05 09:43:28', '2020-02-05 09:43:28', '2020-02-05 09:43:32', 10, 0, 0, 238910, 1, '2020-02-05 09:43:28'),
	(424, 1, 146, 18, '7f550fc75d42956460253e3ff2352b29f2367504e835a921', NULL, '2020-02-05 09:43:41', '2020-02-05 09:43:41', '2020-02-05 09:43:46', 500, 0, 0, 238910, 1, '2020-02-05 09:43:41'),
	(425, 1, 148, 18, 'b277fd1d0acad786023a007f778c2fc3c2c930277425e245', NULL, '2020-02-05 09:43:57', '2020-02-05 09:43:57', '2020-02-05 09:44:01', 0, 0, 0, 187150, 1, '2020-02-05 09:43:57'),
	(426, 1, 152, 18, 'f5017736fda6e13b1b00a5bed494346cc1f2c6aad71085b6', NULL, '2020-02-05 09:44:11', '2020-02-05 09:44:11', '2020-02-05 09:44:14', 10, 0, 0, 140140, 1, '2020-02-05 09:44:11'),
	(427, 1, 210, 16, '44afcadb1bc27548026dde65023339b25c127bab906c1c7c', NULL, '2020-02-05 13:22:35', '2020-02-05 13:22:35', NULL, 2650, 0, 0, 7740, 9, '2020-02-05 13:22:35'),
	(428, 1, 90, 18, '3f9b3143ea6f763e0fd1982621155969633c3901d20ffde5', NULL, '2020-02-05 13:33:30', '2020-02-05 13:33:30', '2020-02-05 13:33:40', 0, 0, 0, 311180, 1, '2020-02-05 13:33:30'),
	(429, 1, 80, 18, '238a03133ee6d658d2367524d8088904777bf8f6ece74856', NULL, '2020-02-05 14:04:33', '2020-02-05 14:04:33', '2020-02-05 14:04:37', 10, 0, 0, 381910, 0, '2020-02-05 14:04:33');
/*!40000 ALTER TABLE `log_contents_history_student` ENABLE KEYS */;

-- Dumping structure for table kaizen.log_contents_history_student_event
CREATE TABLE IF NOT EXISTS `log_contents_history_student_event` (
  `event_id` bigint(20) unsigned NOT NULL AUTO_INCREMENT,
  `contents_category_id` tinyint(3) unsigned NOT NULL DEFAULT '1',
  `history_id` bigint(20) unsigned NOT NULL,
  `progress_time` bigint(20) unsigned NOT NULL,
  `position` bigint(20) unsigned NOT NULL,
  `event_action_id` tinyint(3) unsigned NOT NULL,
  `speed_id` tinyint(3) unsigned NOT NULL,
  `volume_id` tinyint(3) unsigned NOT NULL,
  PRIMARY KEY (`event_id`),
  KEY `history_id` (`history_id`),
  KEY `event_action_id` (`event_action_id`),
  KEY `speed_id` (`speed_id`),
  KEY `volume_id` (`volume_id`),
  KEY `FK_log_contents_history_student_event_mst_contents_category` (`contents_category_id`),
  CONSTRAINT `FK_log_contents_history_student_event_mst_contents_category` FOREIGN KEY (`contents_category_id`) REFERENCES `mst_contents_category` (`contents_category_id`),
  CONSTRAINT `log_contents_history_student_event_ibfk_2` FOREIGN KEY (`event_action_id`) REFERENCES `mst_event_action` (`event_action_id`),
  CONSTRAINT `log_contents_history_student_event_ibfk_3` FOREIGN KEY (`speed_id`) REFERENCES `mst_speed` (`speed_id`),
  CONSTRAINT `log_contents_history_student_event_ibfk_4` FOREIGN KEY (`volume_id`) REFERENCES `mst_volume` (`volume_id`),
  CONSTRAINT `log_contents_history_student_event_ibfk_5` FOREIGN KEY (`history_id`) REFERENCES `log_contents_history_student` (`history_id`)
) ENGINE=InnoDB AUTO_INCREMENT=2015 DEFAULT CHARSET=utf8 COLLATE=utf8_bin;

-- Dumping data for table kaizen.log_contents_history_student_event: ~537 rows (approximately)
DELETE FROM `log_contents_history_student_event`;
/*!40000 ALTER TABLE `log_contents_history_student_event` DISABLE KEYS */;
INSERT INTO `log_contents_history_student_event` (`event_id`, `contents_category_id`, `history_id`, `progress_time`, `position`, `event_action_id`, `speed_id`, `volume_id`) VALUES
	(1465, 1, 323, 28, 0, 0, 0, 100),
	(1466, 1, 323, 1154, 0, 2, 10, 100),
	(1467, 1, 323, 1163, 0, 2, 0, 100),
	(1468, 1, 323, 1242, 0, 2, 10, 100),
	(1469, 1, 323, 1895, 660, 255, 0, 100),
	(1470, 1, 324, 40, 0, 0, 0, 100),
	(1471, 1, 324, 692, 0, 2, 10, 100),
	(1472, 1, 324, 704, 10, 2, 0, 100),
	(1473, 1, 324, 752, 10, 2, 10, 100),
	(1474, 1, 324, 10062, 9320, 255, 0, 100),
	(1475, 1, 325, 33, 0, 0, 0, 100),
	(1476, 1, 325, 650, 0, 2, 10, 100),
	(1477, 1, 325, 663, 10, 2, 0, 100),
	(1478, 1, 325, 730, 10, 2, 10, 100),
	(1479, 1, 325, 3133, 2410, 255, 0, 100),
	(1480, 1, 326, 26, 0, 0, 0, 100),
	(1481, 1, 326, 26, 0, 255, 0, 100),
	(1482, 1, 327, 22, 0, 0, 0, 100),
	(1483, 1, 327, 870, 0, 2, 10, 100),
	(1484, 1, 327, 883, 10, 2, 0, 100),
	(1485, 1, 327, 1432, 10, 2, 10, 100),
	(1486, 1, 327, 2750, 1330, 255, 0, 100),
	(1487, 1, 327, 22, 0, 0, 0, 100),
	(1488, 1, 327, 870, 0, 2, 10, 100),
	(1489, 1, 327, 883, 10, 2, 0, 100),
	(1490, 1, 327, 1432, 10, 2, 10, 100),
	(1491, 1, 327, 2750, 1330, 255, 0, 100),
	(1492, 1, 328, 23, 0, 0, 0, 100),
	(1493, 1, 328, 775, 0, 2, 10, 100),
	(1494, 1, 328, 792, 10, 255, 0, 100),
	(1495, 1, 329, 37, 0, 0, 0, 100),
	(1496, 1, 329, 662, 0, 255, 10, 100),
	(1497, 1, 330, 18, 0, 0, 0, 100),
	(1498, 1, 330, 18, 0, 255, 0, 100),
	(1499, 1, 331, 17, 0, 0, 0, 100),
	(1500, 1, 331, 1133, 0, 2, 10, 100),
	(1501, 1, 331, 1145, 10, 2, 0, 100),
	(1502, 1, 331, 1234, 10, 2, 10, 100),
	(1503, 1, 331, 3833, 2610, 255, 0, 100),
	(1504, 1, 332, 14, 0, 0, 0, 100),
	(1505, 1, 332, 873, 0, 2, 10, 100),
	(1506, 1, 332, 884, 10, 2, 0, 100),
	(1507, 1, 332, 923, 10, 2, 10, 100),
	(1508, 1, 332, 7653, 6740, 255, 0, 100),
	(1509, 1, 333, 16, 0, 0, 0, 100),
	(1510, 1, 333, 1125, 0, 2, 10, 100),
	(1511, 1, 333, 1136, 10, 2, 0, 100),
	(1512, 1, 333, 1174, 10, 2, 10, 100),
	(1513, 1, 333, 9543, 8380, 255, 0, 100),
	(1514, 1, 334, 18, 0, 0, 0, 100),
	(1515, 1, 334, 18, 0, 255, 0, 100),
	(1516, 1, 335, 13, 0, 0, 0, 100),
	(1517, 1, 335, 1056, 0, 2, 10, 100),
	(1518, 1, 335, 1066, 10, 2, 0, 100),
	(1519, 1, 335, 1113, 10, 2, 10, 100),
	(1520, 1, 335, 2332, 1220, 255, 0, 100),
	(1521, 1, 336, 13, 0, 0, 0, 100),
	(1522, 1, 336, 570, 0, 2, 10, 100),
	(1523, 1, 336, 579, 0, 2, 0, 100),
	(1524, 1, 336, 619, 0, 2, 10, 100),
	(1525, 1, 336, 14886, 14270, 255, 0, 100),
	(1526, 1, 337, 15, 0, 0, 0, 100),
	(1527, 1, 337, 603, 0, 2, 10, 100),
	(1528, 1, 337, 614, 10, 2, 0, 100),
	(1529, 1, 337, 664, 10, 2, 10, 100),
	(1530, 1, 337, 2325, 1670, 255, 0, 100),
	(1531, 1, 338, 10, 0, 0, 0, 100),
	(1532, 1, 338, 598, 0, 2, 10, 100),
	(1533, 1, 338, 605, 0, 2, 0, 100),
	(1534, 1, 338, 655, 0, 2, 10, 100),
	(1535, 1, 338, 2985, 2330, 255, 0, 100),
	(1536, 1, 341, 20, 0, 0, 0, 100),
	(1537, 1, 341, 20, 0, 255, 0, 100),
	(1538, 1, 342, 16, 0, 0, 0, 100),
	(1539, 1, 342, 615, 0, 2, 10, 100),
	(1540, 1, 342, 621, 0, 255, 0, 100),
	(1541, 1, 343, 29, 0, 0, 0, 100),
	(1542, 1, 343, 1154, 0, 2, 10, 100),
	(1543, 1, 343, 1165, 10, 2, 0, 100),
	(1544, 1, 343, 1202, 10, 255, 10, 100),
	(1545, 1, 344, 16, 0, 0, 0, 100),
	(1546, 1, 344, 603, 0, 255, 10, 100),
	(1547, 1, 345, 12, 0, 0, 0, 100),
	(1548, 1, 345, 12, 0, 255, 0, 100),
	(1549, 1, 346, 14, 0, 0, 0, 100),
	(1550, 1, 346, 597, 0, 255, 10, 100),
	(1551, 1, 347, 8, 0, 0, 0, 100),
	(1552, 1, 347, 8, 0, 255, 0, 100),
	(1553, 1, 347, 8, 0, 0, 0, 100),
	(1554, 1, 347, 597, 0, 2, 10, 100),
	(1555, 1, 347, 603, 0, 255, 0, 100),
	(1556, 1, 348, 54, 0, 0, 0, 100),
	(1557, 1, 348, 750, 0, 2, 10, 100),
	(1558, 1, 348, 757, 0, 2, 0, 100),
	(1559, 1, 348, 822, 0, 2, 10, 100),
	(1560, 1, 348, 6133, 5310, 255, 0, 100),
	(1561, 1, 349, 65, 0, 0, 0, 100),
	(1562, 1, 349, 817, 0, 2, 10, 100),
	(1563, 1, 349, 827, 10, 2, 0, 100),
	(1564, 1, 349, 857, 10, 2, 10, 100),
	(1565, 1, 349, 2749, 1900, 255, 0, 100),
	(1566, 1, 350, 76, 0, 0, 0, 100),
	(1567, 1, 350, 3642, 0, 2, 10, 100),
	(1568, 1, 350, 3652, 10, 2, 0, 100),
	(1569, 1, 350, 3926, 10, 2, 10, 100),
	(1570, 1, 350, 4564, 640, 255, 0, 100),
	(1571, 1, 351, 93, 0, 0, 0, 100),
	(1572, 1, 351, 1265, 0, 2, 10, 100),
	(1573, 1, 351, 1276, 10, 2, 0, 100),
	(1574, 1, 351, 1385, 10, 2, 10, 100),
	(1575, 1, 351, 2669, 1290, 255, 0, 100),
	(1576, 1, 352, 43, 0, 0, 0, 100),
	(1577, 1, 352, 2844, 0, 2, 10, 100),
	(1578, 1, 352, 2853, 0, 2, 0, 100),
	(1579, 1, 352, 12165, 0, 255, 0, 100),
	(1580, 1, 353, 30, 0, 0, 0, 100),
	(1581, 1, 353, 30, 0, 255, 0, 100),
	(1582, 1, 354, 36, 0, 0, 0, 100),
	(1583, 1, 354, 36, 0, 255, 0, 100),
	(1584, 1, 355, 55, 0, 0, 0, 100),
	(1585, 1, 355, 55, 0, 255, 0, 100),
	(1586, 1, 356, 30, 0, 0, 0, 100),
	(1587, 1, 356, 1102, 0, 2, 10, 100),
	(1588, 1, 356, 1114, 10, 2, 0, 100),
	(1589, 1, 356, 1162, 10, 255, 10, 100),
	(1590, 1, 357, 30, 0, 0, 0, 100),
	(1591, 1, 357, 30, 0, 255, 0, 100),
	(1592, 1, 358, 18, 0, 0, 0, 100),
	(1593, 1, 358, 18, 0, 255, 0, 100),
	(1599, 1, 360, 17, 0, 0, 0, 100),
	(1600, 1, 360, 853, 0, 2, 10, 100),
	(1601, 1, 360, 864, 10, 2, 0, 100),
	(1602, 1, 360, 916, 10, 2, 10, 100),
	(1603, 1, 360, 1818, 910, 255, 0, 100),
	(1604, 1, 361, 17, 0, 0, 0, 100),
	(1605, 1, 361, 861, 0, 2, 10, 100),
	(1606, 1, 361, 871, 10, 2, 0, 100),
	(1607, 1, 361, 923, 10, 2, 10, 100),
	(1608, 1, 361, 2121, 1200, 255, 0, 100),
	(1609, 1, 362, 17, 0, 0, 0, 100),
	(1610, 1, 362, 1100, 0, 2, 10, 100),
	(1611, 1, 362, 1111, 10, 2, 0, 100),
	(1612, 1, 362, 1181, 10, 2, 10, 100),
	(1613, 1, 362, 2873, 1700, 255, 0, 100),
	(1614, 1, 363, 23, 0, 0, 0, 100),
	(1615, 1, 363, 830, 0, 2, 10, 100),
	(1616, 1, 363, 836, 0, 2, 0, 100),
	(1617, 1, 363, 889, 0, 2, 10, 100),
	(1618, 1, 363, 1379, 490, 255, 0, 100),
	(1619, 1, 364, 20, 0, 0, 0, 100),
	(1620, 1, 364, 20, 0, 255, 0, 100),
	(1621, 1, 365, 34, 0, 0, 0, 100),
	(1622, 1, 365, 34, 0, 255, 0, 100),
	(1623, 1, 366, 20, 0, 0, 0, 100),
	(1624, 1, 366, 382, 0, 2, 10, 100),
	(1625, 1, 366, 395, 10, 2, 0, 100),
	(1626, 1, 366, 461, 10, 2, 10, 100),
	(1627, 1, 366, 1465, 1010, 255, 0, 100),
	(1633, 1, 368, 15, 0, 0, 0, 100),
	(1634, 1, 368, 2078, 0, 2, 10, 100),
	(1635, 1, 368, 2089, 10, 2, 0, 100),
	(1636, 1, 368, 2147, 10, 2, 10, 100),
	(1637, 1, 368, 27776, 25640, 2, 0, 100),
	(1638, 1, 368, 28207, 25640, 2, 10, 100),
	(1639, 1, 368, 83147, 80580, 2, 0, 100),
	(1640, 1, 368, 83588, 80580, 2, 10, 100),
	(1641, 1, 368, 97046, 94030, 2, 0, 100),
	(1642, 1, 368, 98015, 0, 1, 0, 100),
	(1643, 1, 368, 98015, 0, 2, 10, 100),
	(1644, 1, 368, 98021, 0, 2, 0, 100),
	(1645, 1, 368, 98068, 0, 2, 10, 100),
	(1646, 1, 368, 99339, 1270, 2, 0, 100),
	(1647, 1, 368, 1825158, 0, 1, 0, 100),
	(1648, 1, 368, 1827127, 0, 2, 10, 100),
	(1649, 1, 368, 1827140, 10, 2, 0, 100),
	(1650, 1, 368, 1827176, 10, 2, 10, 100),
	(1651, 1, 368, 1848538, 21370, 2, 0, 100),
	(1652, 1, 368, 1848976, 0, 1, 0, 100),
	(1653, 1, 368, 1848976, 0, 2, 10, 100),
	(1654, 1, 368, 1848986, 10, 2, 0, 100),
	(1655, 1, 368, 1849017, 10, 2, 10, 100),
	(1656, 1, 368, 1849716, 700, 2, 0, 100),
	(1657, 1, 368, 24648380, 700, 2, 0, 100),
	(1658, 1, 368, 24648380, 700, 2, 10, 100),
	(1659, 1, 368, 24648519, 700, 2, 10, 100),
	(1660, 1, 368, 24673425, 25610, 2, 0, 100),
	(1661, 1, 368, 24673513, 25610, 2, 10, 100),
	(1662, 1, 368, 24725724, 77820, 2, 0, 100),
	(1663, 1, 368, 25923318, 77820, 2, 0, 100),
	(1664, 1, 368, 25923318, 77820, 2, 10, 100),
	(1665, 1, 368, 25923407, 77820, 2, 10, 100),
	(1666, 1, 368, 25926174, 80590, 2, 0, 100),
	(1667, 1, 368, 25926217, 80590, 2, 10, 100),
	(1668, 1, 368, 25989851, 144220, 2, 0, 100),
	(1669, 1, 368, 25991367, 144220, 2, 10, 100),
	(1670, 1, 368, 26040861, 193720, 2, 0, 100),
	(1671, 1, 368, 26040959, 193720, 2, 10, 100),
	(1672, 1, 368, 26065079, 217840, 2, 0, 100),
	(1673, 1, 368, 26065103, 217840, 2, 10, 100),
	(1674, 1, 368, 26069854, 222590, 2, 0, 100),
	(1675, 1, 368, 26111013, 222590, 2, 0, 100),
	(1676, 1, 368, 26111013, 222590, 2, 10, 100),
	(1677, 1, 368, 26111069, 222590, 2, 10, 100),
	(1678, 1, 368, 26123367, 234890, 2, 0, 100),
	(1679, 1, 368, 26123460, 234890, 2, 10, 100),
	(1680, 1, 368, 26142323, 253750, 2, 0, 100),
	(1681, 1, 368, 26142937, 253750, 2, 10, 100),
	(1682, 1, 368, 26215858, 323130, 255, 0, 100),
	(1683, 1, 369, 47, 0, 0, 0, 100),
	(1684, 1, 369, 5181, 0, 2, 0, 100),
	(1685, 1, 369, 5181, 0, 2, 10, 100),
	(1686, 1, 369, 6988, 0, 2, 10, 100),
	(1687, 1, 369, 50493, 43500, 2, 0, 100),
	(1688, 1, 369, 51052, 43500, 2, 10, 100),
	(1689, 1, 369, 102649, 95100, 2, 0, 100),
	(1690, 1, 369, 103159, 95100, 2, 10, 100),
	(1691, 1, 369, 128410, 120350, 2, 0, 100),
	(1692, 1, 369, 159398, 120350, 2, 0, 100),
	(1693, 1, 369, 159398, 120350, 2, 10, 100),
	(1694, 1, 369, 159460, 120350, 2, 10, 100),
	(1695, 1, 369, 165773, 126660, 2, 0, 100),
	(1696, 1, 369, 165931, 126660, 2, 17, 100),
	(1697, 1, 369, 165961, 126710, 2, 0, 100),
	(1698, 1, 369, 165961, 126710, 2, 17, 100),
	(1699, 1, 369, 166095, 126710, 2, 17, 100),
	(1700, 1, 369, 168720, 131170, 2, 0, 100),
	(1701, 1, 369, 168883, 131170, 2, 10, 100),
	(1702, 1, 369, 168898, 131190, 2, 10, 100),
	(1703, 1, 369, 168919, 131210, 2, 0, 100),
	(1704, 1, 369, 169063, 131210, 2, 10, 100),
	(1705, 1, 369, 191395, 153540, 255, 0, 100),
	(1706, 1, 371, 26, 0, 0, 0, 100),
	(1707, 1, 371, 1119, 0, 2, 10, 100),
	(1708, 1, 371, 1130, 10, 2, 0, 100),
	(1709, 1, 371, 1190, 10, 255, 10, 100),
	(1710, 1, 372, 29, 0, 0, 0, 100),
	(1711, 1, 372, 606, 0, 2, 10, 100),
	(1712, 1, 372, 616, 10, 2, 0, 100),
	(1713, 1, 372, 654, 10, 255, 10, 100),
	(1714, 1, 373, 27, 0, 0, 0, 100),
	(1715, 1, 373, 626, 0, 2, 10, 100),
	(1716, 1, 373, 637, 10, 2, 0, 100),
	(1717, 1, 373, 665, 10, 2, 10, 100),
	(1718, 1, 373, 2856, 2200, 255, 0, 100),
	(1719, 1, 374, 84, 0, 0, 0, 100),
	(1720, 1, 374, 84, 0, 255, 0, 100),
	(1724, 1, 377, 61, 0, 0, 0, 100),
	(1725, 1, 377, 3040, 0, 2, 10, 100),
	(1726, 1, 377, 3049, 0, 255, 0, 100),
	(1727, 1, 378, 75, 0, 0, 0, 100),
	(1728, 1, 378, 75, 0, 255, 0, 100),
	(1729, 1, 379, 65, 0, 0, 0, 100),
	(1730, 1, 379, 65, 0, 255, 0, 100),
	(1731, 1, 380, 77, 0, 0, 0, 100),
	(1732, 1, 380, 2407, 0, 2, 10, 100),
	(1733, 1, 380, 2415, 0, 2, 0, 100),
	(1734, 1, 380, 2507, 0, 255, 10, 100),
	(1735, 1, 381, 52, 0, 0, 0, 100),
	(1736, 1, 381, 52, 0, 255, 0, 100),
	(1737, 1, 382, 64, 0, 0, 0, 100),
	(1738, 1, 382, 64, 0, 255, 0, 100),
	(1739, 1, 383, 48, 0, 0, 0, 100),
	(1740, 1, 383, 48, 0, 255, 0, 100),
	(1741, 1, 384, 78, 0, 0, 0, 100),
	(1742, 1, 384, 78, 0, 255, 0, 100),
	(1743, 1, 384, 78, 0, 0, 0, 100),
	(1744, 1, 384, 78, 0, 255, 0, 100),
	(1745, 1, 359, 22, 0, 0, 0, 100),
	(1746, 1, 359, 415, 0, 2, 10, 100),
	(1747, 1, 359, 426, 10, 2, 0, 100),
	(1748, 1, 359, 479, 10, 2, 10, 100),
	(1749, 1, 359, 1226, 750, 255, 0, 100),
	(1750, 1, 367, 22, 0, 0, 0, 100),
	(1751, 1, 367, 614, 0, 2, 10, 100),
	(1752, 1, 367, 625, 10, 2, 0, 100),
	(1753, 1, 367, 654, 10, 2, 10, 100),
	(1754, 1, 367, 1006, 360, 255, 0, 100),
	(1755, 1, 376, 63, 0, 0, 0, 100),
	(1756, 1, 376, 1539, 0, 2, 10, 100),
	(1757, 1, 376, 1552, 10, 255, 0, 100),
	(1758, 1, 385, 45, 0, 0, 0, 100),
	(1759, 1, 385, 889, 0, 2, 10, 100),
	(1760, 1, 385, 896, 0, 255, 0, 100),
	(1761, 1, 392, 16, 0, 0, 0, 100),
	(1762, 1, 392, 1318, 0, 2, 10, 100),
	(1763, 1, 392, 1323, 0, 2, 0, 100),
	(1764, 1, 392, 1624, 0, 2, 10, 100),
	(1765, 1, 392, 10817, 9190, 2, 0, 100),
	(1766, 1, 392, 316096, 9190, 2, 10, 100),
	(1767, 1, 392, 316108, 9210, 2, 0, 100),
	(1768, 1, 392, 316208, 9210, 2, 10, 100),
	(1769, 1, 392, 317087, 43460, 1, 10, 100),
	(1770, 1, 392, 317103, 43470, 2, 0, 100),
	(1771, 1, 392, 317125, 43470, 2, 10, 100),
	(1772, 1, 392, 318006, 95130, 1, 10, 100),
	(1773, 1, 392, 318014, 95130, 2, 0, 100),
	(1774, 1, 392, 318045, 95130, 2, 10, 100),
	(1775, 1, 392, 319475, 43460, 1, 10, 100),
	(1776, 1, 392, 319475, 43460, 2, 0, 100),
	(1777, 1, 392, 320063, 0, 1, 0, 100),
	(1778, 1, 392, 321177, 0, 2, 10, 100),
	(1779, 1, 392, 321416, 43460, 1, 10, 100),
	(1780, 1, 392, 321416, 43460, 2, 0, 100),
	(1781, 1, 392, 321446, 43460, 2, 10, 100),
	(1782, 1, 392, 322116, 95130, 1, 10, 100),
	(1783, 1, 392, 322127, 95140, 2, 0, 100),
	(1784, 1, 392, 322434, 95140, 2, 10, 100),
	(1785, 1, 392, 325087, 0, 1, 10, 100),
	(1786, 1, 392, 325093, 0, 2, 0, 100),
	(1787, 1, 392, 325115, 0, 2, 10, 100),
	(1788, 1, 392, 330578, 5460, 2, 0, 100),
	(1789, 1, 392, 330673, 249520, 1, 0, 100),
	(1790, 1, 392, 330673, 249520, 2, 10, 100),
	(1791, 1, 392, 330684, 249530, 2, 0, 100),
	(1792, 1, 392, 331615, 253330, 1, 0, 100),
	(1793, 1, 392, 331645, 253330, 2, 10, 100),
	(1794, 1, 392, 331664, 0, 1, 10, 100),
	(1795, 1, 392, 331674, 10, 2, 0, 100),
	(1796, 1, 392, 331684, 10, 2, 10, 100),
	(1797, 1, 392, 333804, 2130, 255, 0, 100),
	(1798, 1, 394, 42, 0, 0, 0, 100),
	(1799, 1, 394, 1455, 0, 2, 0, 100),
	(1800, 1, 394, 1455, 0, 2, 10, 100),
	(1801, 1, 394, 1981, 0, 2, 10, 100),
	(1802, 1, 394, 27756, 25770, 2, 0, 100),
	(1803, 1, 394, 28575, 25770, 2, 10, 100),
	(1804, 1, 394, 83527, 80720, 2, 0, 100),
	(1805, 1, 394, 84289, 80720, 2, 10, 100),
	(1806, 1, 394, 147900, 144330, 2, 0, 100),
	(1807, 1, 394, 148849, 144330, 2, 10, 100),
	(1808, 1, 394, 198326, 193810, 2, 0, 100),
	(1809, 1, 394, 199221, 193810, 2, 10, 100),
	(1810, 1, 394, 223333, 217920, 2, 0, 100),
	(1811, 1, 394, 223333, 217920, 2, 10, 100),
	(1812, 1, 394, 240392, 234980, 2, 0, 100),
	(1813, 1, 394, 240458, 234980, 2, 10, 100),
	(1814, 1, 394, 259886, 254410, 2, 0, 100),
	(1815, 1, 394, 260762, 254410, 2, 10, 100),
	(1816, 1, 394, 345374, 323130, 255, 0, 100),
	(1817, 1, 395, 72, 0, 0, 0, 100),
	(1818, 1, 395, 2343, 0, 2, 0, 100),
	(1819, 1, 395, 2343, 0, 2, 10, 100),
	(1820, 1, 395, 2633, 0, 2, 10, 100),
	(1821, 1, 395, 46311, 43670, 2, 0, 100),
	(1822, 1, 395, 47082, 43670, 2, 10, 100),
	(1823, 1, 395, 98751, 95340, 2, 0, 100),
	(1824, 1, 395, 99542, 95340, 2, 10, 100),
	(1825, 1, 395, 173772, 169570, 2, 0, 100),
	(1826, 1, 395, 175243, 169570, 2, 10, 100),
	(1827, 1, 395, 266649, 253340, 255, 0, 100),
	(1828, 1, 400, 43, 0, 0, 0, 100),
	(1829, 1, 400, 2527, 0, 2, 10, 100),
	(1830, 1, 400, 2538, 10, 2, 0, 100),
	(1831, 1, 400, 2830, 10, 2, 10, 100),
	(1832, 1, 400, 3505, 680, 2, 0, 100),
	(1833, 1, 400, 4217, 107140, 1, 0, 100),
	(1834, 1, 400, 6648, 45260, 1, 0, 100),
	(1835, 1, 400, 8577, 177770, 1, 0, 100),
	(1836, 1, 400, 9931, 254240, 1, 0, 100),
	(1837, 1, 400, 11590, 282260, 1, 0, 100),
	(1838, 1, 400, 22407, 282260, 2, 10, 100),
	(1839, 1, 400, 22418, 282270, 2, 0, 100),
	(1840, 1, 400, 26797, 282270, 2, 10, 100),
	(1841, 1, 400, 36336, 291810, 2, 0, 100),
	(1842, 1, 400, 67572, 291810, 2, 0, 100),
	(1843, 1, 400, 67572, 291810, 2, 10, 100),
	(1844, 1, 400, 67609, 291810, 255, 10, 100),
	(1845, 1, 405, 62, 0, 0, 0, 100),
	(1846, 1, 405, 2161, 0, 2, 10, 100),
	(1847, 1, 405, 2171, 10, 2, 0, 100),
	(1848, 1, 405, 2612, 10, 2, 10, 100),
	(1849, 1, 405, 17160, 14550, 2, 0, 100),
	(1850, 1, 405, 17202, 14550, 2, 10, 100),
	(1851, 1, 405, 38947, 36300, 255, 0, 100),
	(1852, 1, 407, 22, 0, 0, 0, 100),
	(1853, 1, 407, 891, 0, 2, 10, 100),
	(1854, 1, 407, 901, 10, 2, 0, 100),
	(1855, 1, 407, 955, 10, 2, 10, 100),
	(1856, 1, 407, 4872, 12300, 1, 10, 100),
	(1857, 1, 407, 4884, 12310, 2, 0, 100),
	(1858, 1, 407, 4904, 12310, 2, 10, 100),
	(1859, 1, 407, 9654, 186670, 1, 10, 100),
	(1860, 1, 407, 9654, 186670, 2, 0, 100),
	(1861, 1, 407, 9682, 186670, 2, 10, 100),
	(1862, 1, 407, 12213, 235330, 1, 10, 100),
	(1863, 1, 407, 12221, 235330, 2, 0, 100),
	(1864, 1, 407, 12245, 235330, 2, 10, 100),
	(1865, 1, 407, 13235, 374300, 1, 10, 100),
	(1866, 1, 407, 13246, 374310, 2, 0, 100),
	(1867, 1, 407, 13264, 374310, 2, 10, 100),
	(1868, 1, 407, 14545, 468640, 1, 10, 100),
	(1869, 1, 407, 18415, 374300, 1, 10, 100),
	(1870, 1, 407, 18425, 374310, 2, 0, 100),
	(1871, 1, 407, 18445, 374310, 2, 10, 100),
	(1872, 1, 407, 24311, 0, 1, 10, 100),
	(1873, 1, 407, 24321, 10, 2, 0, 100),
	(1874, 1, 407, 24341, 10, 2, 10, 100),
	(1875, 1, 407, 26565, 12300, 1, 10, 100),
	(1876, 1, 407, 26575, 12310, 2, 0, 100),
	(1877, 1, 407, 26585, 12310, 2, 10, 100),
	(1878, 1, 407, 30724, 186670, 1, 10, 100),
	(1879, 1, 407, 30734, 186680, 2, 0, 100),
	(1880, 1, 407, 31005, 186680, 2, 10, 100),
	(1881, 1, 407, 32804, 235330, 1, 10, 100),
	(1882, 1, 407, 32814, 235340, 2, 0, 100),
	(1883, 1, 407, 32824, 235340, 2, 10, 100),
	(1884, 1, 407, 34512, 374300, 1, 10, 100),
	(1885, 1, 407, 34522, 374310, 2, 0, 100),
	(1886, 1, 407, 34541, 374310, 2, 10, 100),
	(1887, 1, 407, 52105, 391870, 255, 0, 100),
	(1888, 1, 408, 24, 0, 0, 0, 100),
	(1889, 1, 408, 841, 0, 2, 10, 100),
	(1890, 1, 408, 851, 10, 2, 0, 100),
	(1891, 1, 408, 901, 10, 2, 10, 100),
	(1892, 1, 408, 3928, 14570, 1, 10, 100),
	(1893, 1, 408, 3937, 14570, 2, 0, 100),
	(1894, 1, 408, 3957, 14570, 2, 10, 100),
	(1895, 1, 408, 8831, 178040, 1, 10, 100),
	(1896, 1, 408, 8842, 178050, 2, 0, 100),
	(1897, 1, 408, 8860, 178050, 2, 10, 100),
	(1898, 1, 408, 10581, 248640, 1, 10, 100),
	(1899, 1, 408, 10589, 248640, 2, 0, 100),
	(1900, 1, 408, 10608, 248640, 255, 10, 100),
	(1901, 1, 410, 22, 0, 0, 0, 100),
	(1902, 1, 410, 1092, 0, 2, 10, 100),
	(1903, 1, 410, 1097, 0, 2, 0, 100),
	(1904, 1, 410, 1157, 0, 2, 10, 100),
	(1905, 1, 410, 5037, 16100, 1, 10, 100),
	(1906, 1, 410, 5051, 16110, 2, 0, 100),
	(1907, 1, 410, 5061, 16110, 2, 10, 100),
	(1908, 1, 410, 7068, 66350, 1, 10, 100),
	(1909, 1, 410, 7080, 66360, 2, 0, 100),
	(1910, 1, 410, 7100, 66360, 2, 10, 100),
	(1911, 1, 410, 9141, 99910, 1, 10, 100),
	(1912, 1, 410, 9141, 99910, 2, 0, 100),
	(1913, 1, 410, 9890, 99910, 2, 10, 100),
	(1914, 1, 410, 9900, 99920, 2, 0, 100),
	(1915, 1, 410, 9920, 99920, 2, 10, 100),
	(1916, 1, 410, 11019, 198670, 1, 10, 100),
	(1917, 1, 410, 11019, 198670, 2, 0, 100),
	(1918, 1, 410, 14027, 198670, 2, 10, 100),
	(1919, 1, 410, 14037, 198680, 2, 0, 100),
	(1920, 1, 410, 14067, 198680, 2, 10, 100),
	(1921, 1, 410, 20397, 286660, 1, 10, 100),
	(1922, 1, 410, 20397, 286660, 2, 0, 100),
	(1923, 1, 410, 20429, 286660, 255, 10, 100),
	(1924, 1, 409, 19, 0, 0, 0, 100),
	(1925, 1, 409, 4082, 0, 2, 0, 100),
	(1926, 1, 409, 4082, 0, 2, 10, 100),
	(1927, 1, 409, 5771, 0, 2, 10, 100),
	(1928, 1, 409, 21915, 16140, 2, 0, 100),
	(1929, 1, 409, 22301, 16140, 2, 10, 100),
	(1930, 1, 409, 53069, 46910, 2, 0, 100),
	(1931, 1, 409, 435748, 46910, 2, 0, 100),
	(1932, 1, 409, 435748, 46910, 2, 10, 100),
	(1933, 1, 409, 436740, 46910, 2, 10, 100),
	(1934, 1, 409, 438483, 48650, 255, 0, 100),
	(1935, 1, 411, 33, 0, 0, 0, 100),
	(1936, 1, 411, 1588, 0, 2, 10, 100),
	(1937, 1, 411, 1597, 0, 2, 0, 100),
	(1938, 1, 411, 1657, 0, 2, 10, 100),
	(1939, 1, 411, 26816, 25160, 2, 0, 100),
	(1940, 1, 411, 26845, 25160, 2, 10, 100),
	(1941, 1, 411, 89807, 88130, 2, 0, 100),
	(1942, 1, 411, 89827, 88130, 2, 10, 100),
	(1943, 1, 411, 288089, 286390, 2, 0, 100),
	(1944, 1, 411, 288119, 286390, 2, 10, 100),
	(1945, 1, 411, 340985, 339250, 2, 0, 100),
	(1946, 1, 411, 341009, 339250, 2, 10, 100),
	(1947, 1, 411, 426969, 425210, 2, 0, 100),
	(1948, 1, 411, 427008, 425210, 2, 10, 100),
	(1949, 1, 411, 567289, 565490, 2, 0, 100),
	(1950, 1, 411, 567299, 565490, 2, 10, 100),
	(1951, 1, 411, 1448492, 669350, 255, 0, 100),
	(1952, 1, 418, 11, 0, 0, 0, 100),
	(1953, 1, 418, 1541, 0, 2, 10, 100),
	(1954, 1, 418, 1546, 0, 2, 0, 100),
	(1955, 1, 418, 1782, 0, 2, 10, 100),
	(1956, 1, 418, 17892, 16110, 2, 0, 100),
	(1957, 1, 418, 18112, 16110, 2, 10, 100),
	(1958, 1, 418, 68910, 66910, 2, 0, 100),
	(1959, 1, 418, 68940, 66910, 2, 10, 100),
	(1960, 1, 418, 73138, 71110, 2, 0, 100),
	(1961, 1, 418, 73244, 78540, 1, 0, 100),
	(1962, 1, 418, 73244, 78540, 2, 10, 100),
	(1963, 1, 418, 73249, 78540, 2, 0, 100),
	(1964, 1, 418, 73287, 78540, 2, 10, 100),
	(1965, 1, 418, 73877, 79130, 2, 0, 100),
	(1966, 1, 418, 73978, 98410, 1, 0, 100),
	(1967, 1, 418, 73978, 98410, 2, 10, 100),
	(1968, 1, 418, 73989, 98420, 2, 0, 100),
	(1969, 1, 418, 74023, 98420, 2, 10, 100),
	(1970, 1, 418, 74867, 99260, 2, 0, 100),
	(1971, 1, 418, 74967, 111470, 1, 0, 100),
	(1972, 1, 418, 74967, 111470, 2, 10, 100),
	(1973, 1, 418, 74978, 111480, 2, 0, 100),
	(1974, 1, 418, 75538, 111480, 2, 10, 100),
	(1975, 1, 418, 77102, 113040, 2, 0, 100),
	(1976, 1, 418, 77178, 127260, 1, 0, 100),
	(1977, 1, 418, 77178, 127260, 2, 10, 100),
	(1978, 1, 418, 77186, 127260, 2, 0, 100),
	(1979, 1, 418, 77202, 127260, 2, 10, 100),
	(1980, 1, 418, 77937, 128000, 2, 0, 100),
	(1981, 1, 418, 78021, 142230, 1, 0, 100),
	(1982, 1, 418, 78021, 142230, 2, 10, 100),
	(1983, 1, 418, 78026, 142230, 2, 0, 100),
	(1984, 1, 418, 78037, 142230, 2, 10, 100),
	(1985, 1, 418, 78676, 142870, 2, 0, 100),
	(1986, 1, 418, 78762, 156110, 1, 0, 100),
	(1987, 1, 418, 78762, 156110, 2, 10, 100),
	(1988, 1, 418, 78769, 156110, 2, 0, 100),
	(1989, 1, 418, 78777, 156110, 2, 10, 100),
	(1990, 1, 418, 80068, 170530, 1, 10, 100),
	(1991, 1, 418, 80099, 170560, 2, 0, 100),
	(1992, 1, 418, 80199, 185770, 1, 0, 100),
	(1993, 1, 418, 80199, 185770, 2, 10, 100),
	(1994, 1, 418, 80207, 185770, 2, 0, 100),
	(1995, 1, 418, 80224, 185770, 2, 10, 100),
	(1996, 1, 418, 80879, 186430, 2, 0, 100),
	(1997, 1, 418, 80983, 195840, 255, 0, 100),
	(1998, 1, 423, 17, 0, 0, 0, 100),
	(1999, 1, 423, 857, 0, 2, 10, 100),
	(2000, 1, 423, 868, 10, 2, 0, 100),
	(2001, 1, 423, 926, 10, 255, 10, 100),
	(2002, 1, 424, 12, 0, 0, 0, 100),
	(2003, 1, 424, 572, 0, 2, 10, 100),
	(2004, 1, 424, 584, 10, 2, 0, 100),
	(2005, 1, 424, 634, 10, 2, 10, 100),
	(2006, 1, 424, 1129, 500, 255, 0, 100),
	(2007, 1, 425, 10, 0, 0, 0, 100),
	(2008, 1, 425, 10, 0, 255, 0, 100),
	(2009, 1, 426, 7, 0, 0, 0, 100),
	(2010, 1, 426, 1067, 0, 2, 10, 100),
	(2011, 1, 426, 1077, 10, 2, 0, 100),
	(2012, 1, 426, 1118, 10, 255, 10, 100),
	(2013, 1, 428, 14, 0, 0, 0, 100),
	(2014, 1, 428, 14, 0, 255, 0, 100),
	(2015, 1, 429, 32, 0, 0, 0, 100),
	(2016, 1, 429, 1127, 0, 2, 10, 100),
	(2017, 1, 429, 1138, 10, 2, 0, 100),
	(2018, 1, 429, 1191, 10, 255, 10, 100);
/*!40000 ALTER TABLE `log_contents_history_student_event` ENABLE KEYS */;

-- Dumping structure for table kaizen.log_contents_history_student_event_reason
CREATE TABLE IF NOT EXISTS `log_contents_history_student_event_reason` (
  `reason_id` bigint(20) unsigned NOT NULL AUTO_INCREMENT,
  `event_id` bigint(20) unsigned NOT NULL,
  `event_reason_id` tinyint(3) unsigned NOT NULL,
  PRIMARY KEY (`reason_id`),
  KEY `log_contents_history_student_event_reason_ibfk1` (`event_id`),
  KEY `log_contents_history_student_event_reason_ibfk2` (`event_reason_id`)
) ENGINE=InnoDB AUTO_INCREMENT=2725 DEFAULT CHARSET=utf8;

-- Dumping data for table kaizen.log_contents_history_student_event_reason: ~707 rows (approximately)
DELETE FROM `log_contents_history_student_event_reason`;
/*!40000 ALTER TABLE `log_contents_history_student_event_reason` DISABLE KEYS */;
INSERT INTO `log_contents_history_student_event_reason` (`reason_id`, `event_id`, `event_reason_id`) VALUES
	(1999, 1465, 18),
	(2000, 1465, 19),
	(2001, 1465, 20),
	(2002, 1466, 5),
	(2003, 1467, 17),
	(2004, 1468, 5),
	(2005, 1469, 3),
	(2006, 1470, 18),
	(2007, 1470, 19),
	(2008, 1470, 20),
	(2009, 1471, 5),
	(2010, 1472, 17),
	(2011, 1473, 5),
	(2012, 1474, 3),
	(2013, 1475, 18),
	(2014, 1475, 19),
	(2015, 1475, 20),
	(2016, 1476, 5),
	(2017, 1477, 17),
	(2018, 1478, 5),
	(2019, 1479, 3),
	(2020, 1480, 18),
	(2021, 1480, 19),
	(2022, 1480, 20),
	(2023, 1481, 3),
	(2024, 1482, 18),
	(2025, 1482, 19),
	(2026, 1482, 20),
	(2027, 1483, 5),
	(2028, 1484, 17),
	(2029, 1485, 5),
	(2030, 1486, 3),
	(2031, 1487, 18),
	(2032, 1487, 19),
	(2033, 1487, 20),
	(2034, 1488, 5),
	(2035, 1489, 17),
	(2036, 1490, 5),
	(2037, 1491, 3),
	(2038, 1492, 18),
	(2039, 1492, 19),
	(2040, 1492, 20),
	(2041, 1493, 5),
	(2042, 1494, 17),
	(2043, 1495, 18),
	(2044, 1495, 19),
	(2045, 1495, 20),
	(2046, 1496, 5),
	(2047, 1497, 18),
	(2048, 1497, 19),
	(2049, 1497, 20),
	(2050, 1498, 3),
	(2051, 1499, 18),
	(2052, 1499, 19),
	(2053, 1499, 20),
	(2054, 1500, 5),
	(2055, 1501, 17),
	(2056, 1502, 5),
	(2057, 1503, 3),
	(2058, 1504, 18),
	(2059, 1504, 19),
	(2060, 1504, 20),
	(2061, 1505, 5),
	(2062, 1506, 17),
	(2063, 1507, 5),
	(2064, 1508, 3),
	(2065, 1509, 18),
	(2066, 1509, 19),
	(2067, 1509, 20),
	(2068, 1510, 5),
	(2069, 1511, 17),
	(2070, 1512, 5),
	(2071, 1513, 3),
	(2072, 1514, 18),
	(2073, 1514, 19),
	(2074, 1514, 20),
	(2075, 1515, 3),
	(2076, 1516, 18),
	(2077, 1516, 19),
	(2078, 1516, 20),
	(2079, 1517, 5),
	(2080, 1518, 17),
	(2081, 1519, 5),
	(2082, 1520, 3),
	(2083, 1521, 19),
	(2084, 1521, 20),
	(2085, 1522, 5),
	(2086, 1523, 17),
	(2087, 1524, 5),
	(2088, 1525, 3),
	(2089, 1526, 18),
	(2090, 1526, 19),
	(2091, 1526, 20),
	(2092, 1527, 5),
	(2093, 1528, 17),
	(2094, 1529, 5),
	(2095, 1530, 3),
	(2096, 1531, 19),
	(2097, 1531, 20),
	(2098, 1532, 5),
	(2099, 1533, 17),
	(2100, 1534, 5),
	(2101, 1535, 3),
	(2102, 1536, 18),
	(2103, 1536, 19),
	(2104, 1536, 20),
	(2105, 1537, 3),
	(2106, 1538, 18),
	(2107, 1538, 19),
	(2108, 1538, 20),
	(2109, 1539, 5),
	(2110, 1540, 17),
	(2111, 1541, 18),
	(2112, 1541, 19),
	(2113, 1541, 20),
	(2114, 1542, 5),
	(2115, 1543, 17),
	(2116, 1544, 5),
	(2117, 1545, 18),
	(2118, 1545, 19),
	(2119, 1545, 20),
	(2120, 1546, 5),
	(2121, 1547, 18),
	(2122, 1547, 19),
	(2123, 1547, 20),
	(2124, 1548, 3),
	(2125, 1549, 19),
	(2126, 1549, 20),
	(2127, 1550, 5),
	(2128, 1551, 18),
	(2129, 1551, 19),
	(2130, 1551, 20),
	(2131, 1552, 3),
	(2132, 1553, 18),
	(2133, 1553, 19),
	(2134, 1553, 20),
	(2135, 1554, 5),
	(2136, 1555, 17),
	(2137, 1556, 18),
	(2138, 1556, 19),
	(2139, 1556, 20),
	(2140, 1557, 5),
	(2141, 1558, 17),
	(2142, 1559, 5),
	(2143, 1560, 3),
	(2144, 1561, 18),
	(2145, 1561, 19),
	(2146, 1561, 20),
	(2147, 1562, 5),
	(2148, 1563, 17),
	(2149, 1564, 5),
	(2150, 1565, 3),
	(2151, 1566, 18),
	(2152, 1566, 19),
	(2153, 1566, 20),
	(2154, 1567, 5),
	(2155, 1568, 17),
	(2156, 1569, 5),
	(2157, 1570, 3),
	(2158, 1571, 18),
	(2159, 1571, 19),
	(2160, 1571, 20),
	(2161, 1572, 5),
	(2162, 1573, 17),
	(2163, 1574, 5),
	(2164, 1575, 3),
	(2165, 1576, 18),
	(2166, 1576, 19),
	(2167, 1576, 20),
	(2168, 1577, 5),
	(2169, 1578, 17),
	(2170, 1579, 7),
	(2171, 1580, 18),
	(2172, 1580, 19),
	(2173, 1580, 20),
	(2174, 1581, 3),
	(2175, 1582, 3),
	(2176, 1582, 18),
	(2177, 1582, 19),
	(2178, 1582, 20),
	(2179, 1583, 3),
	(2180, 1584, 18),
	(2181, 1584, 19),
	(2182, 1584, 20),
	(2183, 1585, 3),
	(2184, 1586, 18),
	(2185, 1586, 19),
	(2186, 1586, 20),
	(2187, 1587, 5),
	(2188, 1588, 17),
	(2189, 1589, 5),
	(2190, 1590, 18),
	(2191, 1590, 19),
	(2192, 1590, 20),
	(2193, 1591, 3),
	(2194, 1592, 18),
	(2195, 1592, 19),
	(2196, 1592, 20),
	(2197, 1593, 3),
	(2205, 1599, 18),
	(2206, 1599, 19),
	(2207, 1599, 20),
	(2208, 1600, 5),
	(2209, 1601, 17),
	(2210, 1602, 5),
	(2211, 1603, 3),
	(2212, 1604, 18),
	(2213, 1604, 19),
	(2214, 1604, 20),
	(2215, 1605, 5),
	(2216, 1606, 17),
	(2217, 1607, 5),
	(2218, 1608, 3),
	(2219, 1609, 18),
	(2220, 1609, 19),
	(2221, 1609, 20),
	(2222, 1610, 5),
	(2223, 1611, 17),
	(2224, 1612, 5),
	(2225, 1613, 3),
	(2226, 1614, 18),
	(2227, 1614, 19),
	(2228, 1614, 20),
	(2229, 1615, 5),
	(2230, 1616, 17),
	(2231, 1617, 5),
	(2232, 1618, 3),
	(2233, 1619, 18),
	(2234, 1619, 19),
	(2235, 1619, 20),
	(2236, 1620, 3),
	(2237, 1621, 18),
	(2238, 1621, 19),
	(2239, 1621, 20),
	(2240, 1622, 3),
	(2241, 1623, 18),
	(2242, 1623, 19),
	(2243, 1623, 20),
	(2244, 1624, 5),
	(2245, 1625, 17),
	(2246, 1626, 5),
	(2247, 1627, 3),
	(2255, 1633, 18),
	(2256, 1633, 19),
	(2257, 1633, 20),
	(2258, 1634, 5),
	(2259, 1635, 17),
	(2260, 1636, 5),
	(2261, 1637, 17),
	(2262, 1638, 5),
	(2263, 1639, 17),
	(2264, 1640, 5),
	(2265, 1641, 4),
	(2266, 1642, 25),
	(2267, 1643, 5),
	(2268, 1644, 17),
	(2269, 1645, 5),
	(2270, 1646, 3),
	(2271, 1646, 7),
	(2272, 1647, 25),
	(2273, 1648, 5),
	(2274, 1648, 6),
	(2275, 1649, 17),
	(2276, 1650, 5),
	(2277, 1651, 4),
	(2278, 1652, 25),
	(2279, 1653, 5),
	(2280, 1654, 17),
	(2281, 1655, 5),
	(2282, 1656, 3),
	(2283, 1656, 7),
	(2284, 1657, 17),
	(2285, 1658, 5),
	(2286, 1658, 6),
	(2287, 1659, 5),
	(2288, 1660, 17),
	(2289, 1661, 5),
	(2290, 1662, 3),
	(2291, 1662, 7),
	(2292, 1663, 17),
	(2293, 1664, 5),
	(2294, 1664, 6),
	(2295, 1665, 5),
	(2296, 1666, 17),
	(2297, 1667, 5),
	(2298, 1668, 17),
	(2299, 1669, 5),
	(2300, 1670, 17),
	(2301, 1671, 5),
	(2302, 1672, 17),
	(2303, 1673, 5),
	(2304, 1674, 3),
	(2305, 1674, 7),
	(2306, 1675, 17),
	(2307, 1676, 5),
	(2308, 1676, 6),
	(2309, 1677, 5),
	(2310, 1678, 17),
	(2311, 1679, 5),
	(2312, 1680, 17),
	(2313, 1681, 5),
	(2314, 1682, 3),
	(2315, 1683, 18),
	(2316, 1683, 19),
	(2317, 1683, 20),
	(2318, 1684, 17),
	(2319, 1685, 5),
	(2320, 1686, 5),
	(2321, 1687, 17),
	(2322, 1688, 5),
	(2323, 1689, 17),
	(2324, 1690, 5),
	(2325, 1691, 1),
	(2326, 1692, 17),
	(2327, 1693, 5),
	(2328, 1694, 5),
	(2329, 1695, 23),
	(2330, 1696, 14),
	(2331, 1697, 17),
	(2332, 1698, 5),
	(2333, 1699, 5),
	(2334, 1700, 23),
	(2335, 1701, 14),
	(2336, 1702, 5),
	(2337, 1703, 17),
	(2338, 1704, 5),
	(2339, 1705, 3),
	(2340, 1705, 7),
	(2341, 1706, 18),
	(2342, 1706, 19),
	(2343, 1706, 20),
	(2344, 1707, 5),
	(2345, 1708, 17),
	(2346, 1709, 5),
	(2347, 1710, 18),
	(2348, 1710, 19),
	(2349, 1710, 20),
	(2350, 1711, 5),
	(2351, 1712, 17),
	(2352, 1713, 5),
	(2353, 1714, 18),
	(2354, 1714, 19),
	(2355, 1714, 20),
	(2356, 1715, 5),
	(2357, 1716, 17),
	(2358, 1717, 5),
	(2359, 1718, 3),
	(2360, 1719, 18),
	(2361, 1719, 19),
	(2362, 1719, 20),
	(2363, 1720, 3),
	(2369, 1724, 18),
	(2370, 1724, 19),
	(2371, 1724, 20),
	(2372, 1725, 5),
	(2373, 1726, 17),
	(2374, 1727, 18),
	(2375, 1727, 19),
	(2376, 1727, 20),
	(2377, 1728, 3),
	(2378, 1729, 18),
	(2379, 1729, 19),
	(2380, 1729, 20),
	(2381, 1730, 3),
	(2382, 1731, 18),
	(2383, 1731, 19),
	(2384, 1731, 20),
	(2385, 1732, 5),
	(2386, 1733, 17),
	(2387, 1734, 5),
	(2388, 1735, 18),
	(2389, 1735, 19),
	(2390, 1735, 20),
	(2391, 1736, 3),
	(2392, 1737, 18),
	(2393, 1737, 19),
	(2394, 1737, 20),
	(2395, 1738, 3),
	(2396, 1739, 18),
	(2397, 1739, 19),
	(2398, 1739, 20),
	(2399, 1740, 3),
	(2400, 1741, 18),
	(2401, 1741, 19),
	(2402, 1741, 20),
	(2403, 1742, 3),
	(2404, 1743, 18),
	(2405, 1743, 19),
	(2406, 1743, 20),
	(2407, 1744, 3),
	(2408, 1745, 18),
	(2409, 1745, 19),
	(2410, 1745, 20),
	(2411, 1746, 5),
	(2412, 1747, 17),
	(2413, 1748, 5),
	(2414, 1749, 3),
	(2415, 1750, 18),
	(2416, 1750, 19),
	(2417, 1750, 20),
	(2418, 1751, 5),
	(2419, 1752, 17),
	(2420, 1753, 5),
	(2421, 1754, 3),
	(2422, 1755, 18),
	(2423, 1755, 19),
	(2424, 1755, 20),
	(2425, 1756, 5),
	(2426, 1757, 17),
	(2427, 1758, 18),
	(2428, 1758, 19),
	(2429, 1758, 20),
	(2430, 1759, 5),
	(2431, 1760, 17),
	(2432, 1761, 18),
	(2433, 1761, 19),
	(2434, 1761, 20),
	(2435, 1762, 5),
	(2436, 1763, 17),
	(2437, 1764, 5),
	(2438, 1765, 3),
	(2439, 1765, 7),
	(2440, 1766, 5),
	(2441, 1766, 6),
	(2442, 1767, 17),
	(2443, 1768, 5),
	(2444, 1769, 10),
	(2445, 1770, 17),
	(2446, 1771, 5),
	(2447, 1772, 10),
	(2448, 1773, 17),
	(2449, 1774, 5),
	(2450, 1775, 9),
	(2451, 1776, 17),
	(2452, 1777, 9),
	(2453, 1778, 5),
	(2454, 1779, 10),
	(2455, 1780, 17),
	(2456, 1781, 5),
	(2457, 1782, 10),
	(2458, 1783, 17),
	(2459, 1784, 5),
	(2460, 1785, 8),
	(2461, 1786, 17),
	(2462, 1787, 5),
	(2463, 1788, 4),
	(2464, 1789, 24),
	(2465, 1790, 5),
	(2466, 1791, 17),
	(2467, 1792, 24),
	(2468, 1793, 5),
	(2469, 1794, 12),
	(2470, 1795, 17),
	(2471, 1796, 5),
	(2472, 1797, 3),
	(2473, 1797, 7),
	(2474, 1798, 18),
	(2475, 1798, 19),
	(2476, 1798, 20),
	(2477, 1799, 17),
	(2478, 1800, 5),
	(2479, 1801, 5),
	(2480, 1802, 17),
	(2481, 1803, 5),
	(2482, 1804, 17),
	(2483, 1805, 5),
	(2484, 1806, 17),
	(2485, 1807, 5),
	(2486, 1808, 17),
	(2487, 1809, 5),
	(2488, 1810, 17),
	(2489, 1811, 5),
	(2490, 1812, 17),
	(2491, 1813, 5),
	(2492, 1814, 17),
	(2493, 1815, 5),
	(2494, 1816, 3),
	(2495, 1817, 18),
	(2496, 1817, 19),
	(2497, 1817, 20),
	(2498, 1818, 17),
	(2499, 1819, 5),
	(2500, 1820, 5),
	(2501, 1821, 17),
	(2502, 1822, 5),
	(2503, 1823, 17),
	(2504, 1824, 5),
	(2505, 1825, 17),
	(2506, 1826, 5),
	(2507, 1827, 3),
	(2508, 1828, 18),
	(2509, 1828, 19),
	(2510, 1828, 20),
	(2511, 1829, 5),
	(2512, 1830, 17),
	(2513, 1831, 5),
	(2514, 1832, 4),
	(2515, 1833, 24),
	(2516, 1834, 25),
	(2517, 1835, 24),
	(2518, 1836, 24),
	(2519, 1837, 24),
	(2520, 1838, 5),
	(2521, 1839, 17),
	(2522, 1840, 5),
	(2523, 1841, 1),
	(2524, 1842, 17),
	(2525, 1843, 5),
	(2526, 1844, 5),
	(2527, 1845, 18),
	(2528, 1845, 19),
	(2529, 1845, 20),
	(2530, 1846, 5),
	(2531, 1847, 17),
	(2532, 1848, 5),
	(2533, 1849, 17),
	(2534, 1850, 5),
	(2535, 1851, 3),
	(2536, 1851, 7),
	(2537, 1852, 18),
	(2538, 1852, 19),
	(2539, 1852, 20),
	(2540, 1853, 5),
	(2541, 1854, 17),
	(2542, 1855, 5),
	(2543, 1856, 10),
	(2544, 1857, 17),
	(2545, 1858, 5),
	(2546, 1859, 10),
	(2547, 1860, 17),
	(2548, 1861, 5),
	(2549, 1862, 10),
	(2550, 1863, 17),
	(2551, 1864, 5),
	(2552, 1865, 10),
	(2553, 1866, 17),
	(2554, 1867, 5),
	(2555, 1868, 10),
	(2556, 1869, 9),
	(2557, 1870, 17),
	(2558, 1871, 5),
	(2559, 1872, 8),
	(2560, 1873, 17),
	(2561, 1874, 5),
	(2562, 1875, 10),
	(2563, 1876, 17),
	(2564, 1877, 5),
	(2565, 1878, 10),
	(2566, 1879, 17),
	(2567, 1880, 5),
	(2568, 1881, 10),
	(2569, 1882, 17),
	(2570, 1883, 5),
	(2571, 1884, 10),
	(2572, 1885, 17),
	(2573, 1886, 5),
	(2574, 1887, 3),
	(2575, 1888, 18),
	(2576, 1888, 19),
	(2577, 1888, 20),
	(2578, 1889, 5),
	(2579, 1890, 17),
	(2580, 1891, 5),
	(2581, 1892, 10),
	(2582, 1893, 17),
	(2583, 1894, 5),
	(2584, 1895, 10),
	(2585, 1896, 17),
	(2586, 1897, 5),
	(2587, 1898, 10),
	(2588, 1899, 17),
	(2589, 1900, 5),
	(2590, 1901, 18),
	(2591, 1901, 19),
	(2592, 1901, 20),
	(2593, 1902, 5),
	(2594, 1903, 17),
	(2595, 1904, 5),
	(2596, 1905, 10),
	(2597, 1906, 17),
	(2598, 1907, 5),
	(2599, 1908, 10),
	(2600, 1909, 17),
	(2601, 1910, 5),
	(2602, 1911, 10),
	(2603, 1912, 20),
	(2604, 1913, 5),
	(2605, 1914, 17),
	(2606, 1915, 5),
	(2607, 1916, 10),
	(2608, 1917, 18),
	(2609, 1917, 19),
	(2610, 1917, 20),
	(2611, 1918, 5),
	(2612, 1919, 17),
	(2613, 1920, 5),
	(2614, 1921, 10),
	(2615, 1922, 17),
	(2616, 1923, 5),
	(2617, 1924, 2),
	(2618, 1924, 18),
	(2619, 1924, 19),
	(2620, 1924, 20),
	(2621, 1925, 17),
	(2622, 1926, 5),
	(2623, 1927, 5),
	(2624, 1928, 17),
	(2625, 1929, 5),
	(2626, 1930, 1),
	(2627, 1931, 17),
	(2628, 1932, 5),
	(2629, 1933, 5),
	(2630, 1934, 3),
	(2631, 1935, 18),
	(2632, 1935, 19),
	(2633, 1935, 20),
	(2634, 1936, 5),
	(2635, 1937, 17),
	(2636, 1938, 5),
	(2637, 1939, 17),
	(2638, 1940, 5),
	(2639, 1941, 17),
	(2640, 1942, 5),
	(2641, 1943, 17),
	(2642, 1944, 5),
	(2643, 1945, 17),
	(2644, 1946, 5),
	(2645, 1947, 17),
	(2646, 1948, 5),
	(2647, 1949, 17),
	(2648, 1950, 5),
	(2649, 1951, 3),
	(2650, 1952, 18),
	(2651, 1952, 19),
	(2652, 1952, 20),
	(2653, 1953, 5),
	(2654, 1954, 17),
	(2655, 1955, 5),
	(2656, 1956, 17),
	(2657, 1957, 5),
	(2658, 1958, 17),
	(2659, 1959, 5),
	(2660, 1960, 4),
	(2661, 1961, 24),
	(2662, 1962, 5),
	(2663, 1963, 17),
	(2664, 1964, 5),
	(2665, 1965, 4),
	(2666, 1966, 24),
	(2667, 1967, 5),
	(2668, 1968, 17),
	(2669, 1969, 5),
	(2670, 1970, 4),
	(2671, 1971, 24),
	(2672, 1972, 5),
	(2673, 1973, 17),
	(2674, 1974, 5),
	(2675, 1975, 4),
	(2676, 1976, 24),
	(2677, 1977, 5),
	(2678, 1978, 17),
	(2679, 1979, 5),
	(2680, 1980, 4),
	(2681, 1981, 24),
	(2682, 1982, 5),
	(2683, 1983, 17),
	(2684, 1984, 5),
	(2685, 1985, 4),
	(2686, 1986, 24),
	(2687, 1987, 5),
	(2688, 1988, 17),
	(2689, 1989, 5),
	(2690, 1990, 24),
	(2691, 1991, 4),
	(2692, 1992, 24),
	(2693, 1993, 5),
	(2694, 1994, 17),
	(2695, 1995, 5),
	(2696, 1996, 4),
	(2697, 1997, 24),
	(2698, 1998, 18),
	(2699, 1998, 19),
	(2700, 1998, 20),
	(2701, 1999, 5),
	(2702, 2000, 17),
	(2703, 2001, 5),
	(2704, 2002, 18),
	(2705, 2002, 19),
	(2706, 2002, 20),
	(2707, 2003, 5),
	(2708, 2004, 17),
	(2709, 2005, 5),
	(2710, 2006, 3),
	(2711, 2007, 18),
	(2712, 2007, 19),
	(2713, 2007, 20),
	(2714, 2008, 3),
	(2715, 2009, 18),
	(2716, 2009, 19),
	(2717, 2009, 20),
	(2718, 2010, 5),
	(2719, 2011, 17),
	(2720, 2012, 5),
	(2721, 2013, 18),
	(2722, 2013, 19),
	(2723, 2013, 20),
	(2724, 2014, 3),
	(2725, 2015, 18),
	(2726, 2015, 19),
	(2727, 2015, 20),
	(2728, 2016, 5),
	(2729, 2017, 17),
	(2730, 2018, 5);
/*!40000 ALTER TABLE `log_contents_history_student_event_reason` ENABLE KEYS */;

-- Dumping structure for table kaizen.log_organizer_login
CREATE TABLE IF NOT EXISTS `log_organizer_login` (
  `log_id` bigint(20) unsigned NOT NULL,
  `organizer_id` int(10) unsigned NOT NULL,
  `datetime` datetime NOT NULL,
  `ip_address` varchar(15) COLLATE utf8_bin NOT NULL,
  `user_agent` varchar(255) COLLATE utf8_bin NOT NULL,
  PRIMARY KEY (`log_id`),
  KEY `organizer_id` (`organizer_id`),
  CONSTRAINT `log_organizer_login_ibfk_1` FOREIGN KEY (`organizer_id`) REFERENCES `tbl_organizer` (`organizer_id`)
) ENGINE=InnoDB DEFAULT CHARSET=utf8 COLLATE=utf8_bin;

-- Dumping data for table kaizen.log_organizer_login: ~0 rows (approximately)
DELETE FROM `log_organizer_login`;
/*!40000 ALTER TABLE `log_organizer_login` DISABLE KEYS */;
/*!40000 ALTER TABLE `log_organizer_login` ENABLE KEYS */;

-- Dumping structure for table kaizen.log_student_login
CREATE TABLE IF NOT EXISTS `log_student_login` (
  `log_id` bigint(20) unsigned NOT NULL,
  `student_id` int(10) unsigned NOT NULL,
  `datetime` datetime NOT NULL,
  `ip_address` varchar(15) COLLATE utf8_bin NOT NULL,
  `user_agent` varchar(255) COLLATE utf8_bin NOT NULL,
  PRIMARY KEY (`log_id`),
  KEY `student_id` (`student_id`),
  CONSTRAINT `log_student_login_ibfk_1` FOREIGN KEY (`student_id`) REFERENCES `tbl_student` (`student_id`)
) ENGINE=InnoDB DEFAULT CHARSET=utf8 COLLATE=utf8_bin;

-- Dumping data for table kaizen.log_student_login: ~0 rows (approximately)
DELETE FROM `log_student_login`;
/*!40000 ALTER TABLE `log_student_login` DISABLE KEYS */;
/*!40000 ALTER TABLE `log_student_login` ENABLE KEYS */;

-- Dumping structure for table kaizen.log_teacher_login
CREATE TABLE IF NOT EXISTS `log_teacher_login` (
  `log_id` bigint(20) unsigned NOT NULL,
  `teacher_id` int(10) unsigned NOT NULL,
  `datetime` datetime NOT NULL,
  `ip_address` varchar(15) COLLATE utf8_bin NOT NULL,
  `user_agent` varchar(255) COLLATE utf8_bin NOT NULL,
  PRIMARY KEY (`log_id`),
  KEY `teacher_id` (`teacher_id`),
  CONSTRAINT `log_teacher_login_ibfk_1` FOREIGN KEY (`teacher_id`) REFERENCES `tbl_teacher` (`teacher_id`)
) ENGINE=InnoDB DEFAULT CHARSET=utf8 COLLATE=utf8_bin;

-- Dumping data for table kaizen.log_teacher_login: ~0 rows (approximately)
DELETE FROM `log_teacher_login`;
/*!40000 ALTER TABLE `log_teacher_login` DISABLE KEYS */;
/*!40000 ALTER TABLE `log_teacher_login` ENABLE KEYS */;

-- Dumping structure for table kaizen.mst_boolean
CREATE TABLE IF NOT EXISTS `mst_boolean` (
  `boolean_id` tinyint(4) unsigned NOT NULL,
  `boolean` varchar(5) COLLATE utf8_bin NOT NULL,
  PRIMARY KEY (`boolean_id`)
) ENGINE=InnoDB DEFAULT CHARSET=utf8 COLLATE=utf8_bin;

-- Dumping data for table kaizen.mst_boolean: ~3 rows (approximately)
DELETE FROM `mst_boolean`;
/*!40000 ALTER TABLE `mst_boolean` DISABLE KEYS */;
INSERT INTO `mst_boolean` (`boolean_id`, `boolean`) VALUES
	(0, 'false'),
	(1, 'true'),
	(2, 'purge');
/*!40000 ALTER TABLE `mst_boolean` ENABLE KEYS */;

-- Dumping structure for table kaizen.mst_contents_category
CREATE TABLE IF NOT EXISTS `mst_contents_category` (
  `contents_category_id` tinyint(3) unsigned NOT NULL,
  `contents_category_name` varchar(15) CHARACTER SET utf8 NOT NULL,
  `display_name` varchar(20) COLLATE utf8_bin DEFAULT NULL,
  PRIMARY KEY (`contents_category_id`)
) ENGINE=InnoDB DEFAULT CHARSET=utf8 COLLATE=utf8_bin;

-- Dumping data for table kaizen.mst_contents_category: ~2 rows (approximately)
DELETE FROM `mst_contents_category`;
/*!40000 ALTER TABLE `mst_contents_category` DISABLE KEYS */;
INSERT INTO `mst_contents_category` (`contents_category_id`, `contents_category_name`, `display_name`) VALUES
	(0, 'common', ''),
	(1, 'school', '');
/*!40000 ALTER TABLE `mst_contents_category` ENABLE KEYS */;

-- Dumping structure for table kaizen.mst_contents_edit_action
CREATE TABLE IF NOT EXISTS `mst_contents_edit_action` (
  `contents_edit_action_id` tinyint(3) unsigned NOT NULL,
  `action` varchar(255) COLLATE utf8_bin NOT NULL,
  PRIMARY KEY (`contents_edit_action_id`)
) ENGINE=InnoDB DEFAULT CHARSET=utf8 COLLATE=utf8_bin;

-- Dumping data for table kaizen.mst_contents_edit_action: ~3 rows (approximately)
DELETE FROM `mst_contents_edit_action`;
/*!40000 ALTER TABLE `mst_contents_edit_action` DISABLE KEYS */;
INSERT INTO `mst_contents_edit_action` (`contents_edit_action_id`, `action`) VALUES
	(1, 'registration'),
	(2, 'change'),
	(3, 'delete');
/*!40000 ALTER TABLE `mst_contents_edit_action` ENABLE KEYS */;

-- Dumping structure for table kaizen.mst_contents_extension
CREATE TABLE IF NOT EXISTS `mst_contents_extension` (
  `contents_extension_id` tinyint(3) unsigned NOT NULL,
  `extension` varchar(255) COLLATE utf8_bin NOT NULL,
  PRIMARY KEY (`contents_extension_id`),
  UNIQUE KEY `extension` (`extension`)
) ENGINE=InnoDB DEFAULT CHARSET=utf8 COLLATE=utf8_bin;

-- Dumping data for table kaizen.mst_contents_extension: ~8 rows (approximately)
DELETE FROM `mst_contents_extension`;
/*!40000 ALTER TABLE `mst_contents_extension` DISABLE KEYS */;
INSERT INTO `mst_contents_extension` (`contents_extension_id`, `extension`) VALUES
	(8, 'MP4'),
	(1, 'TBO'),
	(3, 'TBO-L'),
	(4, 'TBO-LN'),
	(5, 'TBO-M'),
	(6, 'TBO-MN'),
	(2, 'TBON'),
	(7, 'mp4');
/*!40000 ALTER TABLE `mst_contents_extension` ENABLE KEYS */;

-- Dumping structure for table kaizen.mst_event_action
CREATE TABLE IF NOT EXISTS `mst_event_action` (
  `event_action_id` tinyint(3) unsigned NOT NULL,
  `event` varchar(255) COLLATE utf8_bin NOT NULL,
  PRIMARY KEY (`event_action_id`)
) ENGINE=InnoDB DEFAULT CHARSET=utf8 COLLATE=utf8_bin;

-- Dumping data for table kaizen.mst_event_action: ~7 rows (approximately)
DELETE FROM `mst_event_action`;
/*!40000 ALTER TABLE `mst_event_action` DISABLE KEYS */;
INSERT INTO `mst_event_action` (`event_action_id`, `event`) VALUES
	(0, 'non'),
	(1, 'position'),
	(2, 'speed'),
	(3, 'volume'),
	(4, 'last'),
	(5, 'abort'),
	(255, 'end');
/*!40000 ALTER TABLE `mst_event_action` ENABLE KEYS */;

-- Dumping structure for table kaizen.mst_event_reason
CREATE TABLE IF NOT EXISTS `mst_event_reason` (
  `event_reason_id` tinyint(3) unsigned NOT NULL,
  `reason` varchar(50) DEFAULT NULL,
  PRIMARY KEY (`event_reason_id`)
) ENGINE=InnoDB DEFAULT CHARSET=latin1;

-- Dumping data for table kaizen.mst_event_reason: ~25 rows (approximately)
DELETE FROM `mst_event_reason`;
/*!40000 ALTER TABLE `mst_event_reason` DISABLE KEYS */;
INSERT INTO `mst_event_reason` (`event_reason_id`, `reason`) VALUES
	(1, 'INVISIBLE'),
	(2, 'WAIT_TOUCH_MEDIA'),
	(3, 'PAUSE'),
	(4, 'SEARCH'),
	(5, 'ALL_CLEAR'),
	(6, 'PLAY_BUTTON'),
	(7, 'PAUSE_BUTTON'),
	(8, 'TOP_BUTTON'),
	(9, 'PREVIOUS_BUTTON'),
	(10, 'NEXT_BUTTON'),
	(11, 'SEEK_BAR'),
	(12, 'AUTO_REPEAT'),
	(13, 'CHAPTER'),
	(14, 'SPEED_BAR'),
	(15, 'WAIT_TOUCH_FULL_SCREEN'),
	(16, 'BLOCK_HOLD'),
	(17, 'WAIT_MEDIA'),
	(18, 'LOAD_IMAGE'),
	(19, 'LOAD_PEN'),
	(20, 'LOAD_AUDIO'),
	(21, 'LOAD_VIDEO'),
	(22, 'VOLUME_BAR'),
	(23, 'SWITCHING_SPEED'),
	(24, 'BEFORE_SEEK'),
	(25, 'BACK_SEEK');
/*!40000 ALTER TABLE `mst_event_reason` ENABLE KEYS */;

-- Dumping structure for table kaizen.mst_query_type
CREATE TABLE IF NOT EXISTS `mst_query_type` (
  `query_type_id` tinyint(4) unsigned NOT NULL,
  `type` varchar(25) COLLATE utf8_bin NOT NULL,
  `type_jp` varchar(50) COLLATE utf8_bin NOT NULL,
  PRIMARY KEY (`query_type_id`)
) ENGINE=InnoDB DEFAULT CHARSET=utf8 COLLATE=utf8_bin;

-- Dumping data for table kaizen.mst_query_type: ~4 rows (approximately)
DELETE FROM `mst_query_type`;
/*!40000 ALTER TABLE `mst_query_type` DISABLE KEYS */;
INSERT INTO `mst_query_type` (`query_type_id`, `type`, `type_jp`) VALUES
	(0, 'single_choice', 'single_choice'),
	(1, 'multiple_choice', 'multiple_choice'),
	(2, 'word', 'word'),
	(3, 'length', 'length');
/*!40000 ALTER TABLE `mst_query_type` ENABLE KEYS */;

-- Dumping structure for table kaizen.mst_speed
CREATE TABLE IF NOT EXISTS `mst_speed` (
  `speed_id` tinyint(3) unsigned NOT NULL,
  `speed` varchar(255) COLLATE utf8_bin NOT NULL,
  PRIMARY KEY (`speed_id`)
) ENGINE=InnoDB DEFAULT CHARSET=utf8 COLLATE=utf8_bin;

-- Dumping data for table kaizen.mst_speed: ~35 rows (approximately)
DELETE FROM `mst_speed`;
/*!40000 ALTER TABLE `mst_speed` DISABLE KEYS */;
INSERT INTO `mst_speed` (`speed_id`, `speed`) VALUES
	(0, 'x0'),
	(1, 'x1'),
	(2, 'x2'),
	(4, 'x4'),
	(10, 'x1'),
	(11, 'x1.1'),
	(12, 'x1.2'),
	(13, 'x1.3'),
	(14, 'x1.4'),
	(15, 'x1.5'),
	(16, 'x1.6'),
	(17, 'x1.7'),
	(18, 'x1.8'),
	(19, 'x1.9'),
	(20, 'x2'),
	(21, 'x2.1'),
	(22, 'x2.2'),
	(23, 'x2.3'),
	(24, 'x2.4'),
	(25, 'x2.5'),
	(26, 'x2.6'),
	(27, 'x2.7'),
	(28, 'x2.8'),
	(29, 'x2.9'),
	(30, 'x3'),
	(31, 'x3.1'),
	(32, 'x3.2'),
	(33, 'x3.3'),
	(34, 'x3.4'),
	(35, 'x3.5'),
	(36, 'x3.6'),
	(37, 'x3.7'),
	(38, 'x3.8'),
	(39, 'x3.9'),
	(40, 'x4');
/*!40000 ALTER TABLE `mst_speed` ENABLE KEYS */;

-- Dumping structure for table kaizen.mst_user_level
CREATE TABLE IF NOT EXISTS `mst_user_level` (
  `user_level_id` tinyint(4) unsigned NOT NULL,
  `user_level_name` varchar(50) COLLATE utf8_bin NOT NULL,
  PRIMARY KEY (`user_level_id`)
) ENGINE=InnoDB DEFAULT CHARSET=utf8 COLLATE=utf8_bin;

-- Dumping data for table kaizen.mst_user_level: ~3 rows (approximately)
DELETE FROM `mst_user_level`;
/*!40000 ALTER TABLE `mst_user_level` DISABLE KEYS */;
INSERT INTO `mst_user_level` (`user_level_id`, `user_level_name`) VALUES
	(0, 'admin'),
	(1, 'teacher'),
	(2, 'student');
/*!40000 ALTER TABLE `mst_user_level` ENABLE KEYS */;

-- Dumping structure for table kaizen.mst_volume
CREATE TABLE IF NOT EXISTS `mst_volume` (
  `volume_id` tinyint(3) unsigned NOT NULL,
  `volume` varchar(255) COLLATE utf8_bin NOT NULL,
  PRIMARY KEY (`volume_id`)
) ENGINE=InnoDB DEFAULT CHARSET=utf8 COLLATE=utf8_bin;

-- Dumping data for table kaizen.mst_volume: ~101 rows (approximately)
DELETE FROM `mst_volume`;
/*!40000 ALTER TABLE `mst_volume` DISABLE KEYS */;
INSERT INTO `mst_volume` (`volume_id`, `volume`) VALUES
	(0, '0%'),
	(1, '1%'),
	(2, '2%'),
	(3, '3%'),
	(4, '4%'),
	(5, '5%'),
	(6, '6%'),
	(7, '7%'),
	(8, '8%'),
	(9, '9%'),
	(10, '10%'),
	(11, '11%'),
	(12, '12%'),
	(13, '13%'),
	(14, '14%'),
	(15, '15%'),
	(16, '16%'),
	(17, '17%'),
	(18, '18%'),
	(19, '19%'),
	(20, '20%'),
	(21, '21%'),
	(22, '22%'),
	(23, '23%'),
	(24, '24%'),
	(25, '25%'),
	(26, '26%'),
	(27, '27%'),
	(28, '28%'),
	(29, '29%'),
	(30, '30%'),
	(31, '31%'),
	(32, '32%'),
	(33, '33%'),
	(34, '34%'),
	(35, '35%'),
	(36, '36%'),
	(37, '37%'),
	(38, '38%'),
	(39, '39%'),
	(40, '40%'),
	(41, '41%'),
	(42, '42%'),
	(43, '43%'),
	(44, '44%'),
	(45, '45%'),
	(46, '46%'),
	(47, '47%'),
	(48, '48%'),
	(49, '49%'),
	(50, '50%'),
	(51, '51%'),
	(52, '52%'),
	(53, '53%'),
	(54, '54%'),
	(55, '55%'),
	(56, '56%'),
	(57, '57%'),
	(58, '58%'),
	(59, '59%'),
	(60, '60%'),
	(61, '61%'),
	(62, '62%'),
	(63, '63%'),
	(64, '64%'),
	(65, '65%'),
	(66, '66%'),
	(67, '67%'),
	(68, '68%'),
	(69, '69%'),
	(70, '70%'),
	(71, '71%'),
	(72, '72%'),
	(73, '73%'),
	(74, '74%'),
	(75, '75%'),
	(76, '76%'),
	(77, '77%'),
	(78, '78%'),
	(79, '79%'),
	(80, '80%'),
	(81, '81%'),
	(82, '82%'),
	(83, '83%'),
	(84, '84%'),
	(85, '85%'),
	(86, '86%'),
	(87, '87%'),
	(88, '88%'),
	(89, '89%'),
	(90, '90%'),
	(91, '91%'),
	(92, '92%'),
	(93, '93%'),
	(94, '94%'),
	(95, '95%'),
	(96, '96%'),
	(97, '97%'),
	(98, '98%'),
	(99, '99%'),
	(100, '100%');
/*!40000 ALTER TABLE `mst_volume` ENABLE KEYS */;

-- Dumping structure for table kaizen.tblcms_admin
CREATE TABLE IF NOT EXISTS `tblcms_admin` (
  `id` int(11) NOT NULL AUTO_INCREMENT,
  `AdminUserName` varchar(255) NOT NULL,
  `AdminPassword` varchar(255) NOT NULL,
  `AdminEmailId` varchar(255) NOT NULL,
  `Is_Active` int(11) NOT NULL,
  `CreationDate` timestamp NOT NULL DEFAULT CURRENT_TIMESTAMP,
  PRIMARY KEY (`id`)
) ENGINE=InnoDB AUTO_INCREMENT=2 DEFAULT CHARSET=latin1;

-- Dumping data for table kaizen.tblcms_admin: ~1 rows (approximately)
DELETE FROM `tblcms_admin`;
/*!40000 ALTER TABLE `tblcms_admin` DISABLE KEYS */;
INSERT INTO `tblcms_admin` (`id`, `AdminUserName`, `AdminPassword`, `AdminEmailId`, `Is_Active`, `CreationDate`) VALUES
	(1, 'admin', '$2y$10$fX40BAGH7V3vD5g7y4XoLu6.XTJhTktF7yC0fTbH3jlK01I47fwV6', 'info@e-kjs.jp', 1, '2019-10-28 17:51:00');
/*!40000 ALTER TABLE `tblcms_admin` ENABLE KEYS */;

-- Dumping structure for table kaizen.tblcms_posts
CREATE TABLE IF NOT EXISTS `tblcms_posts` (
  `id` int(11) NOT NULL AUTO_INCREMENT,
  `PostTitle` longtext,
  `PostDetails` longtext,
  `CreationDate` timestamp NULL DEFAULT CURRENT_TIMESTAMP,
  `PostingDate` varchar(255) NOT NULL,
  `UpdationDate` timestamp NULL DEFAULT NULL ON UPDATE CURRENT_TIMESTAMP,
  `Is_Active` int(1) DEFAULT NULL,
  `PostUrl` mediumtext,
  PRIMARY KEY (`id`)
) ENGINE=InnoDB AUTO_INCREMENT=5 DEFAULT CHARSET=utf8;

-- Dumping data for table kaizen.tblcms_posts: ~0 rows (approximately)
DELETE FROM `tblcms_posts`;
/*!40000 ALTER TABLE `tblcms_posts` DISABLE KEYS */;
/*!40000 ALTER TABLE `tblcms_posts` ENABLE KEYS */;

-- Dumping structure for table kaizen.tblfaq_posts
CREATE TABLE IF NOT EXISTS `tblfaq_posts` (
  `id` int(11) NOT NULL AUTO_INCREMENT,
  `PostTitle` longtext,
  `PostDetails` longtext,
  `CreationDate` timestamp NULL DEFAULT CURRENT_TIMESTAMP,
  `UpdationDate` timestamp NULL DEFAULT NULL ON UPDATE CURRENT_TIMESTAMP,
  `Is_Active` int(1) DEFAULT NULL,
  `PostUrl` mediumtext,
  PRIMARY KEY (`id`)
) ENGINE=InnoDB AUTO_INCREMENT=7 DEFAULT CHARSET=utf8;

-- Dumping data for table kaizen.tblfaq_posts: ~3 rows (approximately)
DELETE FROM `tblfaq_posts`;
/*!40000 ALTER TABLE `tblfaq_posts` DISABLE KEYS */;
INSERT INTO `tblfaq_posts` (`id`, `PostTitle`, `PostDetails`, `CreationDate`, `UpdationDate`, `Is_Active`, `PostUrl`) VALUES
	(1, 'What is Lorem Ipsum?', '<p>Lorem Ipsum is simply dummy text of the printing and typesetting industry. Lorem Ipsum has been the industry\'s standard dummy text ever since the 1500s, when an unknown printer took a galley of type and scrambled it to make a type specimen book. </p>', '2019-12-18 14:17:40', '2019-12-18 15:53:16', 1, 'What is Lorem Ipsum?'),
	(3, 'Where does it come from?', '<p><span lang="EN-US" style="font-size:10.5pt;mso-bidi-font-size:\r\n11.0pt;font-family:&quot;&quot;,serif;mso-ascii-theme-font:minor-latin;mso-fareast-theme-font:\r\nminor-fareast;mso-hansi-theme-font:minor-latin;mso-bidi-font-family:&quot;Times New Roman&quot;;\r\nmso-bidi-theme-font:minor-bidi;mso-ansi-language:EN-US;mso-fareast-language:\r\nJA;mso-bidi-language:AR-SA">Contrary&nbsp;to&nbsp;popular&nbsp;belief,&nbsp;Lorem&nbsp;Ipsum&nbsp;is&nbsp;not&nbsp;simply&nbsp;random&nbsp;text.&nbsp;It&nbsp;has&nbsp;roots&nbsp;in&nbsp;a&nbsp;piece&nbsp;of&nbsp;classical&nbsp;Latin&nbsp;literature&nbsp;from&nbsp;45&nbsp;BC,&nbsp;making&nbsp;it&nbsp;over&nbsp;2000&nbsp;years&nbsp;old</span><br></p>', '2019-12-18 14:28:26', '2019-12-18 14:52:17', 1, 'Where-does-it-come-from?'),
	(6, 'How to I find Product Key?', '<p style="padding: 0px 0px 1.5em; border: 0px; font-variant-numeric: inherit; font-variant-east-asian: inherit; font-stretch: inherit; font-size: 16px; line-height: inherit; font-family: wf_segoe-ui_normal, Tahoma, Verdana, Arial, sans-serif; vertical-align: baseline;">Windows 8.1 and Windows 10</p><p style="padding: 0px 0px 1.5em; border: 0px; font-variant-numeric: inherit; font-variant-east-asian: inherit; font-stretch: inherit; font-size: 16px; line-height: inherit; font-family: wf_segoe-ui_normal, Tahoma, Verdana, Arial, sans-serif; vertical-align: baseline;">The product key is located inside the product packaging, on the receipt or confirmation page for a digital purchase or in a confirmation e-mail that shows you purchased Windows. If you purchased a digital copy &nbsp;you can locate your product key in your Account under Digital Content.</p>', '2019-12-18 15:14:52', '2019-12-18 16:33:58', 1, 'How-to-I-find-Product-Key?');
/*!40000 ALTER TABLE `tblfaq_posts` ENABLE KEYS */;

-- Dumping structure for table kaizen.tbl_access_lecture
CREATE TABLE IF NOT EXISTS `tbl_access_lecture` (
  `lecture_type_id` tinyint(3) unsigned NOT NULL,
  `lecture_id` int(10) unsigned NOT NULL,
  `access_id` varchar(1000) NOT NULL
) ENGINE=InnoDB DEFAULT CHARSET=utf8;

-- Dumping data for table kaizen.tbl_access_lecture: ~0 rows (approximately)
DELETE FROM `tbl_access_lecture`;
/*!40000 ALTER TABLE `tbl_access_lecture` DISABLE KEYS */;
/*!40000 ALTER TABLE `tbl_access_lecture` ENABLE KEYS */;

-- Dumping structure for table kaizen.tbl_access_user
CREATE TABLE IF NOT EXISTS `tbl_access_user` (
  `user_level_id` tinyint(3) unsigned NOT NULL,
  `user_id` int(10) unsigned NOT NULL,
  `access_id` varchar(1000) NOT NULL
) ENGINE=InnoDB DEFAULT CHARSET=utf8;

-- Dumping data for table kaizen.tbl_access_user: ~0 rows (approximately)
DELETE FROM `tbl_access_user`;
/*!40000 ALTER TABLE `tbl_access_user` DISABLE KEYS */;
/*!40000 ALTER TABLE `tbl_access_user` ENABLE KEYS */;

-- Dumping structure for table kaizen.tbl_admin
CREATE TABLE IF NOT EXISTS `tbl_admin` (
  `admin_id` int(10) unsigned NOT NULL AUTO_INCREMENT,
  `school_id` int(10) unsigned NOT NULL,
  `admin_name` varchar(255) COLLATE utf8_bin NOT NULL,
  `id` varchar(255) COLLATE utf8_bin DEFAULT NULL,
  `password` varchar(255) COLLATE utf8_bin NOT NULL,
  `access_code` varchar(255) COLLATE utf8_bin DEFAULT NULL,
  `access_datetime` datetime DEFAULT NULL,
  `enable` tinyint(3) unsigned NOT NULL,
  `display_order` int(10) unsigned DEFAULT NULL,
  `manage` tinyint(3) unsigned NOT NULL,
  `permission` varchar(1000) COLLATE utf8_bin NOT NULL,
  `bit_subject` varchar(1000) COLLATE utf8_bin NOT NULL,
  PRIMARY KEY (`admin_id`),
  UNIQUE KEY `id` (`id`),
  KEY `school_id` (`school_id`),
  KEY `enable` (`enable`)
) ENGINE=InnoDB AUTO_INCREMENT=3 DEFAULT CHARSET=utf8 COLLATE=utf8_bin;

-- Dumping data for table kaizen.tbl_admin: ~2 rows (approximately)
DELETE FROM `tbl_admin`;
/*!40000 ALTER TABLE `tbl_admin` DISABLE KEYS */;
INSERT INTO `tbl_admin` (`admin_id`, `school_id`, `admin_name`, `id`, `password`, `access_code`, `access_datetime`, `enable`, `display_order`, `manage`, `permission`, `bit_subject`) VALUES
	(1, 1, 'kjsadmin1', 'J1e2+b8xHnw+z683N/+9oUb8ZhZQ5NsUSER69tvfrPc=', 'h+zr7FqBfbygm3l4rrdRzA==', NULL, NULL, 1, 1, 1, 'FFFF', '0'),
	(2, 1, '', 'bt9Fnfm8uRp1TBXTb8AzM0b8ZhZQ5NsUSER69tvfrPc=', 'M6OhFvmjR27MCLWq3GwIfA==', NULL, NULL, 1, 2, 1, 'FFFF', '0');
/*!40000 ALTER TABLE `tbl_admin` ENABLE KEYS */;

-- Dumping structure for table kaizen.tbl_classroom
CREATE TABLE IF NOT EXISTS `tbl_classroom` (
  `classroom_id` int(10) unsigned NOT NULL AUTO_INCREMENT,
  `school_id` int(10) unsigned NOT NULL,
  `classroom_name` varchar(255) COLLATE utf8_bin NOT NULL,
  `enable` tinyint(3) unsigned NOT NULL DEFAULT '1',
  `display_order` int(10) unsigned DEFAULT NULL,
  PRIMARY KEY (`classroom_id`)
) ENGINE=InnoDB DEFAULT CHARSET=utf8 COLLATE=utf8_bin;

-- Dumping data for table kaizen.tbl_classroom: ~0 rows (approximately)
DELETE FROM `tbl_classroom`;
/*!40000 ALTER TABLE `tbl_classroom` DISABLE KEYS */;
/*!40000 ALTER TABLE `tbl_classroom` ENABLE KEYS */;

-- Dumping structure for table kaizen.tbl_classroom_subject_section
CREATE TABLE IF NOT EXISTS `tbl_classroom_subject_section` (
  `classroom_id` int(10) unsigned NOT NULL,
  `subject_section_id` int(10) unsigned NOT NULL
) ENGINE=InnoDB DEFAULT CHARSET=latin1;

-- Dumping data for table kaizen.tbl_classroom_subject_section: ~0 rows (approximately)
DELETE FROM `tbl_classroom_subject_section`;
/*!40000 ALTER TABLE `tbl_classroom_subject_section` DISABLE KEYS */;
/*!40000 ALTER TABLE `tbl_classroom_subject_section` ENABLE KEYS */;

-- Dumping structure for table kaizen.tbl_common_access_restriction_bk
CREATE TABLE IF NOT EXISTS `tbl_common_access_restriction_bk` (
  `common_access_restriction_id` int(10) unsigned NOT NULL,
  `common_subject_section_id` int(10) unsigned NOT NULL,
  `school_id` int(10) unsigned NOT NULL,
  `grade_enable` tinyint(3) unsigned NOT NULL,
  `classroom_enable` tinyint(3) unsigned NOT NULL,
  `course_enable` tinyint(3) unsigned NOT NULL,
  PRIMARY KEY (`common_access_restriction_id`),
  KEY `common_subject_section_id` (`common_subject_section_id`),
  KEY `grade_enable` (`grade_enable`),
  KEY `classroom_enable` (`classroom_enable`),
  KEY `course_enable` (`course_enable`),
  KEY `school_id` (`school_id`),
  CONSTRAINT `tbl_common_access_restriction_bk_ibfk_2` FOREIGN KEY (`grade_enable`) REFERENCES `mst_boolean` (`boolean_id`),
  CONSTRAINT `tbl_common_access_restriction_bk_ibfk_3` FOREIGN KEY (`classroom_enable`) REFERENCES `mst_boolean` (`boolean_id`),
  CONSTRAINT `tbl_common_access_restriction_bk_ibfk_4` FOREIGN KEY (`course_enable`) REFERENCES `mst_boolean` (`boolean_id`),
  CONSTRAINT `tbl_common_access_restriction_bk_ibfk_5` FOREIGN KEY (`common_subject_section_id`) REFERENCES `tbl_common_subject_section_bk` (`common_subject_section_id`),
  CONSTRAINT `tbl_common_access_restriction_bk_ibfk_6` FOREIGN KEY (`school_id`) REFERENCES `tbl_school` (`school_id`)
) ENGINE=InnoDB DEFAULT CHARSET=utf8 COLLATE=utf8_bin;

-- Dumping data for table kaizen.tbl_common_access_restriction_bk: ~0 rows (approximately)
DELETE FROM `tbl_common_access_restriction_bk`;
/*!40000 ALTER TABLE `tbl_common_access_restriction_bk` DISABLE KEYS */;
/*!40000 ALTER TABLE `tbl_common_access_restriction_bk` ENABLE KEYS */;

-- Dumping structure for table kaizen.tbl_common_access_restriction_classroom_bk
CREATE TABLE IF NOT EXISTS `tbl_common_access_restriction_classroom_bk` (
  `common_access_restriction_id` int(10) unsigned NOT NULL,
  `classroom_id` int(10) unsigned NOT NULL,
  PRIMARY KEY (`common_access_restriction_id`,`classroom_id`),
  KEY `classroom_id` (`classroom_id`),
  CONSTRAINT `tbl_common_access_restriction_classroom_bk_ibfk_1` FOREIGN KEY (`common_access_restriction_id`) REFERENCES `tbl_common_access_restriction_bk` (`common_access_restriction_id`),
  CONSTRAINT `tbl_common_access_restriction_classroom_bk_ibfk_2` FOREIGN KEY (`classroom_id`) REFERENCES `tbl_classroom` (`classroom_id`)
) ENGINE=InnoDB DEFAULT CHARSET=utf8 COLLATE=utf8_bin;

-- Dumping data for table kaizen.tbl_common_access_restriction_classroom_bk: ~0 rows (approximately)
DELETE FROM `tbl_common_access_restriction_classroom_bk`;
/*!40000 ALTER TABLE `tbl_common_access_restriction_classroom_bk` DISABLE KEYS */;
/*!40000 ALTER TABLE `tbl_common_access_restriction_classroom_bk` ENABLE KEYS */;

-- Dumping structure for table kaizen.tbl_common_access_restriction_course_bk
CREATE TABLE IF NOT EXISTS `tbl_common_access_restriction_course_bk` (
  `common_access_restriction_id` int(10) unsigned NOT NULL,
  `course_id` int(10) unsigned NOT NULL,
  PRIMARY KEY (`common_access_restriction_id`,`course_id`),
  KEY `course_id` (`course_id`),
  CONSTRAINT `tbl_common_access_restriction_course_bk_ibfk_1` FOREIGN KEY (`common_access_restriction_id`) REFERENCES `tbl_common_access_restriction_bk` (`common_access_restriction_id`),
  CONSTRAINT `tbl_common_access_restriction_course_bk_ibfk_2` FOREIGN KEY (`course_id`) REFERENCES `tbl_course` (`course_id`)
) ENGINE=InnoDB DEFAULT CHARSET=utf8 COLLATE=utf8_bin;

-- Dumping data for table kaizen.tbl_common_access_restriction_course_bk: ~0 rows (approximately)
DELETE FROM `tbl_common_access_restriction_course_bk`;
/*!40000 ALTER TABLE `tbl_common_access_restriction_course_bk` DISABLE KEYS */;
/*!40000 ALTER TABLE `tbl_common_access_restriction_course_bk` ENABLE KEYS */;

-- Dumping structure for table kaizen.tbl_common_access_restriction_grade_bk
CREATE TABLE IF NOT EXISTS `tbl_common_access_restriction_grade_bk` (
  `common_access_restriction_id` int(10) unsigned NOT NULL,
  `grade_id` int(10) unsigned NOT NULL,
  PRIMARY KEY (`common_access_restriction_id`,`grade_id`),
  KEY `grade_id` (`grade_id`),
  CONSTRAINT `tbl_common_access_restriction_grade_bk_ibfk_1` FOREIGN KEY (`common_access_restriction_id`) REFERENCES `tbl_common_access_restriction_bk` (`common_access_restriction_id`),
  CONSTRAINT `tbl_common_access_restriction_grade_bk_ibfk_2` FOREIGN KEY (`grade_id`) REFERENCES `tbl_grade` (`grade_id`)
) ENGINE=InnoDB DEFAULT CHARSET=utf8 COLLATE=utf8_bin;

-- Dumping data for table kaizen.tbl_common_access_restriction_grade_bk: ~0 rows (approximately)
DELETE FROM `tbl_common_access_restriction_grade_bk`;
/*!40000 ALTER TABLE `tbl_common_access_restriction_grade_bk` DISABLE KEYS */;
/*!40000 ALTER TABLE `tbl_common_access_restriction_grade_bk` ENABLE KEYS */;

-- Dumping structure for table kaizen.tbl_common_access_restriction_school_bk
CREATE TABLE IF NOT EXISTS `tbl_common_access_restriction_school_bk` (
  `common_subject_section_id` int(10) unsigned NOT NULL,
  `school_id` int(10) unsigned NOT NULL,
  PRIMARY KEY (`common_subject_section_id`,`school_id`),
  KEY `school_id` (`school_id`),
  CONSTRAINT `tbl_common_access_restriction_school_bk_ibfk_1` FOREIGN KEY (`common_subject_section_id`) REFERENCES `tbl_common_subject_section_bk` (`common_subject_section_id`),
  CONSTRAINT `tbl_common_access_restriction_school_bk_ibfk_2` FOREIGN KEY (`school_id`) REFERENCES `tbl_school` (`school_id`)
) ENGINE=InnoDB DEFAULT CHARSET=utf8 COLLATE=utf8_bin;

-- Dumping data for table kaizen.tbl_common_access_restriction_school_bk: ~0 rows (approximately)
DELETE FROM `tbl_common_access_restriction_school_bk`;
/*!40000 ALTER TABLE `tbl_common_access_restriction_school_bk` DISABLE KEYS */;
/*!40000 ALTER TABLE `tbl_common_access_restriction_school_bk` ENABLE KEYS */;

-- Dumping structure for table kaizen.tbl_common_contents_attachment_bk
CREATE TABLE IF NOT EXISTS `tbl_common_contents_attachment_bk` (
  `common_contents_attachment_id` int(10) unsigned NOT NULL,
  `common_contents_id` int(10) unsigned NOT NULL,
  `file_name` varchar(255) NOT NULL DEFAULT '',
  PRIMARY KEY (`common_contents_attachment_id`),
  KEY `common_contents_id` (`common_contents_id`),
  CONSTRAINT `tbl_common_contents_attachment_bk_ibfk_1` FOREIGN KEY (`common_contents_id`) REFERENCES `tbl_common_contents_bk` (`common_contents_id`)
) ENGINE=InnoDB DEFAULT CHARSET=utf8;

-- Dumping data for table kaizen.tbl_common_contents_attachment_bk: ~0 rows (approximately)
DELETE FROM `tbl_common_contents_attachment_bk`;
/*!40000 ALTER TABLE `tbl_common_contents_attachment_bk` DISABLE KEYS */;
/*!40000 ALTER TABLE `tbl_common_contents_attachment_bk` ENABLE KEYS */;

-- Dumping structure for table kaizen.tbl_common_contents_bk
CREATE TABLE IF NOT EXISTS `tbl_common_contents_bk` (
  `common_contents_id` int(10) unsigned NOT NULL,
  `common_subject_section_id` int(10) unsigned NOT NULL,
  `common_contents_name` varchar(255) COLLATE utf8_bin NOT NULL,
  `comment` varchar(255) COLLATE utf8_bin NOT NULL,
  `file_name` varchar(255) COLLATE utf8_bin NOT NULL,
  `contents_extension_id` tinyint(3) unsigned NOT NULL,
  `enable` tinyint(3) unsigned NOT NULL DEFAULT '1',
  `display_order` int(10) unsigned DEFAULT NULL,
  PRIMARY KEY (`common_contents_id`),
  UNIQUE KEY `display_order` (`display_order`),
  KEY `common_subject_section_id` (`common_subject_section_id`),
  KEY `contents_extension_id` (`contents_extension_id`),
  KEY `enable` (`enable`),
  CONSTRAINT `tbl_common_contents_bk_ibfk_1` FOREIGN KEY (`common_subject_section_id`) REFERENCES `tbl_common_subject_section_bk` (`common_subject_section_id`),
  CONSTRAINT `tbl_common_contents_bk_ibfk_2` FOREIGN KEY (`contents_extension_id`) REFERENCES `mst_contents_extension` (`contents_extension_id`),
  CONSTRAINT `tbl_common_contents_bk_ibfk_3` FOREIGN KEY (`enable`) REFERENCES `mst_boolean` (`boolean_id`)
) ENGINE=InnoDB DEFAULT CHARSET=utf8 COLLATE=utf8_bin;

-- Dumping data for table kaizen.tbl_common_contents_bk: ~0 rows (approximately)
DELETE FROM `tbl_common_contents_bk`;
/*!40000 ALTER TABLE `tbl_common_contents_bk` DISABLE KEYS */;
/*!40000 ALTER TABLE `tbl_common_contents_bk` ENABLE KEYS */;

-- Dumping structure for table kaizen.tbl_common_subject_bk
CREATE TABLE IF NOT EXISTS `tbl_common_subject_bk` (
  `common_subject_id` int(10) unsigned NOT NULL,
  `common_subject_name` varchar(255) COLLATE utf8_bin NOT NULL,
  `enable` tinyint(3) unsigned NOT NULL DEFAULT '1',
  `display_order` int(10) unsigned DEFAULT NULL,
  PRIMARY KEY (`common_subject_id`),
  UNIQUE KEY `display_order` (`display_order`),
  KEY `enable` (`enable`),
  CONSTRAINT `tbl_common_subject_bk_ibfk_1` FOREIGN KEY (`enable`) REFERENCES `mst_boolean` (`boolean_id`)
) ENGINE=InnoDB DEFAULT CHARSET=utf8 COLLATE=utf8_bin;

-- Dumping data for table kaizen.tbl_common_subject_bk: ~0 rows (approximately)
DELETE FROM `tbl_common_subject_bk`;
/*!40000 ALTER TABLE `tbl_common_subject_bk` DISABLE KEYS */;
/*!40000 ALTER TABLE `tbl_common_subject_bk` ENABLE KEYS */;

-- Dumping structure for table kaizen.tbl_common_subject_section_bk
CREATE TABLE IF NOT EXISTS `tbl_common_subject_section_bk` (
  `common_subject_section_id` int(10) unsigned NOT NULL,
  `common_subject_id` int(10) unsigned NOT NULL,
  `common_subject_section_name` varchar(255) COLLATE utf8_bin NOT NULL,
  `enable` tinyint(3) unsigned NOT NULL DEFAULT '1',
  `display_order` int(10) unsigned DEFAULT NULL,
  PRIMARY KEY (`common_subject_section_id`),
  UNIQUE KEY `display_order` (`display_order`),
  KEY `common_subject_id` (`common_subject_id`),
  KEY `enable` (`enable`),
  CONSTRAINT `tbl_common_subject_section_bk_ibfk_1` FOREIGN KEY (`common_subject_id`) REFERENCES `tbl_common_subject_bk` (`common_subject_id`),
  CONSTRAINT `tbl_common_subject_section_bk_ibfk_2` FOREIGN KEY (`enable`) REFERENCES `mst_boolean` (`boolean_id`)
) ENGINE=InnoDB DEFAULT CHARSET=utf8 COLLATE=utf8_bin;

-- Dumping data for table kaizen.tbl_common_subject_section_bk: ~0 rows (approximately)
DELETE FROM `tbl_common_subject_section_bk`;
/*!40000 ALTER TABLE `tbl_common_subject_section_bk` DISABLE KEYS */;
/*!40000 ALTER TABLE `tbl_common_subject_section_bk` ENABLE KEYS */;

-- Dumping structure for table kaizen.tbl_contents
CREATE TABLE IF NOT EXISTS `tbl_contents` (
  `contents_id` int(10) unsigned NOT NULL AUTO_INCREMENT,
  `school_id` int(10) unsigned NOT NULL DEFAULT '0',
  `contents_category_id` tinyint(3) unsigned NOT NULL DEFAULT '1',
  `subject_section_id` int(10) unsigned NOT NULL,
  `contents_name` varchar(255) COLLATE utf8_bin NOT NULL,
  `comment` varchar(255) COLLATE utf8_bin NOT NULL,
  `first_day` date DEFAULT NULL,
  `last_day` date DEFAULT NULL,
  `file_name` varchar(255) COLLATE utf8_bin NOT NULL,
  `user_level_id` tinyint(3) unsigned NOT NULL DEFAULT '1',
  `register_id` int(10) unsigned NOT NULL,
  `register_datetime` datetime DEFAULT NULL,
  `contents_extension_id` tinyint(3) unsigned NOT NULL,
  `size` int(10) unsigned NOT NULL,
  `enable` tinyint(3) unsigned NOT NULL DEFAULT '1',
  `display_order` int(10) unsigned NOT NULL DEFAULT '1',
  `bit_classroom` varchar(1000) COLLATE utf8_bin NOT NULL DEFAULT '0',
  `proportion` int(10) unsigned NOT NULL DEFAULT '50',
  PRIMARY KEY (`contents_id`)
) ENGINE=InnoDB AUTO_INCREMENT=211 DEFAULT CHARSET=utf8 COLLATE=utf8_bin;

-- Dumping data for table kaizen.tbl_contents: ~137 rows (approximately)
DELETE FROM `tbl_contents`;
/*!40000 ALTER TABLE `tbl_contents` DISABLE KEYS */;
INSERT INTO `tbl_contents` (`contents_id`, `school_id`, `contents_category_id`, `subject_section_id`, `contents_name`, `comment`, `first_day`, `last_day`, `file_name`, `user_level_id`, `register_id`, `register_datetime`, `contents_extension_id`, `size`, `enable`, `display_order`, `bit_classroom`, `proportion`) VALUES
	(74, 1, 1, 0, 'The Impact of Kaizen', '', '0000-01-01', '9999-12-31', 'MH1 The Impact of Kaizen', 0, 2, '2020-01-15 01:07:55', 4, 3381841, 0, 1, '2', 50),
	(75, 1, 1, 0, 'The Impact of Kaizen', '', '0000-01-01', '9999-12-31', 'MH1 The Impact of Kaizen', 0, 2, '2020-01-15 01:11:50', 4, 3381841, 0, 75, '2', 50),
	(76, 1, 1, 0, 'Introduction of Kaizen', '', '0000-01-01', '9999-12-31', 'MH2 Introduction of Kaizen', 0, 2, '2020-01-15 01:16:22', 4, 5062600, 0, 76, '8', 50),
	(77, 1, 1, 0, 'Introduction of Kaizen', '', '0000-01-01', '9999-12-31', 'MH2 Introduction of Kaizen', 0, 2, '2020-01-15 01:16:44', 4, 5062600, 0, 77, '8', 50),
	(78, 1, 1, 0, 'The Impact of Kaizen', '', '0000-01-01', '9999-12-31', 'MH1 The Impact of Kaizen', 0, 2, '2020-01-15 02:01:42', 4, 3381841, 1, 78, '2', 50),
	(79, 1, 1, 0, 'The Impact of Kaizen', '', '0000-01-01', '9999-12-31', 'MH1 The Impact of Kaizen', 0, 2, '2020-01-15 02:06:12', 4, 3381841, 1, 79, '2', 50),
	(80, 1, 1, 0, 'Introduction of Kaizen', '', '0000-01-01', '9999-12-31', 'MH2 Introduction of Kaizen', 0, 2, '2020-01-15 02:41:35', 4, 5062600, 1, 80, '8', 50),
	(81, 1, 1, 0, 'Introduction of Kaizen', '', '0000-01-01', '9999-12-31', 'MH2 Introduction of Kaizen', 0, 2, '2020-01-15 02:41:55', 4, 5062600, 1, 81, '8', 50),
	(82, 1, 1, 0, 'Examples of Kaizen', '', '0000-01-01', '9999-12-31', 'MH3 Examples of Kaizen', 0, 2, '2020-01-15 02:45:15', 4, 4864303, 1, 82, '4', 50),
	(83, 1, 1, 0, 'Examples of Kaizen', '', '0000-01-01', '9999-12-31', 'MH3 Examples of Kaizen', 0, 2, '2020-01-15 02:45:35', 4, 4864303, 1, 83, '4', 50),
	(84, 1, 1, 0, 'Basic Concepts of Kaizen', '', '0000-01-01', '9999-12-31', 'MH4 Basic Concepts of Kaizen', 0, 2, '2020-01-15 02:50:25', 4, 3855561, 1, 84, '10', 50),
	(85, 1, 1, 0, 'Basic Concepts of Kaizen', '', '0000-01-01', '9999-12-31', 'MH4 Basic Concepts of Kaizen', 0, 2, '2020-01-15 02:50:42', 4, 3855561, 1, 85, '10', 50),
	(86, 1, 1, 0, 'Kaizen and Innovation', '', '0000-01-01', '9999-12-31', 'MH5 Kaizen and Innovation', 0, 2, '2020-01-15 02:57:03', 4, 3285197, 1, 86, '20', 50),
	(87, 1, 1, 0, 'Kaizen and Innovation', '', '0000-01-01', '9999-12-31', 'MH5 Kaizen and Innovation', 0, 2, '2020-01-15 02:57:17', 4, 3285197, 1, 87, '20', 50),
	(88, 1, 1, 0, 'Work and Muda (Waste)', '', '0000-01-01', '9999-12-31', 'MH6 Work and Muda (Waste)', 0, 2, '2020-01-15 05:46:02', 4, 5814521, 1, 88, '40', 50),
	(89, 1, 1, 0, 'Work and Muda (Waste)', '', '0000-01-01', '9999-12-31', 'MH6 Work and Muda (Waste)', 0, 2, '2020-01-15 05:46:28', 4, 5814521, 1, 89, '40', 50),
	(90, 1, 1, 0, 'Top-down and Bottom-up', '', '0000-01-01', '9999-12-31', 'MH8 Top-down and Bottom-up', 0, 2, '2020-01-15 05:53:15', 4, 3747694, 1, 90, '400', 50),
	(91, 1, 1, 0, 'Top-down and Bottom-up', '', '0000-01-01', '9999-12-31', 'MH8 Top-down and Bottom-up', 0, 2, '2020-01-15 05:53:38', 4, 3747694, 1, 91, '400', 50),
	(92, 1, 1, 0, 'Organization of Kaizen', '', '0000-01-01', '9999-12-31', 'MH9 Organization of Kaizen', 0, 2, '2020-01-15 05:55:41', 4, 3379621, 1, 92, '800', 50),
	(93, 1, 1, 0, 'Organization of Kaizen', '', '0000-01-01', '9999-12-31', 'MH9 Organization of Kaizen', 0, 2, '2020-01-15 05:56:00', 4, 3379621, 1, 93, '800', 50),
	(94, 1, 1, 0, 'Roles of Manager, Leader and Group', '', '0000-01-01', '9999-12-31', 'MH10 Roles of Manager, Leader and Group', 0, 2, '2020-01-15 05:58:20', 4, 3538098, 1, 94, '1000', 50),
	(95, 1, 1, 0, 'Roles of Manager, Leader and Group', '', '0000-01-01', '9999-12-31', 'MH10 Roles of Manager, Leader and Group', 0, 2, '2020-01-15 05:58:36', 4, 3538098, 1, 95, '1000', 50),
	(96, 1, 1, 0, 'Streamlining', '', '0000-01-01', '9999-12-31', 'MH7 Streamlining', 0, 2, '2020-01-15 06:01:51', 4, 4096482, 1, 96, '0-0-1000', 50),
	(97, 1, 1, 0, 'Streamlining', '', '0000-01-01', '9999-12-31', 'MH7 Streamlining', 0, 2, '2020-01-15 06:02:14', 4, 4096482, 1, 97, '0-0-1000', 50),
	(98, 1, 1, 0, 'Productivity experience in  Japan', '', '0000-01-01', '9999-12-31', 'KR-1 Productivity experience in  Japan', 0, 2, '2020-01-15 06:04:19', 4, 5044829, 1, 98, '0-0-8000', 50),
	(99, 1, 1, 0, 'Productivity experience in  Japan', '', '0000-01-01', '9999-12-31', 'KR-1 Productivity experience in  Japan', 0, 2, '2020-01-15 06:04:40', 4, 5044829, 1, 99, '0-0-8000', 50),
	(100, 1, 1, 0, 'Productivity experience at companies', '', '0000-01-01', '9999-12-31', 'KR-2 Productivity experience at companies', 0, 2, '2020-01-15 06:06:49', 4, 5382775, 1, 100, '0-0-10000', 50),
	(101, 1, 1, 0, 'Productivity experience at companies', '', '0000-01-01', '9999-12-31', 'KR-2 Productivity experience at companies', 0, 2, '2020-01-15 06:07:10', 4, 5382775, 1, 101, '0-0-10000', 50),
	(102, 1, 1, 0, 'Productivity concept and formula', '', '0000-01-01', '9999-12-31', 'KR-3 Productivty concept and formula', 0, 2, '2020-01-15 06:08:24', 4, 4224608, 1, 102, '0-0-20000', 50),
	(103, 1, 1, 0, 'Productivity concept and formula', '', '0000-01-01', '9999-12-31', 'KR-3 Productivty concept and formula', 0, 2, '2020-01-15 06:08:45', 4, 4224608, 1, 103, '0-0-20000', 50),
	(104, 1, 1, 0, 'Importance of productivity measurement', '', '0000-01-01', '9999-12-31', 'KR-4 Importance of productivity measurement', 0, 2, '2020-01-15 06:10:19', 4, 3644761, 1, 104, '0-0-40000', 50),
	(105, 1, 1, 0, 'Importance of productivity measurement', '', '0000-01-01', '9999-12-31', 'KR-4 Importance of productivity measurement', 0, 2, '2020-01-15 06:10:42', 4, 3644761, 1, 105, '0-0-40000', 50),
	(106, 1, 1, 0, 'Productivity Levers checklist', '', '0000-01-01', '9999-12-31', 'KR-5 Productivity Levers check list', 0, 2, '2020-01-15 06:13:21', 4, 4559342, 1, 106, '0-0-80000', 50),
	(107, 1, 1, 0, 'Productivity Levers checklist', '', '0000-01-01', '9999-12-31', 'KR-5 Productivity Levers check list', 0, 2, '2020-01-15 06:14:10', 4, 4559342, 1, 107, '0-0-80000', 50),
	(108, 1, 1, 0, 'Value added', '', '0000-01-01', '9999-12-31', 'KR-6 Value added', 0, 2, '2020-01-15 06:15:37', 4, 4374712, 1, 108, '0-0-100000', 50),
	(109, 1, 1, 0, 'Value added', '', '0000-01-01', '9999-12-31', 'KR-6 Value added', 0, 2, '2020-01-15 06:15:58', 4, 4374712, 1, 109, '0-0-100000', 50),
	(110, 1, 1, 0, 'Value added productivity calculation', '', '0000-01-01', '9999-12-31', 'KR-7 Value added productivity calculation', 0, 2, '2020-01-15 06:17:00', 4, 3450114, 1, 110, '0-0-200000', 50),
	(111, 1, 1, 0, 'Value added productivity calculation', '', '0000-01-01', '9999-12-31', 'KR-7 Value added productivity calculation', 0, 2, '2020-01-15 06:17:22', 4, 3450114, 1, 111, '0-0-200000', 50),
	(112, 1, 1, 0, 'Value added work at shop floor', '', '0000-01-01', '9999-12-31', 'KR-8 Value added work at shop floor', 0, 2, '2020-01-15 06:19:15', 4, 4647038, 1, 112, '0-0-400000', 50),
	(113, 1, 1, 0, 'Value added work at shop floor', '', '0000-01-01', '9999-12-31', 'KR-8 Value added work at shop floor', 0, 2, '2020-01-15 06:19:33', 4, 4647038, 1, 113, '0-0-400000', 50),
	(114, 1, 1, 0, 'The Impact of Kaizen', '', '0000-01-01', '9999-12-31', 'The Impact of Kaizen', 0, 2, '2020-01-15 09:46:05', 4, 3381841, 1, 114, '0-0-4000000', 50),
	(115, 1, 1, 0, 'Examples of Kaizen', '', '0000-01-01', '9999-12-31', 'Examples of Kaizen', 0, 2, '2020-01-15 09:47:00', 4, 4864303, 1, 115, '0-0-4000000', 50),
	(116, 1, 1, 0, 'Seven Wastes', '', '0000-01-01', '9999-12-31', 'KR-9 Seven Wastes', 0, 2, '2020-01-16 04:25:17', 4, 3676234, 1, 116, '0-0-8', 50),
	(117, 1, 1, 0, 'Seven Wastes', '', '0000-01-01', '9999-12-31', 'KR-9 Seven Wastes', 0, 2, '2020-01-16 04:25:36', 4, 3676234, 1, 117, '0-0-8', 50),
	(118, 1, 1, 0, 'Waste 1 Overproduction', '', '0000-01-01', '9999-12-31', 'KR-10 Waste 1 Overproduction', 0, 2, '2020-01-16 04:26:52', 4, 5411921, 1, 118, '0-4000000', 50),
	(119, 1, 1, 0, 'Waste 1 Overproduction', '', '0000-01-01', '9999-12-31', 'KR-10 Waste 1 Overproduction', 0, 2, '2020-01-16 04:27:21', 4, 5411921, 1, 119, '0-4000000', 50),
	(120, 1, 1, 0, 'Waste 2 Inventory', '', '0000-01-01', '9999-12-31', 'KR-11 Waste 2 Inventory', 0, 2, '2020-01-16 04:29:15', 4, 5736741, 1, 120, '0-8000000', 50),
	(121, 1, 1, 0, 'Waste 2 Inventory', '', '0000-01-01', '9999-12-31', 'KR-11 Waste 2 Inventory', 0, 2, '2020-01-16 04:29:39', 4, 5736741, 1, 121, '0-8000000', 50),
	(122, 1, 1, 0, 'Waste 3 Defects', '', '0000-01-01', '9999-12-31', 'KR-12 Waste 3 Defects', 0, 2, '2020-01-16 04:30:55', 4, 7565788, 1, 122, '0-10000000', 50),
	(123, 1, 1, 0, 'Waste 3 Defects', '', '0000-01-01', '9999-12-31', 'KR-12 Waste 3 Defects', 0, 2, '2020-01-16 04:31:27', 4, 7565788, 1, 123, '0-10000000', 50),
	(124, 1, 1, 0, 'Waste 4 Transportation', '', '0000-01-01', '9999-12-31', 'KR-13 Waste 4 Transportation', 0, 2, '2020-01-16 04:33:16', 4, 6209318, 1, 124, '0-20000000', 50),
	(125, 1, 1, 0, 'Waste 4 Transportation', '', '0000-01-01', '9999-12-31', 'KR-13 Waste 4 Transportation', 0, 2, '2020-01-16 04:33:41', 4, 6209318, 1, 125, '0-20000000', 50),
	(126, 1, 1, 0, 'Waste 5 Waiting', '', '0000-01-01', '9999-12-31', 'KR-14 Waste 5 Waiting', 0, 2, '2020-01-16 04:35:14', 4, 4446343, 1, 126, '0-40000000', 50),
	(127, 1, 1, 0, 'Waste 5 Waiting', '', '0000-01-01', '9999-12-31', 'KR-14 Waste 5 Waiting', 0, 2, '2020-01-16 04:35:35', 4, 4446343, 1, 127, '0-40000000', 50),
	(128, 1, 1, 0, 'Waste 6 Motion', '', '0000-01-01', '9999-12-31', 'KR-15 Waste 6 Motion', 0, 2, '2020-01-16 04:37:16', 4, 6189420, 1, 128, '0-0-1', 50),
	(129, 1, 1, 0, 'Waste 6 Motion', '', '0000-01-01', '9999-12-31', 'KR-15 Waste 6 Motion', 0, 2, '2020-01-16 04:38:00', 4, 6189420, 1, 129, '0-0-1', 50),
	(130, 1, 1, 0, 'Waste 7 Processing', '', '0000-01-01', '9999-12-31', 'KR-16 Waste 7 Processing', 0, 2, '2020-01-16 04:39:28', 4, 3872096, 1, 130, '0-0-2', 50),
	(131, 1, 1, 0, 'Waste 7 Processing', '', '0000-01-01', '9999-12-31', 'KR-16 Waste 7 Processing', 0, 2, '2020-01-16 04:39:49', 4, 3872096, 1, 131, '0-0-2', 50),
	(132, 1, 1, 0, 'ECRS', '', '0000-01-01', '9999-12-31', 'KR-17 ECRS', 0, 2, '2020-01-20 07:49:58', 4, 6467979, 1, 132, '80', 50),
	(133, 1, 1, 0, 'ECRS', '', '0000-01-01', '9999-12-31', 'KR-17 ECRS', 0, 2, '2020-01-20 07:50:28', 4, 6467979, 1, 133, '80', 50),
	(134, 1, 1, 0, 'Process analysis', '', '0000-01-01', '9999-12-31', 'KR-18 Process analysis', 0, 2, '2020-01-20 07:52:21', 4, 5406465, 1, 134, '0-0-40', 50),
	(135, 1, 1, 0, 'Process analysis', '', '0000-01-01', '9999-12-31', 'KR-18 Process analysis', 0, 2, '2020-01-20 07:52:47', 4, 5406465, 1, 135, '0-0-40', 50),
	(136, 1, 1, 0, 'General process flow analysis', '', '0000-01-01', '9999-12-31', 'KR-19 General process flow analysis', 0, 2, '2020-01-20 07:53:56', 4, 6929856, 1, 136, '0-0-80', 50),
	(137, 1, 1, 0, 'General process flow analysis', '', '0000-01-01', '9999-12-31', 'KR-19 General process flow analysis', 0, 2, '2020-01-20 07:54:28', 4, 6929856, 1, 137, '0-0-80', 50),
	(138, 1, 1, 0, 'Time study Method', '', '0000-01-01', '9999-12-31', 'KR-20 Time study Method', 0, 2, '2020-01-20 07:55:31', 4, 7778431, 1, 138, '0-0-100', 50),
	(139, 1, 1, 0, 'Time study Method', '', '0000-01-01', '9999-12-31', 'KR-20 Time study Method', 0, 2, '2020-01-20 07:55:55', 4, 7778431, 1, 139, '0-0-100', 50),
	(140, 1, 1, 0, 'Time Study Case for Improvement', '', '0000-01-01', '9999-12-31', 'KR-21 Time Study Case for Improvement', 0, 2, '2020-01-20 07:57:05', 4, 4695802, 1, 140, '0-0-200', 50),
	(141, 1, 1, 0, 'Time Study Case for Improvement', '', '0000-01-01', '9999-12-31', 'KR-21 Time Study Case for Improvement', 0, 2, '2020-01-20 07:57:23', 4, 4695802, 1, 141, '0-0-200', 50),
	(142, 1, 1, 0, 'Line Balancing Method', '', '0000-01-01', '9999-12-31', 'KR-22 Line Balancing Method', 0, 2, '2020-01-20 07:58:31', 4, 7704478, 1, 142, '0-0-400', 50),
	(143, 1, 1, 0, 'Line Balancing Method', '', '0000-01-01', '9999-12-31', 'KR-22 Line Balancing Method', 0, 2, '2020-01-20 07:59:05', 4, 7704478, 1, 143, '0-0-400', 50),
	(144, 1, 1, 0, 'Shortening Lead time', '', '0000-01-01', '9999-12-31', 'KR-23 Shortening Lead time', 0, 2, '2020-01-20 08:00:31', 4, 5664930, 1, 144, '0-0-20', 50),
	(145, 1, 1, 0, 'Shortening Lead time', '', '0000-01-01', '9999-12-31', 'KR-23 Shortening Lead time', 0, 2, '2020-01-20 08:00:56', 4, 5664930, 1, 145, '0-0-20', 50),
	(146, 1, 1, 0, 'Objectives and Subjects of Kaizen', '', '0000-01-01', '9999-12-31', 'MH11 Objectives and Subjects of Kaizen', 0, 2, '2020-01-20 08:03:16', 4, 3129062, 1, 146, '2000', 50),
	(147, 1, 1, 0, 'Objectives and Subjects of Kaizen', '', '0000-01-01', '9999-12-31', 'MH11 Objectives and Subjects of Kaizen', 0, 2, '2020-01-20 08:03:36', 4, 3129062, 1, 147, '2000', 50),
	(148, 1, 1, 0, 'PDCA Cycle of Kaizen', '', '0000-01-01', '9999-12-31', 'MH12 PDCA Cycle of Kaizen', 0, 2, '2020-01-20 08:04:25', 4, 3108432, 1, 148, '4000', 50),
	(149, 1, 1, 0, 'PDCA Cycle of Kaizen', '', '0000-01-01', '9999-12-31', 'MH12 PDCA Cycle of Kaizen', 0, 2, '2020-01-20 08:04:49', 4, 3108432, 1, 149, '4000', 50),
	(150, 1, 1, 0, 'Kaizen Suggestion and Activity Board', '', '0000-01-01', '9999-12-31', 'MH13 Kaizen Suggestion and Activity Board', 0, 2, '2020-01-20 08:05:58', 4, 5941706, 1, 150, '8000', 50),
	(151, 1, 1, 0, 'Kaizen Suggestion and Activity Board', '', '0000-01-01', '9999-12-31', 'MH13 Kaizen Suggestion and Activity Board', 0, 2, '2020-01-20 08:06:22', 4, 5941706, 1, 151, '8000', 50),
	(152, 1, 1, 0, 'Competition and Awarding System', '', '0000-01-01', '9999-12-31', 'MH14 Competition and Awarding System', 0, 2, '2020-01-20 08:07:25', 4, 2152205, 1, 152, '10000', 50),
	(153, 1, 1, 0, 'Competition and Awarding System', '', '0000-01-01', '9999-12-31', 'MH14 Competition and Awarding System', 0, 2, '2020-01-20 08:07:39', 4, 2152205, 1, 153, '10000', 50),
	(154, 1, 1, 0, 'Cost Reduction and Moral up of Employees', '', '0000-01-01', '9999-12-31', 'MH15 Cost Reduction and Moral up of Employees', 0, 2, '2020-01-20 08:08:34', 4, 3882765, 1, 154, '20000', 50),
	(155, 1, 1, 0, 'Cost Reduction and Moral up of Employees', '', '0000-01-01', '9999-12-31', 'MH15 Cost Reduction and Moral up of Employees', 0, 2, '2020-01-20 08:09:03', 4, 3882765, 1, 155, '20000', 50),
	(156, 1, 1, 0, 'Steps for Kaizen Procedure', '', '0000-01-01', '9999-12-31', 'MH16 Steps for Kaizen Procedure', 0, 2, '2020-01-20 08:10:40', 4, 4592934, 1, 156, '100000', 50),
	(157, 1, 1, 0, 'Steps for Kaizen Procedure', '', '0000-01-01', '9999-12-31', 'MH16 Steps for Kaizen Procedure', 0, 2, '2020-01-20 08:10:56', 4, 4592934, 1, 157, '100000', 50),
	(158, 1, 1, 0, 'Problem Identification', '', '0000-01-01', '9999-12-31', 'MH17 Problem Identification', 0, 2, '2020-01-20 08:13:01', 4, 7334693, 1, 158, '200000', 50),
	(159, 1, 1, 0, 'Problem Identification', '', '0000-01-01', '9999-12-31', 'MH17 Problem Identification', 0, 2, '2020-01-20 08:13:36', 4, 7334693, 1, 159, '200000', 50),
	(160, 1, 1, 0, 'Problem Solving Techniques', '', '0000-01-01', '9999-12-31', 'MH18 Problem Solving Techniques', 0, 2, '2020-01-20 08:14:24', 4, 6712667, 1, 160, '400000', 50),
	(161, 1, 1, 0, 'Problem Solving Techniques', '', '0000-01-01', '9999-12-31', 'MH18 Problem Solving Techniques', 0, 2, '2020-01-20 08:14:52', 4, 6712667, 1, 161, '400000', 50),
	(162, 1, 1, 0, 'Five Why Method', '', '0000-01-01', '9999-12-31', 'MH19 Five Why Method', 0, 2, '2020-01-20 08:15:50', 4, 2929768, 1, 162, '800000', 50),
	(163, 1, 1, 0, 'Five Why Method', '', '0000-01-01', '9999-12-31', 'MH19 Five Why Method', 0, 2, '2020-01-20 08:16:09', 4, 2929768, 1, 163, '800000', 50),
	(164, 1, 1, 0, 'Evaluation of Countermeasures', '', '0000-01-01', '9999-12-31', 'MH20 Evaluation of Countermeasures', 0, 2, '2020-01-20 08:17:06', 4, 3759069, 1, 164, '1000000', 50),
	(165, 1, 1, 0, 'Evaluation of Countermeasures', '', '0000-01-01', '9999-12-31', 'MH20 Evaluation of Countermeasures', 0, 2, '2020-01-20 08:17:28', 4, 3759069, 1, 165, '1000000', 50),
	(166, 1, 1, 0, 'Confirming Results and Standarization', '', '0000-01-01', '9999-12-31', 'MH21 Confirming Results and Standarization', 0, 2, '2020-01-20 08:18:40', 4, 5073531, 1, 166, '2000000', 50),
	(167, 1, 1, 0, 'Confirming Results and Standarization', '', '0000-01-01', '9999-12-31', 'MH21 Confirming Results and Standarization', 0, 2, '2020-01-20 08:19:38', 4, 5073531, 1, 167, '2000000', 50),
	(168, 1, 1, 0, 'Standardization', '', '0000-01-01', '9999-12-31', 'MH22 Standardization', 0, 2, '2020-01-20 08:22:17', 4, 6673972, 1, 168, '0-400000', 50),
	(169, 1, 1, 0, 'Standardization', '', '0000-01-01', '9999-12-31', 'MH22 Standardization', 0, 2, '2020-01-20 08:22:43', 4, 6673972, 1, 169, '0-400000', 50),
	(170, 1, 1, 0, 'Standard Operation Procedure (SOP)', '', '0000-01-01', '9999-12-31', 'MH23 Standard Operation Procedure (SOP)', 0, 2, '2020-01-20 08:23:58', 4, 7032568, 1, 170, '0-800000', 50),
	(171, 1, 1, 0, 'Standard Operation Procedure (SOP)', '', '0000-01-01', '9999-12-31', 'MH23 Standard Operation Procedure (SOP)', 0, 2, '2020-01-20 08:24:27', 4, 7032568, 1, 171, '0-800000', 50),
	(172, 1, 1, 0, 'Takt Time', '', '0000-01-01', '9999-12-31', 'MH24 Takt Time', 0, 2, '2020-01-20 08:27:09', 4, 7346873, 0, 172, '0-0-800', 50),
	(173, 1, 1, 0, 'Takt Time', '', '0000-01-01', '9999-12-31', 'MH24 Takt Time', 0, 2, '2020-01-20 08:27:41', 4, 7346873, 0, 173, '0-0-800', 50),
	(174, 1, 1, 0, '5S', '', '0000-01-01', '9999-12-31', 'KJ1 5S', 0, 2, '2020-01-27 05:55:41', 4, 3689227, 1, 174, '0-40', 50),
	(175, 1, 1, 0, '5S', '', '0000-01-01', '9999-12-31', 'KJ1 5S', 0, 2, '2020-01-27 05:56:05', 4, 3689227, 1, 175, '0-40', 50),
	(176, 1, 1, 0, '5S and Its Effect', '', '0000-01-01', '9999-12-31', 'KJ2 5S and Its Effect', 0, 2, '2020-01-27 05:57:02', 4, 3029081, 1, 176, '0-80', 50),
	(177, 1, 1, 0, '5S and Its Effect', '', '0000-01-01', '9999-12-31', 'KJ2 5S and Its Effect', 0, 2, '2020-01-27 05:57:15', 4, 3029081, 1, 177, '0-80', 50),
	(178, 1, 1, 0, 'Sort (Seiri) and Straighten (Seiton)', '', '0000-01-01', '9999-12-31', 'KJ3 Sort (Seiri) and Straighten (Seiton)', 0, 2, '2020-01-27 05:58:12', 4, 4253189, 1, 178, '0-400', 50),
	(179, 1, 1, 0, 'Sort (Seiri) and Straighten (Seiton)', '', '0000-01-01', '9999-12-31', 'KJ3 Sort (Seiri) and Straighten (Seiton)', 0, 2, '2020-01-27 05:58:31', 4, 4253189, 1, 179, '0-400', 50),
	(180, 1, 1, 0, 'Red Card tagging', '', '0000-01-01', '9999-12-31', 'KJ4 Red Card tagging', 0, 2, '2020-01-27 05:59:27', 4, 3430169, 1, 180, '0-800', 50),
	(181, 1, 1, 0, 'Red Card tagging', '', '0000-01-01', '9999-12-31', 'KJ4 Red Card tagging', 0, 2, '2020-01-27 06:00:11', 4, 3430169, 1, 181, '0-800', 50),
	(182, 1, 1, 0, 'Sort(Seiri) in Essence', '', '0000-01-01', '9999-12-31', 'KJ5 Sort(Seiri) in Essence', 0, 2, '2020-01-27 06:01:03', 4, 2064291, 1, 182, '0-1000', 50),
	(183, 1, 1, 0, 'Sort(Seiri) in Essence', '', '0000-01-01', '9999-12-31', 'KJ5 Sort(Seiri) in Essence', 0, 2, '2020-01-27 06:01:31', 4, 2064291, 1, 183, '0-1000', 50),
	(184, 1, 1, 0, '3T', '', '0000-01-01', '9999-12-31', 'KJ6 3T', 0, 2, '2020-01-27 06:02:19', 4, 2122013, 1, 184, '0-2000', 50),
	(185, 1, 1, 0, '3T', '', '0000-01-01', '9999-12-31', 'KJ6 3T', 0, 2, '2020-01-27 06:02:33', 4, 2122013, 1, 185, '0-2000', 50),
	(186, 1, 1, 0, 'Clarifying Location', '', '0000-01-01', '9999-12-31', 'KJ7 Clarifying Location', 0, 2, '2020-01-27 06:03:14', 4, 2818939, 1, 186, '0-4000', 50),
	(187, 1, 1, 0, 'Clarifying Location', '', '0000-01-01', '9999-12-31', 'KJ7 Clarifying Location', 0, 2, '2020-01-27 06:03:44', 4, 2818939, 1, 187, '0-4000', 50),
	(188, 1, 1, 0, 'Reorder Point', '', '0000-01-01', '9999-12-31', 'KJ8 Reorder Point', 0, 2, '2020-01-27 06:04:53', 4, 4923077, 1, 188, '0-8000', 50),
	(189, 1, 1, 0, 'Reorder Point', '', '0000-01-01', '9999-12-31', 'KJ8 Reorder Point', 0, 2, '2020-01-27 06:05:12', 4, 4923077, 1, 189, '0-8000', 50),
	(190, 1, 1, 0, 'Labeling', '', '0000-01-01', '9999-12-31', 'KJ9 Labeling', 0, 2, '2020-01-27 06:05:54', 4, 3864614, 1, 190, '0-10000', 50),
	(191, 1, 1, 0, 'Labeling', '', '0000-01-01', '9999-12-31', 'KJ9 Labeling', 0, 2, '2020-01-27 06:06:19', 4, 3864614, 1, 191, '0-10000', 50),
	(192, 1, 1, 0, 'Tracing Control', '', '0000-01-01', '9999-12-31', 'KJ10 Tracing Control', 0, 2, '2020-01-27 06:07:21', 4, 3289648, 1, 192, '0-20000', 50),
	(193, 1, 1, 0, 'Tracing Control', '', '0000-01-01', '9999-12-31', 'KJ10 Tracing Control', 0, 2, '2020-01-27 06:07:39', 4, 3289648, 1, 193, '0-20000', 50),
	(194, 1, 1, 0, 'Shine (Seisou)', '', '0000-01-01', '9999-12-31', 'KJ11 Shine (Seisou)', 0, 2, '2020-01-27 06:13:19', 4, 3017106, 1, 194, '0-100000', 50),
	(195, 1, 1, 0, 'Shine (Seisou)', '', '0000-01-01', '9999-12-31', 'KJ11 Shine (Seisou)', 0, 2, '2020-01-27 06:13:39', 4, 3017106, 1, 195, '0-100000', 50),
	(196, 1, 1, 0, 'Standardize (Seiketsu) and Sustain (Shitsuke)', '', '0000-01-01', '9999-12-31', 'KJ12 Standardize (Seiketsu) and Sustain (Shitsuke)', 0, 2, '2020-01-27 06:14:37', 4, 4656290, 1, 196, '0-200000', 50),
	(197, 1, 1, 0, 'Standardize (Seiketsu) and Sustain (Shitsuke)', '', '0000-01-01', '9999-12-31', 'KJ12 Standardize (Seiketsu) and Sustain (Shitsuke)', 0, 2, '2020-01-27 06:14:55', 4, 4656290, 1, 197, '0-200000', 50),
	(198, 1, 1, 0, 'Segmentation', '', '0000-01-01', '9999-12-31', 'KR-24 Segmentation', 0, 2, '2020-01-27 06:20:11', 4, 5011842, 1, 198, '10000000', 50),
	(199, 1, 1, 0, 'Segmentation', '', '0000-01-01', '9999-12-31', 'KR-24 Segmentation', 0, 2, '2020-01-27 06:21:28', 4, 5011842, 1, 199, '10000000', 50),
	(200, 1, 1, 0, 'Targeting', '', '0000-01-01', '9999-12-31', 'KR-25Targeting', 0, 2, '2020-01-27 06:22:14', 4, 3428793, 1, 200, '20000000', 50),
	(201, 1, 1, 0, 'Targeting', '', '0000-01-01', '9999-12-31', 'KR-25Targeting', 0, 2, '2020-01-27 06:22:32', 4, 3428793, 1, 201, '20000000', 50),
	(202, 1, 1, 0, 'Positioning', '', '0000-01-01', '9999-12-31', 'KR-26 Positioning', 0, 2, '2020-01-27 06:23:26', 4, 4073355, 1, 202, '40000000', 50),
	(203, 1, 1, 0, 'Positioning', '', '0000-01-01', '9999-12-31', 'KR-26 Positioning', 0, 2, '2020-01-27 06:23:44', 4, 4073355, 1, 203, '40000000', 50),
	(204, 1, 1, 0, 'Takt Time', '', '0000-01-01', '9999-12-31', 'MH24 Takt Time', 0, 2, '2020-01-27 06:25:14', 4, 7400250, 1, 204, '0-0-800', 50),
	(205, 1, 1, 0, 'Takt Time', '', '0000-01-01', '9999-12-31', 'MH24 Takt Time', 0, 2, '2020-01-27 06:25:35', 4, 7400250, 1, 205, '0-0-800', 50),
	(206, 1, 1, 0, 'KJ1 5S', '', '0000-01-01', '9999-12-31', 'KJ1 5S', 0, 2, '2020-02-03 00:52:25', 4, 5597858, 1, 206, '0-0-20000000', 50),
	(207, 1, 1, 0, 'KJ2 5S and Its Effects', '', '0000-01-01', '9999-12-31', 'KJ2 5S and Its Effects', 0, 2, '2020-02-03 00:52:47', 4, 4383331, 1, 207, '0-0-40000000', 50),
	(208, 1, 1, 0, 'KJ3 Seiri and Seiton', '', '0000-01-01', '9999-12-31', 'KJ3 Seiri and Seiton', 0, 2, '2020-02-03 00:53:23', 4, 7968304, 1, 208, '0-0-0-1', 50),
	(209, 1, 1, 0, 'KJ1 5S (2)', '', '0000-01-01', '9999-12-31', 'KJS 5S (2)', 0, 2, '2020-02-03 00:54:06', 4, 5716004, 1, 209, '0-0-0-2', 50),
	(210, 1, 1, 0, 'example of OP sound effect', '', '0000-01-01', '9999-12-31', 'example of OP sound effect', 0, 2, '2020-02-05 07:11:03', 2, 846912, 1, 210, '0-0-0-20', 50);
/*!40000 ALTER TABLE `tbl_contents` ENABLE KEYS */;

-- Dumping structure for table kaizen.tbl_contents_attachment
CREATE TABLE IF NOT EXISTS `tbl_contents_attachment` (
  `contents_attachment_id` int(10) unsigned NOT NULL AUTO_INCREMENT,
  `contents_category_id` tinyint(3) unsigned NOT NULL,
  `contents_id` int(10) unsigned NOT NULL,
  `file_name` varchar(255) NOT NULL DEFAULT '',
  PRIMARY KEY (`contents_attachment_id`)
) ENGINE=InnoDB DEFAULT CHARSET=utf8;

-- Dumping data for table kaizen.tbl_contents_attachment: ~0 rows (approximately)
DELETE FROM `tbl_contents_attachment`;
/*!40000 ALTER TABLE `tbl_contents_attachment` DISABLE KEYS */;
/*!40000 ALTER TABLE `tbl_contents_attachment` ENABLE KEYS */;

-- Dumping structure for table kaizen.tbl_course
CREATE TABLE IF NOT EXISTS `tbl_course` (
  `course_id` int(10) unsigned NOT NULL AUTO_INCREMENT,
  `school_id` int(11) unsigned NOT NULL,
  `course_name` varchar(255) COLLATE utf8_bin NOT NULL,
  `enable` tinyint(3) unsigned NOT NULL DEFAULT '1',
  `display_order` int(11) unsigned DEFAULT NULL,
  PRIMARY KEY (`course_id`)
) ENGINE=InnoDB DEFAULT CHARSET=utf8 COLLATE=utf8_bin;

-- Dumping data for table kaizen.tbl_course: ~0 rows (approximately)
DELETE FROM `tbl_course`;
/*!40000 ALTER TABLE `tbl_course` DISABLE KEYS */;
/*!40000 ALTER TABLE `tbl_course` ENABLE KEYS */;

-- Dumping structure for table kaizen.tbl_course_subject_section
CREATE TABLE IF NOT EXISTS `tbl_course_subject_section` (
  `course_id` int(10) unsigned NOT NULL,
  `subject_section_id` int(10) unsigned NOT NULL
) ENGINE=InnoDB DEFAULT CHARSET=latin1;

-- Dumping data for table kaizen.tbl_course_subject_section: ~0 rows (approximately)
DELETE FROM `tbl_course_subject_section`;
/*!40000 ALTER TABLE `tbl_course_subject_section` DISABLE KEYS */;
/*!40000 ALTER TABLE `tbl_course_subject_section` ENABLE KEYS */;

-- Dumping structure for table kaizen.tbl_function_group
CREATE TABLE IF NOT EXISTS `tbl_function_group` (
  `function_group_id` int(10) unsigned NOT NULL AUTO_INCREMENT,
  `school_id` int(10) unsigned NOT NULL DEFAULT '1',
  `function_group_name` varchar(255) NOT NULL,
  `bit_classroom` varchar(1000) NOT NULL DEFAULT '0',
  `enable` tinyint(3) unsigned NOT NULL,
  UNIQUE KEY `function_group_id` (`function_group_id`)
) ENGINE=InnoDB AUTO_INCREMENT=197 DEFAULT CHARSET=utf8;

-- Dumping data for table kaizen.tbl_function_group: ~139 rows (approximately)
DELETE FROM `tbl_function_group`;
/*!40000 ALTER TABLE `tbl_function_group` DISABLE KEYS */;
INSERT INTO `tbl_function_group` (`function_group_id`, `school_id`, `function_group_name`, `bit_classroom`, `enable`) VALUES
	(58, 1, 'Swahili', '2', 1),
	(59, 1, 'Untitled folder', '2', 0),
	(60, 1, 'English', '2', 1),
	(61, 1, 'Swahili', '8', 1),
	(62, 1, 'English', '8', 1),
	(63, 1, 'Swahili', '4', 1),
	(64, 1, 'English', '4', 1),
	(65, 1, 'Swahili', '10', 1),
	(66, 1, 'Swahili', '20', 1),
	(67, 1, 'Swahili', '40', 1),
	(68, 1, 'Swahili', '80', 1),
	(69, 1, 'Swahili', '400', 1),
	(70, 1, 'Swahili', '800', 1),
	(71, 1, 'Swahili', '1000', 1),
	(72, 1, 'Swahili', '2000', 1),
	(73, 1, 'Swahili', '4000', 1),
	(74, 1, 'Swahili', '8000', 1),
	(75, 1, 'Swahili', '10000', 1),
	(76, 1, 'Swahili', '20000', 1),
	(77, 1, 'Swahili', '40000', 0),
	(78, 1, 'Swahili', '100000', 1),
	(79, 1, 'Swahili', '200000', 1),
	(80, 1, 'Swahili', '400000', 1),
	(81, 1, 'Swahili', '800000', 1),
	(82, 1, 'Swahili', '1000000', 1),
	(83, 1, 'Swahili', '2000000', 1),
	(84, 1, 'Swahili', '10000000', 1),
	(85, 1, 'Swahili', '20000000', 1),
	(86, 1, 'Swahili', '40000000', 1),
	(87, 1, 'Swahili', '0-1', 1),
	(88, 1, 'Swahili', '0-2', 1),
	(89, 1, 'Swahili', '0-4', 1),
	(90, 1, 'Swahili', '0-8', 1),
	(91, 1, 'Swahili', '0-10', 0),
	(92, 1, 'Swahili', '0-40', 1),
	(93, 1, 'Swahili', '0-80', 1),
	(94, 1, 'Swahili', '0-400', 1),
	(95, 1, 'Swahili', '0-800', 1),
	(96, 1, 'Swahili', '0-1000', 1),
	(97, 1, 'Swahili', '0-2000', 1),
	(98, 1, 'Swahili', '0-4000', 1),
	(99, 1, 'Swahili', '0-8000', 1),
	(100, 1, 'Swahili', '0-10000', 1),
	(101, 1, 'Swahili', '0-20000', 1),
	(102, 1, 'Swahili', '0-40000', 0),
	(103, 1, 'Swahili', '0-100000', 1),
	(104, 1, 'Swahili', '0-200000', 1),
	(105, 1, 'Swahili', '0-400000', 1),
	(106, 1, 'Swahili', '0-800000', 1),
	(107, 1, 'Swahili', '0-1000000', 0),
	(108, 1, 'Swahili', '0-0-8', 1),
	(109, 1, 'Swahili', '0-4000000', 1),
	(110, 1, 'Swahili', '0-8000000', 1),
	(111, 1, 'Swahili', '0-10000000', 1),
	(112, 1, 'Swahili', '0-20000000', 1),
	(113, 1, 'Swahili', '0-40000000', 1),
	(114, 1, 'Swahili', '0-0-1', 1),
	(115, 1, 'Swahili', '0-0-2', 1),
	(116, 1, 'Swahili', '0-0-20', 1),
	(117, 1, 'Swahili', '0-0-40', 1),
	(118, 1, 'Swahili', '0-0-80', 1),
	(119, 1, 'Swahili', '0-0-100', 1),
	(120, 1, 'Swahili', '0-0-200', 1),
	(121, 1, 'Swahili', '0-0-400', 1),
	(122, 1, 'Swahili', '0-0-800', 1),
	(123, 1, 'Swahili', '0-0-1000', 1),
	(124, 1, 'Swahili', '0-0-8000', 1),
	(125, 1, 'Swahili', '0-0-10000', 1),
	(126, 1, 'Swahili', '0-0-20000', 1),
	(127, 1, 'Swahili', '0-0-40000', 1),
	(128, 1, 'Swahili', '0-0-80000', 1),
	(129, 1, 'Swahili', '0-0-100000', 1),
	(130, 1, 'Swahili', '0-0-200000', 1),
	(131, 1, 'Swahili', '0-0-400000', 1),
	(132, 1, 'Swahili', '0-0-800000', 0),
	(133, 1, 'English', '0-0-400000', 1),
	(134, 1, 'English', '0-0-200000', 1),
	(135, 1, 'English', '0-0-100000', 1),
	(136, 1, 'English', '0-0-80000', 1),
	(137, 1, 'English', '0-0-40000', 1),
	(138, 1, 'English', '0-0-20000', 1),
	(139, 1, 'English', '0-0-10000', 1),
	(140, 1, 'English', '0-0-8000', 1),
	(141, 1, 'English', '0-0-1000', 1),
	(142, 1, 'English', '0-0-800', 1),
	(143, 1, 'English', '0-0-400', 1),
	(144, 1, 'English', '0-0-200', 1),
	(145, 1, 'English', '0-0-100', 1),
	(146, 1, 'English', '0-0-80', 1),
	(147, 1, 'English', '0-0-40', 1),
	(148, 1, 'English', '0-0-20', 1),
	(149, 1, 'English', '0-0-2', 1),
	(150, 1, 'English', '0-0-1', 1),
	(151, 1, 'English', '0-40000000', 1),
	(152, 1, 'English', '0-20000000', 1),
	(153, 1, 'English', '0-10000000', 1),
	(154, 1, 'English', '0-8000000', 1),
	(155, 1, 'English', '0-4000000', 1),
	(156, 1, 'English', '0-0-8', 1),
	(157, 1, 'English', '0-800000', 1),
	(158, 1, 'English', '0-400000', 1),
	(159, 1, 'English', '0-200000', 1),
	(160, 1, 'English', '0-100000', 1),
	(161, 1, 'English', '0-20000', 1),
	(162, 1, 'English', '0-10000', 1),
	(163, 1, 'English', '0-8000', 1),
	(164, 1, 'English', '0-4000', 1),
	(165, 1, 'English', '0-2000', 1),
	(166, 1, 'English', '0-1000', 1),
	(167, 1, 'English', '0-800', 1),
	(168, 1, 'English', '0-400', 1),
	(169, 1, 'English', '0-80', 1),
	(170, 1, 'English', '0-40', 1),
	(171, 1, 'English', '0-8', 1),
	(172, 1, 'English', '0-4', 1),
	(173, 1, 'English', '0-2', 1),
	(174, 1, 'English', '0-1', 1),
	(175, 1, 'English', '40000000', 1),
	(176, 1, 'English', '20000000', 1),
	(177, 1, 'English', '10000000', 1),
	(178, 1, 'English', '2000000', 1),
	(179, 1, 'English', '1000000', 1),
	(180, 1, 'English', '800000', 1),
	(181, 1, 'English', '400000', 1),
	(182, 1, 'English', '200000', 1),
	(183, 1, 'English', '100000', 1),
	(184, 1, 'English', '20000', 1),
	(185, 1, 'English', '10000', 1),
	(186, 1, 'English', '8000', 1),
	(187, 1, 'English', '4000', 1),
	(188, 1, 'English', '2000', 1),
	(189, 1, 'English', '1000', 1),
	(190, 1, 'English', '800', 1),
	(191, 1, 'English', '400', 1),
	(192, 1, 'English', '80', 1),
	(193, 1, 'English', '40', 1),
	(194, 1, 'English', '20', 1),
	(195, 1, 'English', '10', 1),
	(196, 1, 'English', '4', 0);
/*!40000 ALTER TABLE `tbl_function_group` ENABLE KEYS */;

-- Dumping structure for table kaizen.tbl_function_list
CREATE TABLE IF NOT EXISTS `tbl_function_list` (
  `type` tinyint(3) unsigned NOT NULL COMMENT '0123',
  `primary_id` int(10) unsigned NOT NULL,
  `parent_function_group_id` int(10) unsigned NOT NULL,
  `display_order` int(10) unsigned NOT NULL
) ENGINE=InnoDB DEFAULT CHARSET=utf8;

-- Dumping data for table kaizen.tbl_function_list: ~429 rows (approximately)
DELETE FROM `tbl_function_list`;
/*!40000 ALTER TABLE `tbl_function_list` DISABLE KEYS */;
INSERT INTO `tbl_function_list` (`type`, `primary_id`, `parent_function_group_id`, `display_order`) VALUES
	(1, 59, 60, 1),
	(0, 74, 60, 2),
	(4, 58, 0, 3),
	(4, 59, 0, 4),
	(4, 60, 0, 5),
	(1, 60, 58, 6),
	(0, 75, 58, 7),
	(4, 61, 0, 8),
	(4, 62, 0, 9),
	(1, 61, 61, 10),
	(1, 62, 62, 11),
	(0, 76, 61, 12),
	(0, 77, 62, 13),
	(4, 63, 0, 14),
	(4, 64, 0, 15),
	(4, 65, 0, 16),
	(4, 66, 0, 17),
	(4, 67, 0, 18),
	(4, 68, 0, 19),
	(4, 69, 0, 20),
	(4, 70, 0, 21),
	(4, 71, 0, 22),
	(4, 72, 0, 23),
	(4, 73, 0, 24),
	(4, 74, 0, 25),
	(4, 75, 0, 26),
	(4, 76, 0, 27),
	(4, 77, 0, 28),
	(4, 78, 0, 29),
	(4, 79, 0, 30),
	(4, 80, 0, 31),
	(4, 81, 0, 32),
	(4, 82, 0, 33),
	(4, 83, 0, 34),
	(4, 84, 0, 35),
	(4, 85, 0, 36),
	(4, 86, 0, 37),
	(4, 87, 0, 38),
	(4, 88, 0, 39),
	(4, 89, 0, 40),
	(4, 90, 0, 41),
	(4, 91, 0, 42),
	(4, 92, 0, 43),
	(4, 93, 0, 44),
	(4, 94, 0, 45),
	(4, 95, 0, 46),
	(4, 96, 0, 47),
	(4, 97, 0, 48),
	(4, 98, 0, 49),
	(4, 99, 0, 50),
	(4, 100, 0, 51),
	(4, 101, 0, 52),
	(4, 102, 0, 53),
	(4, 103, 0, 54),
	(4, 104, 0, 55),
	(4, 105, 0, 56),
	(4, 106, 0, 57),
	(4, 107, 0, 58),
	(4, 108, 0, 59),
	(4, 109, 0, 60),
	(4, 110, 0, 61),
	(4, 111, 0, 62),
	(4, 112, 0, 63),
	(4, 113, 0, 64),
	(4, 114, 0, 65),
	(4, 115, 0, 66),
	(4, 116, 0, 67),
	(4, 117, 0, 68),
	(4, 118, 0, 69),
	(4, 119, 0, 70),
	(4, 120, 0, 71),
	(4, 121, 0, 72),
	(4, 122, 0, 73),
	(4, 123, 0, 74),
	(4, 124, 0, 75),
	(4, 125, 0, 76),
	(4, 126, 0, 77),
	(4, 127, 0, 78),
	(4, 128, 0, 79),
	(4, 129, 0, 80),
	(4, 130, 0, 81),
	(4, 131, 0, 82),
	(4, 132, 0, 83),
	(4, 133, 0, 84),
	(4, 134, 0, 85),
	(4, 135, 0, 86),
	(4, 136, 0, 87),
	(4, 137, 0, 88),
	(4, 138, 0, 89),
	(4, 139, 0, 90),
	(4, 140, 0, 91),
	(4, 141, 0, 92),
	(4, 142, 0, 93),
	(4, 143, 0, 94),
	(4, 144, 0, 95),
	(4, 145, 0, 96),
	(4, 146, 0, 97),
	(4, 147, 0, 98),
	(4, 148, 0, 99),
	(4, 149, 0, 100),
	(4, 150, 0, 101),
	(4, 151, 0, 102),
	(4, 152, 0, 103),
	(4, 153, 0, 104),
	(4, 154, 0, 105),
	(4, 155, 0, 106),
	(4, 156, 0, 107),
	(4, 157, 0, 108),
	(4, 158, 0, 109),
	(4, 159, 0, 110),
	(4, 160, 0, 111),
	(4, 161, 0, 112),
	(4, 162, 0, 113),
	(4, 163, 0, 114),
	(4, 164, 0, 115),
	(4, 165, 0, 116),
	(4, 166, 0, 117),
	(4, 167, 0, 118),
	(4, 168, 0, 119),
	(4, 169, 0, 120),
	(4, 170, 0, 121),
	(4, 171, 0, 122),
	(4, 172, 0, 123),
	(4, 173, 0, 124),
	(4, 174, 0, 125),
	(4, 175, 0, 126),
	(4, 176, 0, 127),
	(4, 177, 0, 128),
	(4, 178, 0, 129),
	(4, 179, 0, 130),
	(4, 180, 0, 131),
	(4, 181, 0, 132),
	(4, 182, 0, 133),
	(4, 183, 0, 134),
	(4, 184, 0, 135),
	(4, 185, 0, 136),
	(4, 186, 0, 137),
	(4, 187, 0, 138),
	(4, 188, 0, 139),
	(4, 189, 0, 140),
	(4, 190, 0, 141),
	(4, 191, 0, 142),
	(4, 192, 0, 143),
	(4, 193, 0, 144),
	(4, 194, 0, 145),
	(4, 195, 0, 146),
	(4, 196, 0, 147),
	(1, 63, 63, 148),
	(1, 64, 64, 149),
	(1, 65, 65, 150),
	(1, 66, 0, 151),
	(1, 67, 60, 152),
	(0, 78, 60, 153),
	(1, 68, 58, 154),
	(0, 79, 58, 155),
	(1, 69, 61, 156),
	(1, 70, 0, 157),
	(3, 36, 0, 158),
	(1, 71, 62, 159),
	(0, 80, 62, 160),
	(0, 81, 61, 161),
	(0, 82, 63, 162),
	(0, 83, 64, 163),
	(1, 72, 195, 164),
	(0, 84, 195, 165),
	(0, 85, 65, 166),
	(1, 73, 66, 167),
	(1, 74, 194, 168),
	(0, 86, 194, 169),
	(0, 87, 66, 170),
	(1, 75, 67, 171),
	(1, 76, 193, 172),
	(1, 77, 68, 173),
	(1, 78, 192, 174),
	(1, 79, 69, 175),
	(1, 80, 191, 176),
	(1, 81, 70, 177),
	(1, 82, 190, 178),
	(1, 83, 71, 179),
	(1, 84, 189, 180),
	(1, 85, 188, 181),
	(1, 86, 72, 182),
	(1, 87, 187, 183),
	(1, 88, 73, 184),
	(1, 89, 186, 185),
	(1, 90, 74, 186),
	(1, 91, 185, 187),
	(1, 92, 75, 188),
	(1, 93, 184, 189),
	(1, 94, 76, 190),
	(1, 95, 183, 191),
	(1, 96, 78, 192),
	(1, 97, 182, 193),
	(1, 98, 79, 194),
	(1, 99, 181, 195),
	(1, 100, 80, 196),
	(1, 101, 180, 197),
	(1, 102, 81, 198),
	(1, 103, 179, 199),
	(1, 104, 82, 200),
	(1, 105, 178, 201),
	(1, 106, 83, 202),
	(1, 107, 177, 203),
	(1, 108, 84, 204),
	(1, 109, 176, 205),
	(1, 110, 85, 206),
	(1, 111, 175, 207),
	(1, 112, 86, 208),
	(1, 113, 87, 209),
	(1, 114, 174, 210),
	(1, 115, 173, 211),
	(1, 116, 88, 212),
	(1, 117, 89, 213),
	(1, 118, 172, 214),
	(1, 119, 171, 215),
	(1, 120, 90, 216),
	(1, 121, 170, 217),
	(1, 122, 92, 218),
	(1, 123, 169, 219),
	(1, 124, 93, 220),
	(1, 125, 168, 221),
	(1, 126, 94, 222),
	(1, 127, 167, 223),
	(1, 128, 95, 224),
	(1, 129, 166, 225),
	(1, 130, 96, 226),
	(1, 131, 165, 227),
	(1, 132, 97, 228),
	(1, 133, 164, 229),
	(1, 134, 98, 230),
	(1, 135, 163, 231),
	(1, 136, 99, 232),
	(1, 137, 162, 233),
	(1, 138, 100, 234),
	(1, 139, 161, 235),
	(1, 140, 101, 236),
	(1, 141, 160, 237),
	(1, 142, 103, 238),
	(1, 143, 159, 239),
	(1, 144, 158, 240),
	(1, 145, 105, 241),
	(1, 146, 157, 242),
	(1, 147, 106, 243),
	(1, 148, 156, 244),
	(1, 149, 108, 245),
	(1, 150, 155, 246),
	(1, 151, 109, 247),
	(1, 152, 154, 248),
	(1, 153, 110, 249),
	(1, 154, 153, 250),
	(1, 155, 111, 251),
	(1, 156, 152, 252),
	(1, 157, 112, 253),
	(1, 158, 151, 254),
	(1, 159, 113, 255),
	(1, 160, 150, 256),
	(1, 161, 114, 257),
	(1, 162, 149, 258),
	(1, 163, 115, 259),
	(1, 164, 148, 260),
	(1, 165, 116, 261),
	(1, 166, 147, 262),
	(1, 167, 117, 263),
	(1, 168, 146, 264),
	(1, 169, 118, 265),
	(1, 170, 145, 266),
	(1, 171, 119, 267),
	(1, 172, 144, 268),
	(1, 173, 120, 269),
	(1, 174, 143, 270),
	(1, 175, 121, 271),
	(1, 176, 142, 272),
	(1, 177, 122, 273),
	(1, 178, 123, 274),
	(1, 179, 141, 275),
	(1, 180, 124, 276),
	(1, 181, 140, 277),
	(1, 182, 125, 278),
	(1, 183, 139, 279),
	(1, 184, 126, 280),
	(1, 185, 138, 281),
	(1, 186, 127, 282),
	(1, 187, 137, 283),
	(1, 188, 128, 284),
	(1, 189, 136, 285),
	(1, 190, 129, 286),
	(1, 191, 135, 287),
	(1, 192, 130, 288),
	(1, 193, 134, 289),
	(1, 194, 131, 290),
	(1, 195, 133, 291),
	(0, 88, 193, 292),
	(0, 89, 67, 293),
	(0, 90, 191, 294),
	(0, 91, 69, 295),
	(0, 92, 70, 296),
	(0, 93, 190, 297),
	(0, 94, 189, 298),
	(0, 95, 71, 299),
	(0, 96, 141, 300),
	(0, 97, 123, 301),
	(0, 98, 140, 302),
	(0, 99, 124, 303),
	(0, 100, 139, 304),
	(0, 101, 125, 305),
	(0, 102, 138, 306),
	(0, 103, 126, 307),
	(0, 104, 137, 308),
	(0, 105, 127, 309),
	(0, 106, 136, 310),
	(0, 107, 128, 311),
	(0, 108, 135, 312),
	(0, 109, 129, 313),
	(0, 110, 134, 314),
	(0, 111, 130, 315),
	(0, 112, 133, 316),
	(0, 113, 131, 317),
	(1, 196, 104, 318),
	(3, 37, 0, 319),
	(0, 114, 0, 320),
	(0, 115, 0, 321),
	(0, 116, 156, 322),
	(0, 117, 108, 323),
	(0, 118, 155, 324),
	(0, 119, 109, 325),
	(0, 120, 154, 326),
	(0, 121, 110, 327),
	(0, 122, 153, 328),
	(0, 123, 111, 329),
	(0, 124, 152, 330),
	(0, 125, 112, 331),
	(0, 126, 151, 332),
	(0, 127, 113, 333),
	(0, 128, 150, 334),
	(0, 129, 114, 335),
	(0, 130, 149, 336),
	(0, 131, 115, 337),
	(0, 132, 192, 338),
	(0, 133, 68, 339),
	(0, 134, 147, 340),
	(0, 135, 117, 341),
	(0, 136, 146, 342),
	(0, 137, 118, 343),
	(0, 138, 145, 344),
	(0, 139, 119, 345),
	(0, 140, 144, 346),
	(0, 141, 120, 347),
	(0, 142, 143, 348),
	(0, 143, 121, 349),
	(0, 144, 148, 350),
	(0, 145, 116, 351),
	(0, 146, 188, 352),
	(0, 147, 72, 353),
	(0, 148, 187, 354),
	(0, 149, 73, 355),
	(0, 150, 186, 356),
	(0, 151, 74, 357),
	(0, 152, 185, 358),
	(0, 153, 75, 359),
	(0, 154, 184, 360),
	(0, 155, 76, 361),
	(0, 156, 183, 362),
	(0, 157, 78, 363),
	(0, 158, 182, 364),
	(0, 159, 79, 365),
	(0, 160, 181, 366),
	(0, 161, 80, 367),
	(0, 162, 180, 368),
	(0, 163, 81, 369),
	(0, 164, 179, 370),
	(0, 165, 82, 371),
	(0, 166, 178, 372),
	(0, 167, 83, 373),
	(0, 168, 158, 374),
	(0, 169, 105, 375),
	(0, 170, 157, 376),
	(0, 171, 106, 377),
	(0, 172, 142, 378),
	(0, 173, 122, 379),
	(3, 38, 0, 380),
	(3, 39, 0, 381),
	(3, 40, 0, 382),
	(3, 41, 0, 383),
	(3, 42, 0, 384),
	(3, 43, 0, 385),
	(3, 44, 0, 386),
	(3, 45, 0, 387),
	(3, 46, 0, 388),
	(3, 47, 0, 389),
	(3, 48, 0, 390),
	(3, 49, 0, 391),
	(3, 50, 0, 392),
	(0, 174, 170, 393),
	(0, 175, 92, 394),
	(0, 176, 169, 395),
	(0, 177, 93, 396),
	(0, 178, 168, 397),
	(0, 179, 94, 398),
	(0, 180, 167, 399),
	(0, 181, 95, 400),
	(0, 182, 166, 401),
	(0, 183, 96, 402),
	(0, 184, 165, 403),
	(0, 185, 97, 404),
	(0, 186, 164, 405),
	(0, 187, 98, 406),
	(0, 188, 163, 407),
	(0, 189, 99, 408),
	(0, 190, 162, 409),
	(0, 191, 100, 410),
	(0, 192, 161, 411),
	(0, 193, 101, 412),
	(0, 194, 160, 413),
	(0, 195, 103, 414),
	(0, 196, 159, 415),
	(0, 197, 104, 416),
	(0, 198, 177, 417),
	(0, 199, 84, 418),
	(0, 200, 176, 419),
	(0, 201, 85, 420),
	(0, 202, 175, 421),
	(0, 203, 86, 422),
	(0, 204, 142, 423),
	(0, 205, 122, 424),
	(0, 206, 0, 425),
	(0, 207, 0, 426),
	(0, 208, 0, 427),
	(0, 209, 0, 428),
	(0, 210, 0, 429);
/*!40000 ALTER TABLE `tbl_function_list` ENABLE KEYS */;

-- Dumping structure for table kaizen.tbl_grade
CREATE TABLE IF NOT EXISTS `tbl_grade` (
  `grade_id` int(10) unsigned NOT NULL AUTO_INCREMENT,
  `school_id` int(10) unsigned NOT NULL,
  `grade_name` varchar(255) COLLATE utf8_bin NOT NULL,
  `enable` tinyint(3) unsigned NOT NULL DEFAULT '1',
  `display_order` int(10) unsigned DEFAULT NULL,
  PRIMARY KEY (`grade_id`)
) ENGINE=InnoDB DEFAULT CHARSET=utf8 COLLATE=utf8_bin;

-- Dumping data for table kaizen.tbl_grade: ~0 rows (approximately)
DELETE FROM `tbl_grade`;
/*!40000 ALTER TABLE `tbl_grade` DISABLE KEYS */;
/*!40000 ALTER TABLE `tbl_grade` ENABLE KEYS */;

-- Dumping structure for table kaizen.tbl_grade_subject_section
CREATE TABLE IF NOT EXISTS `tbl_grade_subject_section` (
  `grade_id` int(10) unsigned NOT NULL,
  `subject_section_id` int(10) unsigned NOT NULL
) ENGINE=InnoDB DEFAULT CHARSET=latin1;

-- Dumping data for table kaizen.tbl_grade_subject_section: ~0 rows (approximately)
DELETE FROM `tbl_grade_subject_section`;
/*!40000 ALTER TABLE `tbl_grade_subject_section` DISABLE KEYS */;
/*!40000 ALTER TABLE `tbl_grade_subject_section` ENABLE KEYS */;

-- Dumping structure for table kaizen.tbl_lecture_group
CREATE TABLE IF NOT EXISTS `tbl_lecture_group` (
  `group_id` int(10) unsigned NOT NULL,
  `lecture_type` tinyint(3) unsigned NOT NULL,
  `lecture_id` int(10) unsigned NOT NULL,
  `lecture_order` int(10) unsigned NOT NULL
) ENGINE=InnoDB DEFAULT CHARSET=utf8;

-- Dumping data for table kaizen.tbl_lecture_group: ~0 rows (approximately)
DELETE FROM `tbl_lecture_group`;
/*!40000 ALTER TABLE `tbl_lecture_group` DISABLE KEYS */;
/*!40000 ALTER TABLE `tbl_lecture_group` ENABLE KEYS */;

-- Dumping structure for table kaizen.tbl_message
CREATE TABLE IF NOT EXISTS `tbl_message` (
  `message_id` int(10) unsigned NOT NULL AUTO_INCREMENT,
  `school_id` int(10) unsigned NOT NULL,
  `title` varchar(255) NOT NULL,
  `auther_user_level_id` tinyint(3) unsigned NOT NULL,
  `auther_user_id` int(10) unsigned NOT NULL,
  `register_datetime` datetime NOT NULL,
  `type` tinyint(3) unsigned NOT NULL,
  `message_level` tinyint(3) unsigned NOT NULL,
  `limit_date` date NOT NULL,
  `enable` tinyint(3) unsigned NOT NULL,
  PRIMARY KEY (`message_id`)
) ENGINE=InnoDB DEFAULT CHARSET=utf8;

-- Dumping data for table kaizen.tbl_message: ~0 rows (approximately)
DELETE FROM `tbl_message`;
/*!40000 ALTER TABLE `tbl_message` DISABLE KEYS */;
/*!40000 ALTER TABLE `tbl_message` ENABLE KEYS */;

-- Dumping structure for table kaizen.tbl_message_check
CREATE TABLE IF NOT EXISTS `tbl_message_check` (
  `message_id` int(10) unsigned NOT NULL,
  `user_level_id` tinyint(3) unsigned NOT NULL,
  `user_id` int(10) unsigned NOT NULL,
  `check_date` datetime NOT NULL
) ENGINE=InnoDB DEFAULT CHARSET=utf8;

-- Dumping data for table kaizen.tbl_message_check: ~0 rows (approximately)
DELETE FROM `tbl_message_check`;
/*!40000 ALTER TABLE `tbl_message_check` DISABLE KEYS */;
/*!40000 ALTER TABLE `tbl_message_check` ENABLE KEYS */;

-- Dumping structure for table kaizen.tbl_message_detail
CREATE TABLE IF NOT EXISTS `tbl_message_detail` (
  `message_detail_id` int(10) unsigned NOT NULL AUTO_INCREMENT,
  `message_id` int(10) unsigned NOT NULL,
  `message` varchar(2000) NOT NULL,
  `send_user_level_id` tinyint(3) unsigned NOT NULL,
  `send_user_id` int(10) unsigned NOT NULL,
  `register_datetime` datetime NOT NULL,
  `enable` tinyint(3) unsigned NOT NULL,
  PRIMARY KEY (`message_detail_id`)
) ENGINE=InnoDB DEFAULT CHARSET=utf8;

-- Dumping data for table kaizen.tbl_message_detail: ~0 rows (approximately)
DELETE FROM `tbl_message_detail`;
/*!40000 ALTER TABLE `tbl_message_detail` DISABLE KEYS */;
/*!40000 ALTER TABLE `tbl_message_detail` ENABLE KEYS */;

-- Dumping structure for table kaizen.tbl_message_target
CREATE TABLE IF NOT EXISTS `tbl_message_target` (
  `message_target_id` int(10) unsigned NOT NULL AUTO_INCREMENT,
  `message_detail_id` int(10) unsigned NOT NULL,
  `grade_id` int(10) unsigned NOT NULL DEFAULT '0',
  `classroom_id` int(10) unsigned NOT NULL DEFAULT '0',
  `course_id` int(10) unsigned NOT NULL DEFAULT '0',
  `receive_user_level_id` tinyint(3) unsigned NOT NULL DEFAULT '0',
  `receive_user_id` int(10) unsigned NOT NULL DEFAULT '0',
  PRIMARY KEY (`message_target_id`)
) ENGINE=InnoDB DEFAULT CHARSET=utf8;

-- Dumping data for table kaizen.tbl_message_target: ~0 rows (approximately)
DELETE FROM `tbl_message_target`;
/*!40000 ALTER TABLE `tbl_message_target` DISABLE KEYS */;
/*!40000 ALTER TABLE `tbl_message_target` ENABLE KEYS */;

-- Dumping structure for table kaizen.tbl_organizer
CREATE TABLE IF NOT EXISTS `tbl_organizer` (
  `organizer_id` int(10) unsigned NOT NULL,
  `organizer_name` varchar(255) COLLATE utf8_bin NOT NULL,
  `id` varchar(255) COLLATE utf8_bin NOT NULL,
  `password` varchar(255) COLLATE utf8_bin NOT NULL,
  `access_code` varchar(255) COLLATE utf8_bin DEFAULT NULL,
  `enable` tinyint(3) unsigned NOT NULL DEFAULT '1',
  `vertical index` int(10) unsigned DEFAULT NULL,
  PRIMARY KEY (`organizer_id`),
  UNIQUE KEY `id` (`id`),
  UNIQUE KEY `vertical index` (`vertical index`),
  KEY `enable` (`enable`),
  CONSTRAINT `tbl_organizer_ibfk_1` FOREIGN KEY (`enable`) REFERENCES `mst_boolean` (`boolean_id`)
) ENGINE=InnoDB DEFAULT CHARSET=utf8 COLLATE=utf8_bin;

-- Dumping data for table kaizen.tbl_organizer: ~2 rows (approximately)
DELETE FROM `tbl_organizer`;
/*!40000 ALTER TABLE `tbl_organizer` DISABLE KEYS */;
INSERT INTO `tbl_organizer` (`organizer_id`, `organizer_name`, `id`, `password`, `access_code`, `enable`, `vertical index`) VALUES
	(1, 'master', '9/U69xLk7zJgnKzZfjszlA==', 'PEGpvfzkBQiOvrAn2B3cN0b8ZhZQ5NsUSER69tvfrPc=', '7selttyrs904kug69zvb', 1, 1),
	(2, '', 'qxHmRSsn/Lm7CBWwM3+NAg==', 'UmxErXRQ99ULYYg25eze6g==', 'xb54b130kvo1dzb4uxu7', 1, 2);
/*!40000 ALTER TABLE `tbl_organizer` ENABLE KEYS */;

-- Dumping structure for table kaizen.tbl_question
CREATE TABLE IF NOT EXISTS `tbl_question` (
  `question_id` int(10) unsigned NOT NULL,
  `common_contents_id` int(10) unsigned DEFAULT NULL,
  `school_contents_id` int(10) unsigned DEFAULT NULL,
  `student_id` int(10) unsigned NOT NULL,
  `teacher_id` int(10) unsigned DEFAULT NULL,
  `text` varchar(1000) COLLATE utf8_bin NOT NULL,
  `datetime` int(10) unsigned NOT NULL,
  `enable` tinyint(3) unsigned NOT NULL,
  PRIMARY KEY (`question_id`)
) ENGINE=InnoDB DEFAULT CHARSET=utf8 COLLATE=utf8_bin;

-- Dumping data for table kaizen.tbl_question: ~0 rows (approximately)
DELETE FROM `tbl_question`;
/*!40000 ALTER TABLE `tbl_question` DISABLE KEYS */;
/*!40000 ALTER TABLE `tbl_question` ENABLE KEYS */;

-- Dumping structure for table kaizen.tbl_questionnaire
CREATE TABLE IF NOT EXISTS `tbl_questionnaire` (
  `questionnaire_id` int(10) unsigned NOT NULL AUTO_INCREMENT,
  `school_id` int(10) unsigned NOT NULL,
  `title` varchar(255) COLLATE utf8_bin NOT NULL,
  `description` varchar(255) COLLATE utf8_bin NOT NULL,
  `finished_message` varchar(255) COLLATE utf8_bin NOT NULL,
  `enable` tinyint(4) unsigned NOT NULL,
  `display_order` int(10) unsigned NOT NULL,
  `start_day` date NOT NULL,
  `last_day` date NOT NULL,
  `user_level_id` tinyint(3) unsigned NOT NULL,
  `register_user_id` int(10) unsigned NOT NULL,
  `register_datetime` datetime NOT NULL,
  `type` tinyint(4) unsigned NOT NULL,
  `bit_classroom` varchar(1000) COLLATE utf8_bin NOT NULL DEFAULT '0',
  PRIMARY KEY (`questionnaire_id`),
  KEY `school_id` (`school_id`,`display_order`),
  KEY `enable` (`enable`),
  KEY `user_level_id` (`user_level_id`,`register_user_id`),
  CONSTRAINT `tbl_questionnaire_ibfk_1` FOREIGN KEY (`school_id`) REFERENCES `tbl_school` (`school_id`),
  CONSTRAINT `tbl_questionnaire_ibfk_2` FOREIGN KEY (`enable`) REFERENCES `mst_boolean` (`boolean_id`)
) ENGINE=InnoDB AUTO_INCREMENT=197 DEFAULT CHARSET=utf8 COLLATE=utf8_bin;

-- Dumping data for table kaizen.tbl_questionnaire: ~138 rows (approximately)
DELETE FROM `tbl_questionnaire`;
/*!40000 ALTER TABLE `tbl_questionnaire` DISABLE KEYS */;
INSERT INTO `tbl_questionnaire` (`questionnaire_id`, `school_id`, `title`, `description`, `finished_message`, `enable`, `display_order`, `start_day`, `last_day`, `user_level_id`, `register_user_id`, `register_datetime`, `type`, `bit_classroom`) VALUES
	(59, 1, 'Questionnaire', 'Questionnaire', '', 0, 1, '0000-01-01', '9999-12-31', 0, 2, '2020-01-15 01:06:09', 0, '2'),
	(60, 1, 'Questionnaire', 'Questionnaire', '', 0, 2, '0000-01-01', '9999-12-31', 0, 2, '2020-01-15 01:11:18', 0, '2'),
	(61, 1, 'Questionnaire', 'Questionnaire', '', 0, 3, '0000-01-01', '9999-12-31', 0, 2, '2020-01-15 01:14:25', 0, '8'),
	(62, 1, 'Questionnaire', 'Questionnaire', '', 0, 4, '0000-01-01', '9999-12-31', 0, 2, '2020-01-15 01:15:34', 0, '8'),
	(63, 1, 'Questionnaire', 'Questionnaire', '', 1, 5, '0000-01-01', '9999-12-31', 0, 2, '2020-01-15 01:37:38', 0, '4'),
	(64, 1, 'Questionnaire', 'Questionnaire', '', 1, 6, '0000-01-01', '9999-12-31', 0, 2, '2020-01-15 01:38:49', 0, '4'),
	(65, 1, 'Questionnaire', 'Questionnaire', '', 1, 7, '0000-01-01', '9999-12-31', 0, 2, '2020-01-15 01:39:51', 0, '10'),
	(66, 1, 'Questionnaire', 'Questionnaire', '', 0, 8, '0000-01-01', '9999-12-31', 0, 2, '2020-01-15 01:48:24', 0, '2'),
	(67, 1, 'Questionnaire', 'Questionnaire', '', 1, 9, '0000-01-01', '9999-12-31', 0, 2, '2020-01-15 01:58:59', 0, '2'),
	(68, 1, 'Questionnaire', 'Questionnaire', '', 1, 10, '0000-01-01', '9999-12-31', 0, 2, '2020-01-15 02:05:39', 0, '2'),
	(69, 1, 'Questionnaire', 'Questionnaire', '', 1, 11, '0000-01-01', '9999-12-31', 0, 2, '2020-01-15 02:27:36', 0, '8'),
	(70, 1, 'Questionnaire', 'Questionnaire', '', 0, 12, '0000-01-01', '9999-12-31', 0, 2, '2020-01-15 02:30:26', 0, '8'),
	(71, 1, 'Questionnaire', 'Questionnaire', '', 1, 13, '0000-01-01', '9999-12-31', 0, 2, '2020-01-15 02:40:48', 0, '8'),
	(72, 1, 'Questionnaire', 'Questionnaire', '', 1, 14, '0000-01-01', '9999-12-31', 0, 2, '2020-01-15 02:49:03', 0, '10'),
	(73, 1, 'Questionnaire', 'Questionnaire', '', 1, 15, '0000-01-01', '9999-12-31', 0, 2, '2020-01-15 02:55:15', 0, '20'),
	(74, 1, 'Questionnaire', 'Questionnaire', '', 1, 16, '0000-01-01', '9999-12-31', 0, 2, '2020-01-15 02:56:11', 0, '20'),
	(75, 1, 'Questionnaire', 'Questionnaire', '', 1, 17, '0000-01-01', '9999-12-31', 0, 2, '2020-01-15 02:59:22', 0, '40'),
	(76, 1, 'Questionnaire', 'Questionnaire', '', 1, 18, '0000-01-01', '9999-12-31', 0, 2, '2020-01-15 03:00:04', 0, '40'),
	(77, 1, 'Questionnaire', 'Questionnaire', '', 1, 19, '0000-01-01', '9999-12-31', 0, 2, '2020-01-15 03:01:28', 0, '80'),
	(78, 1, 'Questionnaire', 'Questionnaire', '', 1, 20, '0000-01-01', '9999-12-31', 0, 2, '2020-01-15 04:03:13', 0, '80'),
	(79, 1, 'Questionnaire', 'Questionnaire', '', 1, 21, '0000-01-01', '9999-12-31', 0, 2, '2020-01-15 04:05:24', 0, '400'),
	(80, 1, 'Questionnaire', 'Questionnaire', '', 1, 22, '0000-01-01', '9999-12-31', 0, 2, '2020-01-15 04:06:30', 0, '400'),
	(81, 1, 'Questionnaire', 'Questionnaire', '', 1, 23, '0000-01-01', '9999-12-31', 0, 2, '2020-01-15 04:07:51', 0, '800'),
	(82, 1, 'Questionnaire', 'Questionnaire', '', 1, 24, '0000-01-01', '9999-12-31', 0, 2, '2020-01-15 04:08:01', 0, '800'),
	(83, 1, 'Questionnaire', 'Questionnaire', '', 1, 25, '0000-01-01', '9999-12-31', 0, 2, '2020-01-15 04:09:46', 0, '1000'),
	(84, 1, 'Questionnaire', 'Questionnaire', '', 1, 26, '0000-01-01', '9999-12-31', 0, 2, '2020-01-15 04:10:03', 0, '1000'),
	(85, 1, 'Questionnaire', 'Questionnaire', '', 1, 27, '0000-01-01', '9999-12-31', 0, 2, '2020-01-15 04:11:25', 0, '2000'),
	(86, 1, 'Questionnaire', 'Questionnaire', '', 1, 28, '0000-01-01', '9999-12-31', 0, 2, '2020-01-15 04:11:37', 0, '2000'),
	(87, 1, 'Questionnaire', 'Questionnaire', '', 1, 29, '0000-01-01', '9999-12-31', 0, 2, '2020-01-15 04:16:32', 0, '4000'),
	(88, 1, 'Questionnaire', 'Questionnaire', '', 1, 30, '0000-01-01', '9999-12-31', 0, 2, '2020-01-15 04:16:40', 0, '4000'),
	(89, 1, 'Questionnaire', 'Questionnaire', '', 1, 31, '0000-01-01', '9999-12-31', 0, 2, '2020-01-15 04:17:53', 0, '8000'),
	(90, 1, 'Questionnaire', 'Questionnaire', '', 1, 32, '0000-01-01', '9999-12-31', 0, 2, '2020-01-15 04:18:05', 0, '8000'),
	(91, 1, 'Questionnaire', 'Questionnaire', '', 1, 33, '0000-01-01', '9999-12-31', 0, 2, '2020-01-15 04:19:45', 0, '10000'),
	(92, 1, 'Questionnaire', 'Questionnaire', '', 1, 34, '0000-01-01', '9999-12-31', 0, 2, '2020-01-15 04:19:54', 0, '10000'),
	(93, 1, 'Questionnaire', 'Questionnaire', '', 1, 35, '0000-01-01', '9999-12-31', 0, 2, '2020-01-15 04:21:06', 0, '20000'),
	(94, 1, 'Questionnaire', 'Questionnaire', '', 1, 36, '0000-01-01', '9999-12-31', 0, 2, '2020-01-15 04:21:19', 0, '20000'),
	(95, 1, 'Questionnaire', 'Questionnaire', '', 1, 37, '0000-01-01', '9999-12-31', 0, 2, '2020-01-15 04:23:16', 0, '100000'),
	(96, 1, 'Questionnaire', 'Questionnaire', '', 1, 38, '0000-01-01', '9999-12-31', 0, 2, '2020-01-15 04:23:33', 0, '100000'),
	(97, 1, 'Questionnaire', 'Questionnaire', '', 1, 39, '0000-01-01', '9999-12-31', 0, 2, '2020-01-15 04:24:35', 0, '200000'),
	(98, 1, 'Questionnaire', 'Questionnaire', '', 1, 40, '0000-01-01', '9999-12-31', 0, 2, '2020-01-15 04:24:43', 0, '200000'),
	(99, 1, 'Questionnaire', 'Questionnaire', '', 1, 41, '0000-01-01', '9999-12-31', 0, 2, '2020-01-15 04:25:48', 0, '400000'),
	(100, 1, 'Questionnaire', 'Questionnaire', '', 1, 42, '0000-01-01', '9999-12-31', 0, 2, '2020-01-15 04:25:56', 0, '400000'),
	(101, 1, 'Questionnaire', 'Questionnaire', '', 1, 43, '0000-01-01', '9999-12-31', 0, 2, '2020-01-15 04:26:49', 0, '800000'),
	(102, 1, 'Questionnaire', 'Questionnaire', '', 1, 44, '0000-01-01', '9999-12-31', 0, 2, '2020-01-15 04:26:56', 0, '800000'),
	(103, 1, 'Questionnaire', 'Questionnaire', '', 1, 45, '0000-01-01', '9999-12-31', 0, 2, '2020-01-15 04:28:01', 0, '1000000'),
	(104, 1, 'Questionnaire', 'Questionnaire', '', 1, 46, '0000-01-01', '9999-12-31', 0, 2, '2020-01-15 04:28:09', 0, '1000000'),
	(105, 1, 'Questionnaire', 'Questionnaire', '', 1, 47, '0000-01-01', '9999-12-31', 0, 2, '2020-01-15 04:28:59', 0, '2000000'),
	(106, 1, 'Questionnaire', 'Questionnaire', '', 1, 48, '0000-01-01', '9999-12-31', 0, 2, '2020-01-15 04:29:06', 0, '2000000'),
	(107, 1, 'Questionnaire', 'Questionnaire', '', 1, 49, '0000-01-01', '9999-12-31', 0, 2, '2020-01-15 04:31:30', 0, '10000000'),
	(108, 1, 'Questionnaire', 'Questionnaire', '', 1, 50, '0000-01-01', '9999-12-31', 0, 2, '2020-01-15 04:31:38', 0, '10000000'),
	(109, 1, 'Questionnaire', 'Questionnaire', '', 1, 51, '0000-01-01', '9999-12-31', 0, 2, '2020-01-15 04:32:57', 0, '20000000'),
	(110, 1, 'Questionnaire', 'Questionnaire', '', 1, 52, '0000-01-01', '9999-12-31', 0, 2, '2020-01-15 04:33:05', 0, '20000000'),
	(111, 1, 'Questionnaire', 'Questionnaire', '', 1, 53, '0000-01-01', '9999-12-31', 0, 2, '2020-01-15 04:34:33', 0, '40000000'),
	(112, 1, 'Questionnaire', 'Questionnaire', '', 1, 54, '0000-01-01', '9999-12-31', 0, 2, '2020-01-15 04:34:40', 0, '40000000'),
	(113, 1, 'Questionnaire', 'Questionnaire', '', 1, 55, '0000-01-01', '9999-12-31', 0, 2, '2020-01-15 04:36:06', 0, '0-1'),
	(114, 1, 'Questionnaire', 'Questionnaire', '', 1, 56, '0000-01-01', '9999-12-31', 0, 2, '2020-01-15 04:36:18', 0, '0-1'),
	(115, 1, 'Questionnaire', 'Questionnaire', '', 1, 57, '0000-01-01', '9999-12-31', 0, 2, '2020-01-15 04:37:04', 0, '0-2'),
	(116, 1, 'Questionnaire', 'Questionnaire', '', 1, 58, '0000-01-01', '9999-12-31', 0, 2, '2020-01-15 04:37:13', 0, '0-2'),
	(117, 1, 'Questionnaire', 'Questionnaire', '', 1, 59, '0000-01-01', '9999-12-31', 0, 2, '2020-01-15 04:38:14', 0, '0-4'),
	(118, 1, 'Questionnaire', 'Questionnaire', '', 1, 60, '0000-01-01', '9999-12-31', 0, 2, '2020-01-15 04:38:24', 0, '0-4'),
	(119, 1, 'Questionnaire', 'Questionnaire', '', 1, 61, '0000-01-01', '9999-12-31', 0, 2, '2020-01-15 04:39:21', 0, '0-8'),
	(120, 1, 'Questionnaire', 'Questionnaire', '', 1, 62, '0000-01-01', '9999-12-31', 0, 2, '2020-01-15 04:39:35', 0, '0-8'),
	(121, 1, 'Questionnaire', 'Questionnaire', '', 1, 63, '0000-01-01', '9999-12-31', 0, 2, '2020-01-15 04:40:26', 0, '0-40'),
	(122, 1, 'Questionnaire', 'Questionnaire', '', 1, 64, '0000-01-01', '9999-12-31', 0, 2, '2020-01-15 04:40:41', 0, '0-40'),
	(123, 1, 'Questionnaire', 'Questionnaire', '', 1, 65, '0000-01-01', '9999-12-31', 0, 2, '2020-01-15 04:41:41', 0, '0-80'),
	(124, 1, 'Questionnaire', 'Questionnaire', '', 1, 66, '0000-01-01', '9999-12-31', 0, 2, '2020-01-15 04:41:52', 0, '0-80'),
	(125, 1, 'Questionnaire', 'Questionnaire', '', 1, 67, '0000-01-01', '9999-12-31', 0, 2, '2020-01-15 04:42:50', 0, '0-400'),
	(126, 1, 'Questionnaire', 'Questionnaire', '', 1, 68, '0000-01-01', '9999-12-31', 0, 2, '2020-01-15 04:42:57', 0, '0-400'),
	(127, 1, 'Questionnaire', 'Questionnaire', '', 1, 69, '0000-01-01', '9999-12-31', 0, 2, '2020-01-15 04:44:12', 0, '0-800'),
	(128, 1, 'Questionnaire', 'Questionnaire', '', 1, 70, '0000-01-01', '9999-12-31', 0, 2, '2020-01-15 04:44:26', 0, '0-800'),
	(129, 1, 'Questionnaire', 'Questionnaire', '', 1, 71, '0000-01-01', '9999-12-31', 0, 2, '2020-01-15 04:45:51', 0, '0-1000'),
	(130, 1, 'Questionnaire', 'Questionnaire', '', 1, 72, '0000-01-01', '9999-12-31', 0, 2, '2020-01-15 04:46:10', 0, '0-1000'),
	(131, 1, 'Questionnaire', 'Questionnaire', '', 1, 73, '0000-01-01', '9999-12-31', 0, 2, '2020-01-15 04:47:11', 0, '0-2000'),
	(132, 1, 'Questionnaire', 'Questionnaire', '', 1, 74, '0000-01-01', '9999-12-31', 0, 2, '2020-01-15 04:47:23', 0, '0-2000'),
	(133, 1, 'Questionnaire', 'Questionnaire', '', 1, 75, '0000-01-01', '9999-12-31', 0, 2, '2020-01-15 04:48:35', 0, '0-4000'),
	(134, 1, 'Questionnaire', 'Questionnaire', '', 1, 76, '0000-01-01', '9999-12-31', 0, 2, '2020-01-15 04:48:51', 0, '0-4000'),
	(135, 1, 'Questionnaire', 'Questionnaire', '', 1, 77, '0000-01-01', '9999-12-31', 0, 2, '2020-01-15 04:51:30', 0, '0-8000'),
	(136, 1, 'Questionnaire', 'Questionnaire', '', 1, 78, '0000-01-01', '9999-12-31', 0, 2, '2020-01-15 04:53:34', 0, '0-8000'),
	(137, 1, 'Questionnaire', 'Questionnaire', '', 1, 79, '0000-01-01', '9999-12-31', 0, 2, '2020-01-15 04:55:01', 0, '0-10000'),
	(138, 1, 'Questionnaire', 'Questionnaire', '', 1, 80, '0000-01-01', '9999-12-31', 0, 2, '2020-01-15 04:55:14', 0, '0-10000'),
	(139, 1, 'Questionnaire', 'Questionnaire', '', 1, 81, '0000-01-01', '9999-12-31', 0, 2, '2020-01-15 04:56:19', 0, '0-20000'),
	(140, 1, 'Questionnaire', 'Questionnaire', '', 1, 82, '0000-01-01', '9999-12-31', 0, 2, '2020-01-15 04:56:38', 0, '0-20000'),
	(141, 1, 'Questionnaire', 'Questionnaire', '', 1, 83, '0000-01-01', '9999-12-31', 0, 2, '2020-01-15 04:58:35', 0, '0-100000'),
	(142, 1, 'Questionnaire', 'Questionnaire', '', 1, 84, '0000-01-01', '9999-12-31', 0, 2, '2020-01-15 04:58:54', 0, '0-100000'),
	(143, 1, 'Questionnaire', 'Questionnaire', '', 1, 85, '0000-01-01', '9999-12-31', 0, 2, '2020-01-15 04:59:53', 0, '0-200000'),
	(144, 1, 'Questionnaire', 'Questionnaire', '', 1, 86, '0000-01-01', '9999-12-31', 0, 2, '2020-01-15 05:00:33', 0, '0-400000'),
	(145, 1, 'Questionnaire', 'Questionnaire', '', 1, 87, '0000-01-01', '9999-12-31', 0, 2, '2020-01-15 05:00:40', 0, '0-400000'),
	(146, 1, 'Questionnaire', 'Questionnaire', '', 1, 88, '0000-01-01', '9999-12-31', 0, 2, '2020-01-15 05:09:35', 0, '0-800000'),
	(147, 1, 'Questionnaire', 'Questionnaire', '', 1, 89, '0000-01-01', '9999-12-31', 0, 2, '2020-01-15 05:09:47', 0, '0-800000'),
	(148, 1, 'Questionnaire', 'Questionnaire', '', 1, 90, '0000-01-01', '9999-12-31', 0, 2, '2020-01-15 05:10:39', 0, '0-0-8'),
	(149, 1, 'Questionnaire', 'Questionnaire', '', 1, 91, '0000-01-01', '9999-12-31', 0, 2, '2020-01-15 05:10:49', 0, '0-0-8'),
	(150, 1, 'Questionnaire', 'Questionnaire', '', 1, 92, '0000-01-01', '9999-12-31', 0, 2, '2020-01-15 05:11:45', 0, '0-4000000'),
	(151, 1, 'Questionnaire', 'Questionnaire', '', 1, 93, '0000-01-01', '9999-12-31', 0, 2, '2020-01-15 05:12:00', 0, '0-4000000'),
	(152, 1, 'Questionnaire', 'Questionnaire', '', 1, 94, '0000-01-01', '9999-12-31', 0, 2, '2020-01-15 05:12:45', 0, '0-8000000'),
	(153, 1, 'Questionnaire', 'Questionnaire', '', 1, 95, '0000-01-01', '9999-12-31', 0, 2, '2020-01-15 05:12:56', 0, '0-8000000'),
	(154, 1, 'Questionnaire', 'Questionnaire', '', 1, 96, '0000-01-01', '9999-12-31', 0, 2, '2020-01-15 05:14:47', 0, '0-10000000'),
	(155, 1, 'Questionnaire', 'Questionnaire', '', 1, 97, '0000-01-01', '9999-12-31', 0, 2, '2020-01-15 05:14:57', 0, '0-10000000'),
	(156, 1, 'Questionnaire', 'Questionnaire', '', 1, 98, '0000-01-01', '9999-12-31', 0, 2, '2020-01-15 05:15:51', 0, '0-20000000'),
	(157, 1, 'Questionnaire', 'Questionnaire', '', 1, 99, '0000-01-01', '9999-12-31', 0, 2, '2020-01-15 05:16:01', 0, '0-20000000'),
	(158, 1, 'Questionnaire', 'Questionnaire', '', 1, 100, '0000-01-01', '9999-12-31', 0, 2, '2020-01-15 05:16:41', 0, '0-40000000'),
	(159, 1, 'Questionnaire', 'Questionnaire', '', 1, 101, '0000-01-01', '9999-12-31', 0, 2, '2020-01-15 05:16:56', 0, '0-40000000'),
	(160, 1, 'Questionnaire', 'Questionnaire', '', 1, 102, '0000-01-01', '9999-12-31', 0, 2, '2020-01-15 05:18:18', 0, '0-0-1'),
	(161, 1, 'Questionnaire', 'Questionnaire', '', 1, 103, '0000-01-01', '9999-12-31', 0, 2, '2020-01-15 05:18:51', 0, '0-0-1'),
	(162, 1, 'Questionnaire', 'Questionnaire', '', 1, 104, '0000-01-01', '9999-12-31', 0, 2, '2020-01-15 05:21:03', 0, '0-0-2'),
	(163, 1, 'Questionnaire', 'Questionnaire', '', 1, 105, '0000-01-01', '9999-12-31', 0, 2, '2020-01-15 05:21:15', 0, '0-0-2'),
	(164, 1, 'Questionnaire', 'Questionnaire', '', 1, 106, '0000-01-01', '9999-12-31', 0, 2, '2020-01-15 05:22:40', 0, '0-0-20'),
	(165, 1, 'Questionnaire', 'Questionnaire', '', 1, 107, '0000-01-01', '9999-12-31', 0, 2, '2020-01-15 05:22:53', 0, '0-0-20'),
	(166, 1, 'Questionnaire', 'Questionnaire', '', 1, 108, '0000-01-01', '9999-12-31', 0, 2, '2020-01-15 05:23:38', 0, '0-0-40'),
	(167, 1, 'Questionnaire', 'Questionnaire', '', 1, 109, '0000-01-01', '9999-12-31', 0, 2, '2020-01-15 05:23:51', 0, '0-0-40'),
	(168, 1, 'Questionnaire', 'Questionnaire', '', 1, 110, '0000-01-01', '9999-12-31', 0, 2, '2020-01-15 05:25:01', 0, '0-0-80'),
	(169, 1, 'Questionnaire', 'Questionnaire', '', 1, 111, '0000-01-01', '9999-12-31', 0, 2, '2020-01-15 05:25:46', 0, '0-0-80'),
	(170, 1, 'Questionnaire', 'Questionnaire', '', 1, 112, '0000-01-01', '9999-12-31', 0, 2, '2020-01-15 05:26:53', 0, '0-0-100'),
	(171, 1, 'Questionnaire', 'Questionnaire', '', 1, 113, '0000-01-01', '9999-12-31', 0, 2, '2020-01-15 05:27:05', 0, '0-0-100'),
	(172, 1, 'Questionnaire', 'Questionnaire', '', 1, 114, '0000-01-01', '9999-12-31', 0, 2, '2020-01-15 05:29:09', 0, '0-0-200'),
	(173, 1, 'Questionnaire', 'Questionnaire', '', 1, 115, '0000-01-01', '9999-12-31', 0, 2, '2020-01-15 05:29:20', 0, '0-0-200'),
	(174, 1, 'Questionnaire', 'Questionnaire', '', 1, 116, '0000-01-01', '9999-12-31', 0, 2, '2020-01-15 05:30:37', 0, '0-0-400'),
	(175, 1, 'Questionnaire', 'Questionnaire', '', 1, 117, '0000-01-01', '9999-12-31', 0, 2, '2020-01-15 05:30:50', 0, '0-0-400'),
	(176, 1, 'Questionnaire', 'Questionnaire', '', 1, 118, '0000-01-01', '9999-12-31', 0, 2, '2020-01-15 05:31:45', 0, '0-0-800'),
	(177, 1, 'Questionnaire', 'Questionnaire', '', 1, 119, '0000-01-01', '9999-12-31', 0, 2, '2020-01-15 05:31:56', 0, '0-0-800'),
	(178, 1, 'Questionnaire', 'Questionnaire', '', 1, 120, '0000-01-01', '9999-12-31', 0, 2, '2020-01-15 05:32:50', 0, '0-0-1000'),
	(179, 1, 'Questionnaire', 'Questionnaire', '', 1, 121, '0000-01-01', '9999-12-31', 0, 2, '2020-01-15 05:32:59', 0, '0-0-1000'),
	(180, 1, 'Questionnaire', 'Questionnaire', '', 1, 122, '0000-01-01', '9999-12-31', 0, 2, '2020-01-15 05:34:05', 0, '0-0-8000'),
	(181, 1, 'Questionnaire', 'Questionnaire', '', 1, 123, '0000-01-01', '9999-12-31', 0, 2, '2020-01-15 05:34:15', 0, '0-0-8000'),
	(182, 1, 'Questionnaire', 'Questionnaire', '', 1, 124, '0000-01-01', '9999-12-31', 0, 2, '2020-01-15 05:36:36', 0, '0-0-10000'),
	(183, 1, 'Questionnaire', 'Questionnaire', '', 1, 125, '0000-01-01', '9999-12-31', 0, 2, '2020-01-15 05:36:48', 0, '0-0-10000'),
	(184, 1, 'Questionnaire', 'Questionnaire', '', 1, 126, '0000-01-01', '9999-12-31', 0, 2, '2020-01-15 05:37:39', 0, '0-0-20000'),
	(185, 1, 'Questionnaire', 'Questionnaire', '', 1, 127, '0000-01-01', '9999-12-31', 0, 2, '2020-01-15 05:37:50', 0, '0-0-20000'),
	(186, 1, 'Questionnaire', 'Questionnaire', '', 1, 128, '0000-01-01', '9999-12-31', 0, 2, '2020-01-15 05:38:48', 0, '0-0-40000'),
	(187, 1, 'Questionnaire', 'Questionnaire', '', 1, 129, '0000-01-01', '9999-12-31', 0, 2, '2020-01-15 05:39:04', 0, '0-0-40000'),
	(188, 1, 'Questionnaire', 'Questionnaire', '', 1, 130, '0000-01-01', '9999-12-31', 0, 2, '2020-01-15 05:39:52', 0, '0-0-80000'),
	(189, 1, 'Questionnaire', 'Questionnaire', '', 1, 131, '0000-01-01', '9999-12-31', 0, 2, '2020-01-15 05:40:05', 0, '0-0-80000'),
	(190, 1, 'Questionnaire', 'Questionnaire', '', 1, 132, '0000-01-01', '9999-12-31', 0, 2, '2020-01-15 05:41:24', 0, '0-0-100000'),
	(191, 1, 'Questionnaire', 'Questionnaire', '', 1, 133, '0000-01-01', '9999-12-31', 0, 2, '2020-01-15 05:41:40', 0, '0-0-100000'),
	(192, 1, 'Questionnaire', 'Questionnaire', '', 1, 134, '0000-01-01', '9999-12-31', 0, 2, '2020-01-15 05:42:36', 0, '0-0-200000'),
	(193, 1, 'Questionnaire', 'Questionnaire', '', 1, 135, '0000-01-01', '9999-12-31', 0, 2, '2020-01-15 05:43:39', 0, '0-0-200000'),
	(194, 1, 'Questionnaire', 'Questionnaire', '', 1, 136, '0000-01-01', '9999-12-31', 0, 2, '2020-01-15 05:44:27', 0, '0-0-400000'),
	(195, 1, 'Questionnaire', 'Questionnaire', '', 1, 137, '0000-01-01', '9999-12-31', 0, 2, '2020-01-15 05:44:52', 0, '0-0-400000'),
	(196, 1, 'Questionnaire', 'Questionnaire', '', 1, 138, '0000-01-01', '9999-12-31', 0, 2, '2020-01-15 06:47:48', 0, '0-200000');
/*!40000 ALTER TABLE `tbl_questionnaire` ENABLE KEYS */;

-- Dumping structure for table kaizen.tbl_questionnaire_answer
CREATE TABLE IF NOT EXISTS `tbl_questionnaire_answer` (
  `answer_id` int(10) unsigned NOT NULL AUTO_INCREMENT,
  `questionnaire_id` int(10) unsigned NOT NULL,
  `student_id` int(10) unsigned NOT NULL,
  `answer_datetime` datetime NOT NULL,
  `enable` tinyint(4) unsigned NOT NULL,
  PRIMARY KEY (`answer_id`),
  KEY `student_id` (`student_id`),
  KEY `questionnaire_id` (`questionnaire_id`),
  KEY `tbl_questionnaire_student_answer_ibfk_3` (`enable`)
) ENGINE=InnoDB AUTO_INCREMENT=75 DEFAULT CHARSET=utf8 COLLATE=utf8_bin;

-- Dumping data for table kaizen.tbl_questionnaire_answer: ~9 rows (approximately)
DELETE FROM `tbl_questionnaire_answer`;
/*!40000 ALTER TABLE `tbl_questionnaire_answer` DISABLE KEYS */;
INSERT INTO `tbl_questionnaire_answer` (`answer_id`, `questionnaire_id`, `student_id`, `answer_datetime`, `enable`) VALUES
	(66, 62, 15, '2020-01-15 01:40:27', 1),
	(67, 59, 15, '2020-01-15 01:43:48', 1),
	(68, 60, 15, '2020-01-15 01:44:43', 1),
	(69, 60, 15, '2020-01-15 01:44:51', 1),
	(70, 59, 14, '2020-01-15 01:45:55', 1),
	(71, 59, 14, '2020-01-15 01:46:25', 1),
	(72, 67, 15, '2020-01-15 02:03:16', 1),
	(73, 68, 15, '2020-01-15 02:22:01', 1),
	(74, 70, 15, '2020-01-15 02:35:44', 1);
/*!40000 ALTER TABLE `tbl_questionnaire_answer` ENABLE KEYS */;

-- Dumping structure for table kaizen.tbl_questionnaire_answer_query
CREATE TABLE IF NOT EXISTS `tbl_questionnaire_answer_query` (
  `answer_query_id` int(10) unsigned NOT NULL AUTO_INCREMENT,
  `answer_id` int(10) unsigned NOT NULL,
  `query_id` int(10) unsigned NOT NULL,
  `query_type` tinyint(4) unsigned NOT NULL,
  PRIMARY KEY (`answer_query_id`),
  KEY `student_answer_id` (`answer_id`),
  KEY `query_type` (`query_type`),
  KEY `questionnaire_query_id` (`query_id`)
) ENGINE=InnoDB AUTO_INCREMENT=91 DEFAULT CHARSET=utf8 COLLATE=utf8_bin;

-- Dumping data for table kaizen.tbl_questionnaire_answer_query: ~8 rows (approximately)
DELETE FROM `tbl_questionnaire_answer_query`;
/*!40000 ALTER TABLE `tbl_questionnaire_answer_query` DISABLE KEYS */;
INSERT INTO `tbl_questionnaire_answer_query` (`answer_query_id`, `answer_id`, `query_id`, `query_type`) VALUES
	(83, 66, 124, 1),
	(84, 67, 0, 0),
	(85, 68, 122, 1),
	(86, 69, 122, 1),
	(87, 70, 0, 0),
	(88, 71, 121, 1),
	(89, 72, 130, 0),
	(90, 74, 136, 0);
/*!40000 ALTER TABLE `tbl_questionnaire_answer_query` ENABLE KEYS */;

-- Dumping structure for table kaizen.tbl_questionnaire_answer_query_length
CREATE TABLE IF NOT EXISTS `tbl_questionnaire_answer_query_length` (
  `answer_query_id` int(10) unsigned NOT NULL,
  `length` mediumint(6) NOT NULL
) ENGINE=InnoDB DEFAULT CHARSET=utf8;

-- Dumping data for table kaizen.tbl_questionnaire_answer_query_length: ~0 rows (approximately)
DELETE FROM `tbl_questionnaire_answer_query_length`;
/*!40000 ALTER TABLE `tbl_questionnaire_answer_query_length` DISABLE KEYS */;
/*!40000 ALTER TABLE `tbl_questionnaire_answer_query_length` ENABLE KEYS */;

-- Dumping structure for table kaizen.tbl_questionnaire_answer_query_multiple_choice
CREATE TABLE IF NOT EXISTS `tbl_questionnaire_answer_query_multiple_choice` (
  `answer_query_id` int(10) unsigned NOT NULL,
  `choices_id` int(10) unsigned NOT NULL
) ENGINE=InnoDB DEFAULT CHARSET=utf8 COLLATE=utf8_bin;

-- Dumping data for table kaizen.tbl_questionnaire_answer_query_multiple_choice: ~4 rows (approximately)
DELETE FROM `tbl_questionnaire_answer_query_multiple_choice`;
/*!40000 ALTER TABLE `tbl_questionnaire_answer_query_multiple_choice` DISABLE KEYS */;
INSERT INTO `tbl_questionnaire_answer_query_multiple_choice` (`answer_query_id`, `choices_id`) VALUES
	(83, 368),
	(85, 356),
	(86, 351),
	(88, 350);
/*!40000 ALTER TABLE `tbl_questionnaire_answer_query_multiple_choice` ENABLE KEYS */;

-- Dumping structure for table kaizen.tbl_questionnaire_answer_query_single_choice
CREATE TABLE IF NOT EXISTS `tbl_questionnaire_answer_query_single_choice` (
  `answer_query_id` int(10) unsigned NOT NULL,
  `choice_id` int(10) unsigned NOT NULL
) ENGINE=InnoDB DEFAULT CHARSET=utf8 COLLATE=utf8_bin;

-- Dumping data for table kaizen.tbl_questionnaire_answer_query_single_choice: ~4 rows (approximately)
DELETE FROM `tbl_questionnaire_answer_query_single_choice`;
/*!40000 ALTER TABLE `tbl_questionnaire_answer_query_single_choice` DISABLE KEYS */;
INSERT INTO `tbl_questionnaire_answer_query_single_choice` (`answer_query_id`, `choice_id`) VALUES
	(84, 0),
	(87, 0),
	(89, 396),
	(90, 412);
/*!40000 ALTER TABLE `tbl_questionnaire_answer_query_single_choice` ENABLE KEYS */;

-- Dumping structure for table kaizen.tbl_questionnaire_answer_query_text
CREATE TABLE IF NOT EXISTS `tbl_questionnaire_answer_query_text` (
  `answer_query_id` int(10) unsigned NOT NULL,
  `text` varchar(2000) COLLATE utf8_bin NOT NULL
) ENGINE=InnoDB DEFAULT CHARSET=utf8 COLLATE=utf8_bin;

-- Dumping data for table kaizen.tbl_questionnaire_answer_query_text: ~0 rows (approximately)
DELETE FROM `tbl_questionnaire_answer_query_text`;
/*!40000 ALTER TABLE `tbl_questionnaire_answer_query_text` DISABLE KEYS */;
/*!40000 ALTER TABLE `tbl_questionnaire_answer_query_text` ENABLE KEYS */;

-- Dumping structure for table kaizen.tbl_questionnaire_answer_query_word
CREATE TABLE IF NOT EXISTS `tbl_questionnaire_answer_query_word` (
  `answer_query_id` int(10) unsigned NOT NULL,
  `word` varchar(1400) COLLATE utf8_bin NOT NULL
) ENGINE=InnoDB DEFAULT CHARSET=utf8 COLLATE=utf8_bin;

-- Dumping data for table kaizen.tbl_questionnaire_answer_query_word: ~0 rows (approximately)
DELETE FROM `tbl_questionnaire_answer_query_word`;
/*!40000 ALTER TABLE `tbl_questionnaire_answer_query_word` DISABLE KEYS */;
/*!40000 ALTER TABLE `tbl_questionnaire_answer_query_word` ENABLE KEYS */;

-- Dumping structure for table kaizen.tbl_questionnaire_query
CREATE TABLE IF NOT EXISTS `tbl_questionnaire_query` (
  `query_id` int(10) unsigned NOT NULL AUTO_INCREMENT,
  `questionnaire_id` int(10) unsigned NOT NULL,
  `query` varchar(255) COLLATE utf8_bin NOT NULL,
  `query_type` tinyint(4) unsigned NOT NULL,
  `flg_query_must` tinyint(4) unsigned NOT NULL,
  `display_order` int(10) unsigned NOT NULL,
  `enable` tinyint(4) unsigned NOT NULL,
  PRIMARY KEY (`query_id`),
  KEY `questionnaire_id` (`questionnaire_id`,`display_order`,`enable`),
  KEY `query_type` (`query_type`),
  KEY `enable` (`enable`)
) ENGINE=InnoDB AUTO_INCREMENT=416 DEFAULT CHARSET=utf8 COLLATE=utf8_bin;

-- Dumping data for table kaizen.tbl_questionnaire_query: ~272 rows (approximately)
DELETE FROM `tbl_questionnaire_query`;
/*!40000 ALTER TABLE `tbl_questionnaire_query` DISABLE KEYS */;
INSERT INTO `tbl_questionnaire_query` (`query_id`, `questionnaire_id`, `query`, `query_type`, `flg_query_must`, `display_order`, `enable`) VALUES
	(121, 59, 'Which actions below would you like to take after watching this video?', 1, 0, 1, 1),
	(122, 60, 'Which actions below would you like to take after watching this video?', 1, 0, 2, 1),
	(123, 61, 'Which actions below would you like to take after watching this video?', 1, 0, 3, 1),
	(124, 62, 'Which actions below would you like to take after watching this video?', 1, 0, 4, 1),
	(128, 66, 'Which actions below would you like to take after watching this video?', 1, 1, 8, 1),
	(129, 66, '', 2, 0, 9, 1),
	(130, 67, 'Which actions below would you like to take after watching this video?', 1, 1, 10, 1),
	(131, 67, 'Write your opinion below if you choose option 6 in the previous question? (If you choose option 1 to 5 then you can click the &quot;send a questionnaire&quot; button )', 2, 0, 11, 1),
	(132, 68, 'Which actions below would you like to take after watching this video?', 1, 1, 12, 1),
	(133, 68, 'Write your opinion below if you choose option 6 in the previous question? (If you choose option 1 to 5 then you can click the &quot;send a questionnaire&quot; button )', 2, 0, 13, 1),
	(136, 70, 'Which actions below would you like to take after watching this video?', 1, 1, 16, 1),
	(137, 70, 'Write your opinion below if you choose option 6 in the previous question? (If you choose option 1 to 5 then you can click the &quot;Submit&quot; button )', 2, 0, 17, 1),
	(140, 69, 'Which actions below would you like to take after watching this video?', 1, 1, 18, 1),
	(141, 69, 'Write your opinions below if you choose option 6 in the previous question? (If you choose option 1 to 5 then you can click the &quot;Submit&quot; button )', 2, 0, 19, 1),
	(152, 72, 'Which actions below would you like to take after watching this video?', 1, 1, 28, 1),
	(153, 72, 'Write your opinions below if you choose option 6 in the previous question? (If you choose option 1 to 5 then you can click the &quot;Submit&quot; button )', 2, 0, 29, 1),
	(154, 65, 'Which actions below would you like to take after watching this video?', 1, 1, 30, 1),
	(155, 65, 'Write your opinions below if you choose option 6 in the previous question? (If you choose option 1 to 5 then you can click the &quot;Submit&quot; button )', 2, 0, 31, 1),
	(156, 64, 'Which actions below would you like to take after watching this video?', 1, 1, 32, 1),
	(157, 64, 'Write your opinions below if you choose option 6 in the previous question? (If you choose option 1 to 5 then you can click the &quot;Submit&quot; button )', 2, 0, 33, 1),
	(158, 63, 'Which actions below would you like to take after watching this video?\r\n', 1, 1, 34, 1),
	(159, 63, 'Write your opinions below if you choose option 6 in the previous question? (If you choose option 1 to 5 then you can click the &quot;Submit&quot; button )', 2, 0, 35, 1),
	(160, 71, 'Which actions below would you like to take after watching this video?', 1, 1, 36, 1),
	(161, 71, 'Write your opinions below if you choose option 6 in the previous question? (If you choose option 1 to 5 then you can click the &quot;Submit&quot; button )', 2, 0, 37, 1),
	(162, 73, 'Which actions below would you like to take after watching this video?', 1, 1, 38, 1),
	(163, 73, 'Write your opinions below if you choose option 6 in the previous question? (If you choose option 1 to 5 then you can click the &quot;Submit&quot; button )', 2, 0, 39, 1),
	(164, 74, 'Which actions below would you like to take after watching this video?', 1, 1, 40, 1),
	(165, 74, 'Write your opinions below if you choose option 6 in the previous question? (If you choose option 1 to 5 then you can click the &quot;Submit&quot; button )', 2, 0, 41, 1),
	(166, 75, 'Which actions below would you like to take after watching this video?', 1, 1, 42, 1),
	(167, 75, 'Write your opinions below if you choose option 6 in the previous question? (If you choose option 1 to 5 then you can click the &quot;Submit&quot; button )', 2, 0, 43, 1),
	(168, 76, 'Which actions below would you like to take after watching this video?\r\n', 1, 0, 44, 1),
	(169, 76, 'Write your opinions below if you choose option 6 in the previous question? (If you choose option 1 to 5 then you can click the &quot;Submit&quot; button )', 2, 0, 45, 1),
	(170, 77, 'Which actions below would you like to take after watching this video?', 1, 1, 46, 1),
	(171, 77, 'Write your opinions below if you choose option 6 in the previous question? (If you choose option 1 to 5 then you can click the &quot;Submit&quot; button )', 2, 0, 47, 1),
	(172, 78, 'Which actions below would you like to take after watching this video?', 1, 1, 48, 1),
	(173, 78, 'Write your opinions below if you choose option 6 in the previous question? (If you choose option 1 to 5 then you can click the &quot;Submit&quot; button )', 2, 0, 49, 1),
	(176, 79, 'Which actions below would you like to take after watching this video?', 1, 1, 50, 1),
	(177, 79, 'Write your opinions below if you choose option 6 in the previous question? (If you choose option 1 to 5 then you can click the &quot;Submit&quot; button )', 2, 0, 51, 1),
	(178, 80, 'Which actions below would you like to take after watching this video?', 1, 1, 52, 1),
	(179, 80, 'Write your opinions below if you choose option 6 in the previous question? (If you choose option 1 to 5 then you can click the &quot;Submit&quot; button )', 2, 0, 53, 1),
	(180, 81, 'Which actions below would you like to take after watching this video?', 1, 1, 54, 1),
	(181, 81, 'Write your opinions below if you choose option 6 in the previous question? (If you choose option 1 to 5 then you can click the &quot;Submit&quot; button )', 2, 0, 55, 1),
	(182, 82, 'Which actions below would you like to take after watching this video?', 1, 1, 56, 1),
	(183, 82, 'Write your opinions below if you choose option 6 in the previous question? (If you choose option 1 to 5 then you can click the &quot;Submit&quot; button )', 2, 0, 57, 1),
	(186, 83, 'Which actions below would you like to take after watching this video?', 1, 1, 58, 1),
	(187, 83, 'Write your opinions below if you choose option 6 in the previous question? (If you choose option 1 to 5 then you can click the &quot;Submit&quot; button )', 2, 0, 59, 1),
	(188, 84, 'Which actions below would you like to take after watching this video?', 1, 1, 60, 1),
	(189, 84, 'Write your opinions below if you choose option 6 in the previous question? (If you choose option 1 to 5 then you can click the &quot;Submit&quot; button )', 2, 0, 61, 1),
	(190, 85, 'Which actions below would you like to take after watching this video?', 1, 1, 62, 1),
	(191, 85, 'Write your opinions below if you choose option 6 in the previous question? (If you choose option 1 to 5 then you can click the &quot;Submit&quot; button )', 2, 0, 63, 1),
	(192, 86, 'Which actions below would you like to take after watching this video?', 1, 1, 64, 1),
	(193, 86, 'Write your opinions below if you choose option 6 in the previous question? (If you choose option 1 to 5 then you can click the &quot;Submit&quot; button )', 2, 0, 65, 1),
	(194, 87, 'Which actions below would you like to take after watching this video?', 1, 1, 66, 1),
	(195, 87, 'Write your opinions below if you choose option 6 in the previous question? (If you choose option 1 to 5 then you can click the &quot;Submit&quot; button )', 2, 0, 67, 1),
	(196, 88, 'Which actions below would you like to take after watching this video?', 1, 1, 68, 1),
	(197, 88, 'Write your opinions below if you choose option 6 in the previous question? (If you choose option 1 to 5 then you can click the &quot;Submit&quot; button )', 2, 0, 69, 1),
	(198, 89, 'Which actions below would you like to take after watching this video?', 1, 1, 70, 1),
	(199, 89, 'Write your opinions below if you choose option 6 in the previous question? (If you choose option 1 to 5 then you can click the &quot;Submit&quot; button )', 2, 0, 71, 1),
	(200, 90, 'Which actions below would you like to take after watching this video?', 1, 1, 72, 1),
	(201, 90, 'Write your opinions below if you choose option 6 in the previous question? (If you choose option 1 to 5 then you can click the &quot;Submit&quot; button )', 2, 0, 73, 1),
	(202, 91, 'Which actions below would you like to take after watching this video?', 1, 1, 74, 1),
	(203, 91, 'Write your opinions below if you choose option 6 in the previous question? (If you choose option 1 to 5 then you can click the &quot;Submit&quot; button )', 2, 0, 75, 1),
	(204, 92, 'Which actions below would you like to take after watching this video?', 1, 1, 76, 1),
	(205, 92, 'Write your opinions below if you choose option 6 in the previous question? (If you choose option 1 to 5 then you can click the &quot;Submit&quot; button )', 2, 0, 77, 1),
	(206, 93, 'Which actions below would you like to take after watching this video?', 1, 1, 78, 1),
	(207, 93, 'Write your opinions below if you choose option 6 in the previous question? (If you choose option 1 to 5 then you can click the &quot;Submit&quot; button )', 2, 0, 79, 1),
	(208, 94, 'Which actions below would you like to take after watching this video?', 1, 1, 80, 1),
	(209, 94, 'Write your opinions below if you choose option 6 in the previous question? (If you choose option 1 to 5 then you can click the &quot;Submit&quot; button )', 2, 0, 81, 1),
	(210, 95, 'Which actions below would you like to take after watching this video?', 1, 1, 82, 1),
	(211, 95, 'Write your opinions below if you choose option 6 in the previous question? (If you choose option 1 to 5 then you can click the &quot;Submit&quot; button )', 2, 0, 83, 1),
	(212, 96, 'Which actions below would you like to take after watching this video?', 1, 1, 84, 1),
	(213, 96, 'Write your opinions below if you choose option 6 in the previous question? (If you choose option 1 to 5 then you can click the &quot;Submit&quot; button )', 2, 0, 85, 1),
	(214, 97, 'Which actions below would you like to take after watching this video?', 1, 1, 86, 1),
	(215, 97, 'Write your opinions below if you choose option 6 in the previous question? (If you choose option 1 to 5 then you can click the &quot;Submit&quot; button )', 2, 0, 87, 1),
	(216, 98, 'Which actions below would you like to take after watching this video?', 1, 1, 88, 1),
	(217, 98, 'Write your opinions below if you choose option 6 in the previous question? (If you choose option 1 to 5 then you can click the &quot;Submit&quot; button )', 2, 0, 89, 1),
	(218, 99, 'Which actions below would you like to take after watching this video?', 1, 1, 90, 1),
	(219, 99, 'Write your opinions below if you choose option 6 in the previous question? (If you choose option 1 to 5 then you can click the &quot;Submit&quot; button )', 2, 0, 91, 1),
	(220, 100, 'Which actions below would you like to take after watching this video?', 1, 1, 92, 1),
	(221, 100, 'Write your opinions below if you choose option 6 in the previous question? (If you choose option 1 to 5 then you can click the &quot;Submit&quot; button )', 2, 0, 93, 1),
	(222, 101, 'Which actions below would you like to take after watching this video?', 1, 1, 94, 1),
	(223, 101, 'Write your opinions below if you choose option 6 in the previous question? (If you choose option 1 to 5 then you can click the &quot;Submit&quot; button )', 2, 0, 95, 1),
	(224, 102, 'Which actions below would you like to take after watching this video?', 1, 1, 96, 1),
	(225, 102, 'Write your opinions below if you choose option 6 in the previous question? (If you choose option 1 to 5 then you can click the &quot;Submit&quot; button )', 2, 0, 97, 1),
	(226, 103, 'Which actions below would you like to take after watching this video?', 1, 1, 98, 1),
	(227, 103, 'Write your opinions below if you choose option 6 in the previous question? (If you choose option 1 to 5 then you can click the &quot;Submit&quot; button )', 2, 0, 99, 1),
	(228, 104, 'Which actions below would you like to take after watching this video?', 1, 1, 100, 1),
	(229, 104, 'Write your opinions below if you choose option 6 in the previous question? (If you choose option 1 to 5 then you can click the &quot;Submit&quot; button )', 2, 0, 101, 1),
	(230, 105, 'Which actions below would you like to take after watching this video?', 1, 1, 102, 1),
	(231, 105, 'Write your opinions below if you choose option 6 in the previous question? (If you choose option 1 to 5 then you can click the &quot;Submit&quot; button )', 2, 0, 103, 1),
	(232, 106, 'Which actions below would you like to take after watching this video?', 1, 1, 104, 1),
	(233, 106, 'Write your opinions below if you choose option 6 in the previous question? (If you choose option 1 to 5 then you can click the &quot;Submit&quot; button )', 2, 0, 105, 1),
	(234, 107, 'Which actions below would you like to take after watching this video?', 1, 1, 106, 1),
	(235, 107, 'Write your opinions below if you choose option 6 in the previous question? (If you choose option 1 to 5 then you can click the &quot;Submit&quot; button )', 2, 0, 107, 1),
	(236, 108, 'Which actions below would you like to take after watching this video?', 1, 1, 108, 1),
	(237, 108, 'Write your opinions below if you choose option 6 in the previous question? (If you choose option 1 to 5 then you can click the &quot;Submit&quot; button )', 2, 0, 109, 1),
	(238, 109, 'Which actions below would you like to take after watching this video?', 1, 1, 110, 1),
	(239, 109, 'Write your opinions below if you choose option 6 in the previous question? (If you choose option 1 to 5 then you can click the &quot;Submit&quot; button )', 2, 0, 111, 1),
	(240, 110, 'Which actions below would you like to take after watching this video?', 1, 1, 112, 1),
	(241, 110, 'Write your opinions below if you choose option 6 in the previous question? (If you choose option 1 to 5 then you can click the &quot;Submit&quot; button )', 2, 0, 113, 1),
	(242, 111, 'Which actions below would you like to take after watching this video?', 1, 1, 114, 1),
	(243, 111, 'Write your opinions below if you choose option 6 in the previous question? (If you choose option 1 to 5 then you can click the &quot;Submit&quot; button )', 2, 0, 115, 1),
	(244, 112, 'Which actions below would you like to take after watching this video?', 1, 1, 116, 1),
	(245, 112, 'Write your opinions below if you choose option 6 in the previous question? (If you choose option 1 to 5 then you can click the &quot;Submit&quot; button )', 2, 0, 117, 1),
	(246, 113, 'Which actions below would you like to take after watching this video?\r\n', 1, 1, 118, 1),
	(247, 113, 'Write your opinions below if you choose option 6 in the previous question? (If you choose option 1 to 5 then you can click the &quot;Submit&quot; button )', 2, 0, 119, 1),
	(248, 114, 'Which actions below would you like to take after watching this video?\r\n', 1, 1, 120, 1),
	(249, 114, 'Write your opinions below if you choose option 6 in the previous question? (If you choose option 1 to 5 then you can click the &quot;Submit&quot; button )', 2, 0, 121, 1),
	(250, 115, 'Which actions below would you like to take after watching this video?', 1, 1, 122, 1),
	(251, 115, 'Write your opinions below if you choose option 6 in the previous question? (If you choose option 1 to 5 then you can click the &quot;Submit&quot; button )', 2, 0, 123, 1),
	(252, 116, 'Which actions below would you like to take after watching this video?', 1, 1, 124, 1),
	(253, 116, 'Write your opinions below if you choose option 6 in the previous question? (If you choose option 1 to 5 then you can click the &quot;Submit&quot; button )', 2, 0, 125, 1),
	(254, 117, 'Which actions below would you like to take after watching this video?', 1, 1, 126, 1),
	(255, 117, 'Write your opinions below if you choose option 6 in the previous question? (If you choose option 1 to 5 then you can click the &quot;Submit&quot; button )', 2, 0, 127, 1),
	(256, 118, 'Which actions below would you like to take after watching this video?', 1, 1, 128, 1),
	(257, 118, 'Write your opinions below if you choose option 6 in the previous question? (If you choose option 1 to 5 then you can click the &quot;Submit&quot; button )', 2, 0, 129, 1),
	(258, 119, 'Which actions below would you like to take after watching this video?', 1, 1, 130, 1),
	(259, 119, 'Write your opinions below if you choose option 6 in the previous question? (If you choose option 1 to 5 then you can click the &quot;Submit&quot; button )', 2, 0, 131, 1),
	(260, 120, 'Which actions below would you like to take after watching this video?', 1, 1, 132, 1),
	(261, 120, 'Write your opinions below if you choose option 6 in the previous question? (If you choose option 1 to 5 then you can click the &quot;Submit&quot; button )', 2, 0, 133, 1),
	(264, 121, 'Which actions below would you like to take after watching this video?', 1, 1, 134, 1),
	(265, 121, 'Write your opinions below if you choose option 6 in the previous question? (If you choose option 1 to 5 then you can click the &quot;Submit&quot; button )', 2, 0, 135, 1),
	(266, 122, 'Which actions below would you like to take after watching this video?', 1, 1, 136, 1),
	(267, 122, 'Write your opinions below if you choose option 6 in the previous question? (If you choose option 1 to 5 then you can click the &quot;Submit&quot; button )', 2, 0, 137, 1),
	(268, 123, 'Which actions below would you like to take after watching this video?', 1, 1, 138, 1),
	(269, 123, 'Write your opinions below if you choose option 6 in the previous question? (If you choose option 1 to 5 then you can click the &quot;Submit&quot; button )', 2, 0, 139, 1),
	(270, 124, 'Which actions below would you like to take after watching this video?', 1, 1, 140, 1),
	(271, 124, 'Write your opinions below if you choose option 6 in the previous question? (If you choose option 1 to 5 then you can click the &quot;Submit&quot; button )', 2, 0, 141, 1),
	(272, 125, 'Which actions below would you like to take after watching this video?', 1, 1, 142, 1),
	(273, 125, 'Write your opinions below if you choose option 6 in the previous question? (If you choose option 1 to 5 then you can click the &quot;Submit&quot; button )', 2, 0, 143, 1),
	(274, 126, 'Which actions below would you like to take after watching this video?', 1, 1, 144, 1),
	(275, 126, 'Write your opinions below if you choose option 6 in the previous question? (If you choose option 1 to 5 then you can click the &quot;Submit&quot; button )', 2, 0, 145, 1),
	(276, 127, 'Which actions below would you like to take after watching this video?', 1, 1, 146, 1),
	(277, 127, 'Write your opinions below if you choose option 6 in the previous question? (If you choose option 1 to 5 then you can click the &quot;Submit&quot; button )', 2, 0, 147, 1),
	(278, 128, 'Which actions below would you like to take after watching this video?', 1, 1, 148, 1),
	(279, 128, 'Write your opinions below if you choose option 6 in the previous question? (If you choose option 1 to 5 then you can click the &quot;Submit&quot; button )', 2, 0, 149, 1),
	(280, 129, 'Which actions below would you like to take after watching this video?\r\n', 1, 1, 150, 1),
	(281, 129, 'Write your opinions below if you choose option 6 in the previous question? (If you choose option 1 to 5 then you can click the &quot;Submit&quot; button )', 2, 0, 151, 1),
	(282, 130, 'Which actions below would you like to take after watching this video?\r\n', 1, 1, 152, 1),
	(283, 130, 'Write your opinions below if you choose option 6 in the previous question? (If you choose option 1 to 5 then you can click the &quot;Submit&quot; button )', 2, 0, 153, 1),
	(284, 131, 'Which actions below would you like to take after watching this video?', 1, 1, 154, 1),
	(285, 131, 'Write your opinions below if you choose option 6 in the previous question? (If you choose option 1 to 5 then you can click the &quot;Submit&quot; button )', 2, 0, 155, 1),
	(286, 132, 'Which actions below would you like to take after watching this video?', 1, 1, 156, 1),
	(287, 132, 'Write your opinions below if you choose option 6 in the previous question? (If you choose option 1 to 5 then you can click the &quot;Submit&quot; button )', 2, 0, 157, 1),
	(288, 133, 'Which actions below would you like to take after watching this video?', 1, 1, 158, 1),
	(289, 133, 'Write your opinions below if you choose option 6 in the previous question? (If you choose option 1 to 5 then you can click the &quot;Submit&quot; button )', 2, 0, 159, 1),
	(290, 134, 'Which actions below would you like to take after watching this video?', 1, 1, 160, 1),
	(291, 134, 'Write your opinions below if you choose option 6 in the previous question? (If you choose option 1 to 5 then you can click the &quot;Submit&quot; button )', 2, 0, 161, 1),
	(292, 135, 'Which actions below would you like to take after watching this video?', 1, 1, 162, 1),
	(293, 135, 'Write your opinions below if you choose option 6 in the previous question? (If you choose option 1 to 5 then you can click the &quot;Submit&quot; button )', 2, 0, 163, 1),
	(294, 136, 'Which actions below would you like to take after watching this video?', 1, 1, 164, 1),
	(295, 136, 'Write your opinions below if you choose option 6 in the previous question? (If you choose option 1 to 5 then you can click the &quot;Submit&quot; button )', 2, 0, 165, 1),
	(296, 137, 'Which actions below would you like to take after watching this video?\r\n', 1, 1, 166, 1),
	(297, 137, 'Write your opinions below if you choose option 6 in the previous question? (If you choose option 1 to 5 then you can click the &quot;Submit&quot; button )', 2, 0, 167, 1),
	(298, 138, 'Which actions below would you like to take after watching this video?\r\n', 1, 1, 168, 1),
	(299, 138, 'Write your opinions below if you choose option 6 in the previous question? (If you choose option 1 to 5 then you can click the &quot;Submit&quot; button )', 2, 0, 169, 1),
	(300, 139, 'Which actions below would you like to take after watching this video?', 1, 1, 170, 1),
	(301, 139, 'Write your opinions below if you choose option 6 in the previous question? (If you choose option 1 to 5 then you can click the &quot;Submit&quot; button )', 2, 0, 171, 1),
	(302, 140, 'Which actions below would you like to take after watching this video?', 1, 1, 172, 1),
	(303, 140, 'Write your opinions below if you choose option 6 in the previous question? (If you choose option 1 to 5 then you can click the &quot;Submit&quot; button )', 2, 0, 173, 1),
	(304, 141, 'Which actions below would you like to take after watching this video?', 1, 1, 174, 1),
	(305, 141, 'Write your opinions below if you choose option 6 in the previous question? (If you choose option 1 to 5 then you can click the &quot;Submit&quot; button )', 2, 0, 175, 1),
	(306, 142, 'Which actions below would you like to take after watching this video?', 1, 1, 176, 1),
	(307, 142, 'Write your opinions below if you choose option 6 in the previous question? (If you choose option 1 to 5 then you can click the &quot;Submit&quot; button )', 2, 0, 177, 1),
	(308, 143, 'Which actions below would you like to take after watching this video?', 1, 1, 178, 1),
	(309, 143, 'Write your opinions below if you choose option 6 in the previous question? (If you choose option 1 to 5 then you can click the &quot;Submit&quot; button )', 2, 0, 179, 1),
	(310, 144, 'Which actions below would you like to take after watching this video?', 1, 1, 180, 1),
	(311, 144, 'Write your opinions below if you choose option 6 in the previous question? (If you choose option 1 to 5 then you can click the &quot;Submit&quot; button )', 2, 0, 181, 1),
	(312, 145, 'Which actions below would you like to take after watching this video?', 1, 1, 182, 1),
	(313, 145, 'Write your opinions below if you choose option 6 in the previous question? (If you choose option 1 to 5 then you can click the &quot;Submit&quot; button )', 2, 0, 183, 1),
	(314, 146, 'Which actions below would you like to take after watching this video?\r\n', 1, 1, 184, 1),
	(315, 146, 'Write your opinions below if you choose option 6 in the previous question? (If you choose option 1 to 5 then you can click the &quot;Submit&quot; button )', 2, 0, 185, 1),
	(316, 147, 'Which actions below would you like to take after watching this video?\r\n', 1, 1, 186, 1),
	(317, 147, 'Write your opinions below if you choose option 6 in the previous question? (If you choose option 1 to 5 then you can click the &quot;Submit&quot; button )', 2, 0, 187, 1),
	(318, 148, 'Which actions below would you like to take after watching this video?', 1, 1, 188, 1),
	(319, 148, 'Write your opinions below if you choose option 6 in the previous question? (If you choose option 1 to 5 then you can click the &quot;Submit&quot; button )', 2, 0, 189, 1),
	(320, 149, 'Which actions below would you like to take after watching this video?', 1, 1, 190, 1),
	(321, 149, 'Write your opinions below if you choose option 6 in the previous question? (If you choose option 1 to 5 then you can click the &quot;Submit&quot; button )', 2, 0, 191, 1),
	(322, 150, 'Which actions below would you like to take after watching this video?', 1, 1, 192, 1),
	(323, 150, 'Write your opinions below if you choose option 6 in the previous question? (If you choose option 1 to 5 then you can click the &quot;Submit&quot; button )', 2, 0, 193, 1),
	(324, 151, 'Which actions below would you like to take after watching this video?', 1, 1, 194, 1),
	(325, 151, 'Write your opinions below if you choose option 6 in the previous question? (If you choose option 1 to 5 then you can click the &quot;Submit&quot; button )', 2, 0, 195, 1),
	(326, 152, 'Which actions below would you like to take after watching this video?', 1, 1, 196, 1),
	(327, 152, 'Write your opinions below if you choose option 6 in the previous question? (If you choose option 1 to 5 then you can click the &quot;Submit&quot; button )', 2, 0, 197, 1),
	(328, 153, 'Which actions below would you like to take after watching this video?', 1, 1, 198, 1),
	(329, 153, 'Write your opinions below if you choose option 6 in the previous question? (If you choose option 1 to 5 then you can click the &quot;Submit&quot; button )', 2, 0, 199, 1),
	(330, 154, 'Which actions below would you like to take after watching this video?', 1, 1, 200, 1),
	(331, 154, 'Write your opinions below if you choose option 6 in the previous question? (If you choose option 1 to 5 then you can click the &quot;Submit&quot; button )', 2, 0, 201, 1),
	(332, 155, 'Which actions below would you like to take after watching this video?', 1, 1, 202, 1),
	(333, 155, 'Write your opinions below if you choose option 6 in the previous question? (If you choose option 1 to 5 then you can click the &quot;Submit&quot; button )', 2, 0, 203, 1),
	(334, 156, 'Which actions below would you like to take after watching this video?', 1, 1, 204, 1),
	(335, 156, 'Write your opinions below if you choose option 6 in the previous question? (If you choose option 1 to 5 then you can click the &quot;Submit&quot; button )', 2, 0, 205, 1),
	(336, 157, 'Which actions below would you like to take after watching this video?', 1, 1, 206, 1),
	(337, 157, 'Write your opinions below if you choose option 6 in the previous question? (If you choose option 1 to 5 then you can click the &quot;Submit&quot; button )', 2, 0, 207, 1),
	(338, 158, 'Which actions below would you like to take after watching this video?\r\n', 1, 1, 208, 1),
	(339, 158, 'Write your opinions below if you choose option 6 in the previous question? (If you choose option 1 to 5 then you can click the &quot;Submit&quot; button )', 2, 0, 209, 1),
	(340, 159, 'Which actions below would you like to take after watching this video?\r\n', 1, 1, 210, 1),
	(341, 159, 'Write your opinions below if you choose option 6 in the previous question? (If you choose option 1 to 5 then you can click the &quot;Submit&quot; button )', 2, 0, 211, 1),
	(342, 160, 'Which actions below would you like to take after watching this video?', 1, 1, 212, 1),
	(343, 160, 'Write your opinions below if you choose option 6 in the previous question? (If you choose option 1 to 5 then you can click the &quot;Submit&quot; button )', 2, 0, 213, 1),
	(344, 161, 'Which actions below would you like to take after watching this video?', 1, 1, 214, 1),
	(345, 161, 'Write your opinions below if you choose option 6 in the previous question? (If you choose option 1 to 5 then you can click the &quot;Submit&quot; button )', 2, 0, 215, 1),
	(346, 162, 'Which actions below would you like to take after watching this video?', 1, 1, 216, 1),
	(347, 162, 'Write your opinions below if you choose option 6 in the previous question? (If you choose option 1 to 5 then you can click the &quot;Submit&quot; button )', 2, 0, 217, 1),
	(348, 163, 'Which actions below would you like to take after watching this video?', 1, 1, 218, 1),
	(349, 163, 'Write your opinions below if you choose option 6 in the previous question? (If you choose option 1 to 5 then you can click the &quot;Submit&quot; button )', 2, 0, 219, 1),
	(350, 164, 'Which actions below would you like to take after watching this video?\r\n', 1, 1, 220, 1),
	(351, 164, 'Write your opinions below if you choose option 6 in the previous question? (If you choose option 1 to 5 then you can click the &quot;Submit&quot; button )', 2, 0, 221, 1),
	(352, 165, 'Which actions below would you like to take after watching this video?\r\n', 1, 1, 222, 1),
	(353, 165, 'Write your opinions below if you choose option 6 in the previous question? (If you choose option 1 to 5 then you can click the &quot;Submit&quot; button )', 2, 0, 223, 1),
	(354, 166, 'Which actions below would you like to take after watching this video?', 1, 1, 224, 1),
	(355, 166, 'Write your opinions below if you choose option 6 in the previous question? (If you choose option 1 to 5 then you can click the &quot;Submit&quot; button )', 2, 0, 225, 1),
	(356, 167, 'Which actions below would you like to take after watching this video?', 1, 1, 226, 1),
	(357, 167, 'Write your opinions below if you choose option 6 in the previous question? (If you choose option 1 to 5 then you can click the &quot;Submit&quot; button )', 2, 0, 227, 1),
	(358, 168, 'Which actions below would you like to take after watching this video?', 1, 1, 228, 1),
	(359, 168, 'Write your opinions below if you choose option 6 in the previous question? (If you choose option 1 to 5 then you can click the &quot;Submit&quot; button )', 2, 0, 229, 1),
	(360, 169, 'Which actions below would you like to take after watching this video?', 1, 1, 230, 1),
	(361, 169, 'Write your opinions below if you choose option 6 in the previous question? (If you choose option 1 to 5 then you can click the &quot;Submit&quot; button )', 2, 0, 231, 1),
	(362, 170, 'Which actions below would you like to take after watching this video?', 1, 1, 232, 1),
	(363, 170, 'Write your opinions below if you choose option 6 in the previous question? (If you choose option 1 to 5 then you can click the &quot;Submit&quot; button )', 2, 0, 233, 1),
	(364, 171, 'Which actions below would you like to take after watching this video?', 1, 1, 234, 1),
	(365, 171, 'Write your opinions below if you choose option 6 in the previous question? (If you choose option 1 to 5 then you can click the &quot;Submit&quot; button )', 2, 0, 235, 1),
	(366, 172, 'Which actions below would you like to take after watching this video?', 1, 1, 236, 1),
	(367, 172, 'Write your opinions below if you choose option 6 in the previous question? (If you choose option 1 to 5 then you can click the &quot;Submit&quot; button )', 2, 0, 237, 1),
	(368, 173, 'Which actions below would you like to take after watching this video?', 1, 1, 238, 1),
	(369, 173, 'Write your opinions below if you choose option 6 in the previous question? (If you choose option 1 to 5 then you can click the &quot;Submit&quot; button )', 2, 0, 239, 1),
	(370, 174, 'Which actions below would you like to take after watching this video?', 1, 1, 240, 1),
	(371, 174, 'Write your opinions below if you choose option 6 in the previous question? (If you choose option 1 to 5 then you can click the &quot;Submit&quot; button )', 2, 0, 241, 1),
	(372, 175, 'Which actions below would you like to take after watching this video?', 1, 1, 242, 1),
	(373, 175, 'Write your opinions below if you choose option 6 in the previous question? (If you choose option 1 to 5 then you can click the &quot;Submit&quot; button )', 2, 0, 243, 1),
	(374, 176, 'Which actions below would you like to take after watching this video?', 1, 1, 244, 1),
	(375, 176, 'Write your opinions below if you choose option 6 in the previous question? (If you choose option 1 to 5 then you can click the &quot;Submit&quot; button )', 2, 0, 245, 1),
	(376, 177, 'Which actions below would you like to take after watching this video?', 1, 1, 246, 1),
	(377, 177, 'Write your opinions below if you choose option 6 in the previous question? (If you choose option 1 to 5 then you can click the &quot;Submit&quot; button )', 2, 0, 247, 1),
	(378, 178, 'Which actions below would you like to take after watching this video?', 1, 0, 248, 1),
	(379, 178, 'Write your opinions below if you choose option 6 in the previous question? (If you choose option 1 to 5 then you can click the &quot;Submit&quot; button )', 2, 0, 249, 1),
	(380, 179, 'Which actions below would you like to take after watching this video?', 1, 0, 250, 1),
	(381, 179, 'Write your opinions below if you choose option 6 in the previous question? (If you choose option 1 to 5 then you can click the &quot;Submit&quot; button )', 2, 0, 251, 1),
	(382, 180, 'Which actions below would you like to take after watching this video?', 1, 1, 252, 1),
	(383, 180, 'Write your opinions below if you choose option 6 in the previous question? (If you choose option 1 to 5 then you can click the &quot;Submit&quot; button )', 2, 0, 253, 1),
	(384, 181, 'Which actions below would you like to take after watching this video?', 1, 1, 254, 1),
	(385, 181, 'Write your opinions below if you choose option 6 in the previous question? (If you choose option 1 to 5 then you can click the &quot;Submit&quot; button )', 2, 0, 255, 1),
	(386, 182, 'Which actions below would you like to take after watching this video?', 1, 1, 256, 1),
	(387, 182, 'Write your opinions below if you choose option 6 in the previous question? (If you choose option 1 to 5 then you can click the &quot;Submit&quot; button )', 2, 0, 257, 1),
	(388, 183, 'Which actions below would you like to take after watching this video?', 1, 1, 258, 1),
	(389, 183, 'Write your opinions below if you choose option 6 in the previous question? (If you choose option 1 to 5 then you can click the &quot;Submit&quot; button )', 2, 0, 259, 1),
	(390, 184, 'Which actions below would you like to take after watching this video?', 1, 1, 260, 1),
	(391, 184, 'Write your opinions below if you choose option 6 in the previous question? (If you choose option 1 to 5 then you can click the &quot;Submit&quot; button )', 2, 0, 261, 1),
	(392, 185, 'Which actions below would you like to take after watching this video?', 1, 1, 262, 1),
	(393, 185, 'Write your opinions below if you choose option 6 in the previous question? (If you choose option 1 to 5 then you can click the &quot;Submit&quot; button )', 2, 0, 263, 1),
	(394, 186, 'Which actions below would you like to take after watching this video?', 1, 1, 264, 1),
	(395, 186, 'Write your opinions below if you choose option 6 in the previous question? (If you choose option 1 to 5 then you can click the &quot;Submit&quot; button )', 2, 0, 265, 1),
	(396, 187, 'Which actions below would you like to take after watching this video?', 1, 1, 266, 1),
	(397, 187, 'Write your opinions below if you choose option 6 in the previous question? (If you choose option 1 to 5 then you can click the &quot;Submit&quot; button )', 2, 0, 267, 1),
	(398, 188, 'Which actions below would you like to take after watching this video?', 1, 1, 268, 1),
	(399, 188, 'Write your opinions below if you choose option 6 in the previous question? (If you choose option 1 to 5 then you can click the &quot;Submit&quot; button )', 2, 0, 269, 1),
	(400, 189, 'Which actions below would you like to take after watching this video?', 1, 1, 270, 1),
	(401, 189, 'Write your opinions below if you choose option 6 in the previous question? (If you choose option 1 to 5 then you can click the &quot;Submit&quot; button )', 2, 0, 271, 1),
	(402, 190, 'Which actions below would you like to take after watching this video?', 1, 1, 272, 1),
	(403, 190, 'Write your opinions below if you choose option 6 in the previous question? (If you choose option 1 to 5 then you can click the &quot;Submit&quot; button )', 2, 0, 273, 1),
	(404, 191, 'Which actions below would you like to take after watching this video?', 1, 1, 274, 1),
	(405, 191, 'Write your opinions below if you choose option 6 in the previous question? (If you choose option 1 to 5 then you can click the &quot;Submit&quot; button )', 2, 0, 275, 1),
	(406, 192, 'Which actions below would you like to take after watching this video?', 1, 1, 276, 1),
	(407, 192, 'Write your opinions below if you choose option 6 in the previous question? (If you choose option 1 to 5 then you can click the &quot;Submit&quot; button )', 2, 0, 277, 1),
	(408, 193, 'Which actions below would you like to take after watching this video?', 1, 1, 278, 1),
	(409, 193, 'Write your opinions below if you choose option 6 in the previous question? (If you choose option 1 to 5 then you can click the &quot;Submit&quot; button )', 2, 0, 279, 1),
	(410, 194, 'Which actions below would you like to take after watching this video?', 1, 1, 280, 1),
	(411, 194, 'Write your opinions below if you choose option 6 in the previous question? (If you choose option 1 to 5 then you can click the &quot;Submit&quot; button )', 2, 0, 281, 1),
	(412, 195, 'Which actions below would you like to take after watching this video?', 1, 1, 282, 1),
	(413, 195, 'Write your opinions below if you choose option 6 in the previous question? (If you choose option 1 to 5 then you can click the &quot;Submit&quot; button )', 2, 0, 283, 1),
	(414, 196, 'Which actions below would you like to take after watching this video?', 1, 1, 284, 1),
	(415, 196, 'Write your opinions below if you choose option 6 in the previous question? (If you choose option 1 to 5 then you can click the &quot;Submit&quot; button )', 2, 0, 285, 1);
/*!40000 ALTER TABLE `tbl_questionnaire_query` ENABLE KEYS */;

-- Dumping structure for table kaizen.tbl_questionnaire_query_choices
CREATE TABLE IF NOT EXISTS `tbl_questionnaire_query_choices` (
  `choices_id` int(10) unsigned NOT NULL AUTO_INCREMENT,
  `query_id` int(10) unsigned NOT NULL,
  `text` varchar(1000) COLLATE utf8_bin NOT NULL,
  PRIMARY KEY (`choices_id`),
  KEY `query_id` (`query_id`)
) ENGINE=InnoDB AUTO_INCREMENT=1251 DEFAULT CHARSET=utf8 COLLATE=utf8_bin;

-- Dumping data for table kaizen.tbl_questionnaire_query_choices: ~828 rows (approximately)
DELETE FROM `tbl_questionnaire_query_choices`;
/*!40000 ALTER TABLE `tbl_questionnaire_query_choices` DISABLE KEYS */;
INSERT INTO `tbl_questionnaire_query_choices` (`choices_id`, `query_id`, `text`) VALUES
	(345, 121, '1. I will try it by myself'),
	(346, 121, '2. I will recommend it to my co-workers'),
	(347, 121, '3. I will watch this video again'),
	(348, 121, '4. I will look for other videos'),
	(349, 121, ' 5. I will hold watching this video'),
	(350, 121, '6. Other (write your opinion below)'),
	(351, 122, '1. I will try it by myself'),
	(352, 122, '2. I will recommend it to my co-workers'),
	(353, 122, '3. I will watch this video again'),
	(354, 122, '4. I will look for other videos'),
	(355, 122, '5. I will hold watching this video'),
	(356, 122, '6. Other ( write your opinion below)'),
	(357, 123, '1. I will try it by myself'),
	(358, 123, '2. I will recommend it to my co-workers'),
	(359, 123, '3. I will watch this video again'),
	(360, 123, '4. I will look for other videos'),
	(361, 123, '5. I will hold watching this video'),
	(362, 123, '6. Other ( write your opinion below)'),
	(363, 124, '1. I will try it by myself'),
	(364, 124, '2. I will recommend it to my co-workers'),
	(365, 124, '3. I will watch this video again'),
	(366, 124, '4. I will look for other videos'),
	(367, 124, '5. I will hold watching this video'),
	(368, 124, '6. Other ( write your opinion below)'),
	(387, 128, '1. I will try it by myself'),
	(388, 128, '2. I will recommend it to my co-workers'),
	(389, 128, '3. I will watch this video again'),
	(390, 128, '4. I will look for other videos'),
	(391, 128, ' 5. I will hold watching this video'),
	(392, 128, '6. Other (write your opinion in Question2)'),
	(393, 130, '1. I will try it by myself'),
	(394, 130, '2. I will recommend it to my co-workers'),
	(395, 130, '3. I will watch this video again'),
	(396, 130, '4. I will look for other videos'),
	(397, 130, '5. I will hold watching this video'),
	(398, 130, '6. Other ( write your opinion )'),
	(399, 132, '1. I will try it by myself'),
	(400, 132, '2. I will recommend it to my co-workers'),
	(401, 132, '3. I will watch this video again'),
	(402, 132, '4. I will look for other videos'),
	(403, 132, '5. I will hold watching this video'),
	(404, 132, '6. Other ( write your opinion)'),
	(411, 136, '1. I will try it by myself'),
	(412, 136, '2. I will recommend it to my co-workers'),
	(413, 136, '3. I will watch this video again'),
	(414, 136, '4. I will look for other videos'),
	(415, 136, '5. I will hold watching this video'),
	(416, 136, '6. Other ( write your opinion)'),
	(423, 140, '1. I will try it by myself'),
	(424, 140, '2. I will recommend it to my co-workers'),
	(425, 140, '3. I will watch this video again'),
	(426, 140, '4. I will look for other videos'),
	(427, 140, '5. I will hold watching this video'),
	(428, 140, '6. Others ( write your opinions)'),
	(459, 152, '1. I will try it by myself'),
	(460, 152, '2. I will recommend it to my co-workers'),
	(461, 152, '3. I will watch this video again'),
	(462, 152, '4. I will look for other videos'),
	(463, 152, '5. I will hold watching this video'),
	(464, 152, '6. Others ( write your opinions)'),
	(465, 154, '1. I will try it by myself'),
	(466, 154, '2. I will recommend it to my co-workers'),
	(467, 154, '3. I will watch this video again'),
	(468, 154, '4. I will look for other videos'),
	(469, 154, '5. I will hold watching this video'),
	(470, 154, '6. Others ( write your opinions)'),
	(471, 156, '1. I will try it by myself'),
	(472, 156, '2. I will recommend it to my co-workers'),
	(473, 156, '3. I will watch this video again'),
	(474, 156, '4. I will look for other videos'),
	(475, 156, '5. I will hold watching this video'),
	(476, 156, '6. Others ( write your opinions)'),
	(477, 158, '1. I will try it by myself'),
	(478, 158, '2. I will recommend it to my co-workers'),
	(479, 158, '3. I will watch this video again'),
	(480, 158, '4. I will look for other videos'),
	(481, 158, '5. I will hold watching this video'),
	(482, 158, '6. Others ( write your opinions)'),
	(483, 160, '1. I will try it by myself'),
	(484, 160, '2. I will recommend it to my co-workers'),
	(485, 160, '3. I will watch this video again'),
	(486, 160, '4. I will look for other videos'),
	(487, 160, '5. I will hold watching this video'),
	(488, 160, '6. Others ( write your opinions)'),
	(489, 162, '1. I will try it by myself'),
	(490, 162, '2. I will recommend it to my co-workers'),
	(491, 162, '3. I will watch this video again'),
	(492, 162, '4. I will look for other videos'),
	(493, 162, '5. I will hold watching this video'),
	(494, 162, '6. Others ( write your opinions)'),
	(495, 164, '1. I will try it by myself'),
	(496, 164, '2. I will recommend it to my co-workers'),
	(497, 164, '3. I will watch this video again'),
	(498, 164, '4. I will look for other videos'),
	(499, 164, '5. I will hold watching this video'),
	(500, 164, '6. Others ( write your opinions)'),
	(501, 166, '1. I will try it by myself'),
	(502, 166, '2. I will recommend it to my co-workers'),
	(503, 166, '3. I will watch this video again'),
	(504, 166, '4. I will look for other videos'),
	(505, 166, '5. I will hold watching this video'),
	(506, 166, '6. Others ( write your opinions)'),
	(507, 168, '1. I will try it by myself'),
	(508, 168, '2. I will recommend it to my co-workers'),
	(509, 168, '3. I will watch this video again'),
	(510, 168, '4. I will look for other videos'),
	(511, 168, '5. I will hold watching this video'),
	(512, 168, '6. Others ( write your opinions)'),
	(513, 170, '1. I will try it by myself'),
	(514, 170, '2. I will recommend it to my co-workers'),
	(515, 170, '3. I will watch this video again'),
	(516, 170, '4. I will look for other videos'),
	(517, 170, '5. I will hold watching this video'),
	(518, 170, '6. Others ( write your opinions)'),
	(519, 172, '1. I will try it by myself'),
	(520, 172, '2. I will recommend it to my co-workers'),
	(521, 172, '3. I will watch this video again'),
	(522, 172, '4. I will look for other videos'),
	(523, 172, '5. I will hold watching this video'),
	(524, 172, '6. Others ( write your opinions)'),
	(531, 176, '1. I will try it by myself'),
	(532, 176, '2. I will recommend it to my co-workers'),
	(533, 176, '3. I will watch this video again'),
	(534, 176, '4. I will look for other videos'),
	(535, 176, '5. I will hold watching this video'),
	(536, 176, '6. Others ( write your opinions)'),
	(537, 178, '1. I will try it by myself'),
	(538, 178, '2. I will recommend it to my co-workers'),
	(539, 178, '3. I will watch this video again'),
	(540, 178, '4. I will look for other videos'),
	(541, 178, '5. I will hold watching this video'),
	(542, 178, '6. Others ( write your opinions)'),
	(543, 180, '1. I will try it by myself'),
	(544, 180, '2. I will recommend it to my co-workers'),
	(545, 180, '3. I will watch this video again'),
	(546, 180, '4. I will look for other videos'),
	(547, 180, '5. I will hold watching this video'),
	(548, 180, '6. Others ( write your opinions)'),
	(549, 182, '1. I will try it by myself'),
	(550, 182, '2. I will recommend it to my co-workers'),
	(551, 182, '3. I will watch this video again'),
	(552, 182, '4. I will look for other videos'),
	(553, 182, '5. I will hold watching this video'),
	(554, 182, '6. Others ( write your opinions)'),
	(561, 186, '1. I will try it by myself'),
	(562, 186, '2. I will recommend it to my co-workers'),
	(563, 186, '3. I will watch this video again'),
	(564, 186, '4. I will look for other videos'),
	(565, 186, '5. I will hold watching this video'),
	(566, 186, '6. Others ( write your opinions)'),
	(567, 188, '1. I will try it by myself'),
	(568, 188, '2. I will recommend it to my co-workers'),
	(569, 188, '3. I will watch this video again'),
	(570, 188, '4. I will look for other videos'),
	(571, 188, '5. I will hold watching this video'),
	(572, 188, '6. Others ( write your opinions)'),
	(573, 190, '1. I will try it by myself'),
	(574, 190, '2. I will recommend it to my co-workers'),
	(575, 190, '3. I will watch this video again'),
	(576, 190, '4. I will look for other videos'),
	(577, 190, '5. I will hold watching this video'),
	(578, 190, '6. Others ( write your opinions)'),
	(579, 192, '1. I will try it by myself'),
	(580, 192, '2. I will recommend it to my co-workers'),
	(581, 192, '3. I will watch this video again'),
	(582, 192, '4. I will look for other videos'),
	(583, 192, '5. I will hold watching this video'),
	(584, 192, '6. Others ( write your opinions)'),
	(585, 194, '1. I will try it by myself'),
	(586, 194, '2. I will recommend it to my co-workers'),
	(587, 194, '3. I will watch this video again'),
	(588, 194, '4. I will look for other videos'),
	(589, 194, '5. I will hold watching this video'),
	(590, 194, '6. Others ( write your opinions)'),
	(591, 196, '1. I will try it by myself'),
	(592, 196, '2. I will recommend it to my co-workers'),
	(593, 196, '3. I will watch this video again'),
	(594, 196, '4. I will look for other videos'),
	(595, 196, '5. I will hold watching this video'),
	(596, 196, '6. Others ( write your opinions)'),
	(597, 198, '1. I will try it by myself'),
	(598, 198, '2. I will recommend it to my co-workers'),
	(599, 198, '3. I will watch this video again'),
	(600, 198, '4. I will look for other videos'),
	(601, 198, '5. I will hold watching this video'),
	(602, 198, '6. Others ( write your opinions)'),
	(603, 200, '1. I will try it by myself'),
	(604, 200, '2. I will recommend it to my co-workers'),
	(605, 200, '3. I will watch this video again'),
	(606, 200, '4. I will look for other videos'),
	(607, 200, '5. I will hold watching this video'),
	(608, 200, '6. Others ( write your opinions)'),
	(609, 202, '1. I will try it by myself'),
	(610, 202, '2. I will recommend it to my co-workers'),
	(611, 202, '3. I will watch this video again'),
	(612, 202, '4. I will look for other videos'),
	(613, 202, '5. I will hold watching this video'),
	(614, 202, '6. Others ( write your opinions)'),
	(615, 204, '1. I will try it by myself'),
	(616, 204, '2. I will recommend it to my co-workers'),
	(617, 204, '3. I will watch this video again'),
	(618, 204, '4. I will look for other videos'),
	(619, 204, '5. I will hold watching this video'),
	(620, 204, '6. Others ( write your opinions)'),
	(621, 206, '1. I will try it by myself'),
	(622, 206, '2. I will recommend it to my co-workers'),
	(623, 206, '3. I will watch this video again'),
	(624, 206, '4. I will look for other videos'),
	(625, 206, '5. I will hold watching this video'),
	(626, 206, '6. Others ( write your opinions)'),
	(627, 208, '1. I will try it by myself'),
	(628, 208, '2. I will recommend it to my co-workers'),
	(629, 208, '3. I will watch this video again'),
	(630, 208, '4. I will look for other videos'),
	(631, 208, '5. I will hold watching this video'),
	(632, 208, '6. Others ( write your opinions)'),
	(633, 210, '1. I will try it by myself'),
	(634, 210, '2. I will recommend it to my co-workers'),
	(635, 210, '3. I will watch this video again'),
	(636, 210, '4. I will look for other videos'),
	(637, 210, '5. I will hold watching this video'),
	(638, 210, '6. Others ( write your opinions)'),
	(639, 212, '1. I will try it by myself'),
	(640, 212, '2. I will recommend it to my co-workers'),
	(641, 212, '3. I will watch this video again'),
	(642, 212, '4. I will look for other videos'),
	(643, 212, '5. I will hold watching this video'),
	(644, 212, '6. Others ( write your opinions)'),
	(645, 214, '1. I will try it by myself'),
	(646, 214, '2. I will recommend it to my co-workers'),
	(647, 214, '3. I will watch this video again'),
	(648, 214, '4. I will look for other videos'),
	(649, 214, '5. I will hold watching this video'),
	(650, 214, '6. Others ( write your opinions)'),
	(651, 216, '1. I will try it by myself'),
	(652, 216, '2. I will recommend it to my co-workers'),
	(653, 216, '3. I will watch this video again'),
	(654, 216, '4. I will look for other videos'),
	(655, 216, '5. I will hold watching this video'),
	(656, 216, '6. Others ( write your opinions)'),
	(657, 218, '1. I will try it by myself'),
	(658, 218, '2. I will recommend it to my co-workers'),
	(659, 218, '3. I will watch this video again'),
	(660, 218, '4. I will look for other videos'),
	(661, 218, '5. I will hold watching this video'),
	(662, 218, '6. Others ( write your opinions)'),
	(663, 220, '1. I will try it by myself'),
	(664, 220, '2. I will recommend it to my co-workers'),
	(665, 220, '3. I will watch this video again'),
	(666, 220, '4. I will look for other videos'),
	(667, 220, '5. I will hold watching this video'),
	(668, 220, '6. Others ( write your opinions)'),
	(669, 222, '1. I will try it by myself'),
	(670, 222, '2. I will recommend it to my co-workers'),
	(671, 222, '3. I will watch this video again'),
	(672, 222, '4. I will look for other videos'),
	(673, 222, '5. I will hold watching this video'),
	(674, 222, '6. Others ( write your opinions)'),
	(675, 224, '1. I will try it by myself'),
	(676, 224, '2. I will recommend it to my co-workers'),
	(677, 224, '3. I will watch this video again'),
	(678, 224, '4. I will look for other videos'),
	(679, 224, '5. I will hold watching this video'),
	(680, 224, '6. Others ( write your opinions)'),
	(681, 226, '1. I will try it by myself'),
	(682, 226, '2. I will recommend it to my co-workers'),
	(683, 226, '3. I will watch this video again'),
	(684, 226, '4. I will look for other videos'),
	(685, 226, '5. I will hold watching this video'),
	(686, 226, '6. Others ( write your opinions)'),
	(687, 228, '1. I will try it by myself'),
	(688, 228, '2. I will recommend it to my co-workers'),
	(689, 228, '3. I will watch this video again'),
	(690, 228, '4. I will look for other videos'),
	(691, 228, '5. I will hold watching this video'),
	(692, 228, '6. Others ( write your opinions)'),
	(693, 230, '1. I will try it by myself'),
	(694, 230, '2. I will recommend it to my co-workers'),
	(695, 230, '3. I will watch this video again'),
	(696, 230, '4. I will look for other videos'),
	(697, 230, '5. I will hold watching this video'),
	(698, 230, '6. Others ( write your opinions)'),
	(699, 232, '1. I will try it by myself'),
	(700, 232, '2. I will recommend it to my co-workers'),
	(701, 232, '3. I will watch this video again'),
	(702, 232, '4. I will look for other videos'),
	(703, 232, '5. I will hold watching this video'),
	(704, 232, '6. Others ( write your opinions)'),
	(705, 234, '1. I will try it by myself'),
	(706, 234, '2. I will recommend it to my co-workers'),
	(707, 234, '3. I will watch this video again'),
	(708, 234, '4. I will look for other videos'),
	(709, 234, '5. I will hold watching this video'),
	(710, 234, '6. Others ( write your opinions)'),
	(711, 236, '1. I will try it by myself'),
	(712, 236, '2. I will recommend it to my co-workers'),
	(713, 236, '3. I will watch this video again'),
	(714, 236, '4. I will look for other videos'),
	(715, 236, '5. I will hold watching this video'),
	(716, 236, '6. Others ( write your opinions)'),
	(717, 238, '1. I will try it by myself'),
	(718, 238, '2. I will recommend it to my co-workers'),
	(719, 238, '3. I will watch this video again'),
	(720, 238, '4. I will look for other videos'),
	(721, 238, '5. I will hold watching this video'),
	(722, 238, '6. Others ( write your opinions)'),
	(723, 240, '1. I will try it by myself'),
	(724, 240, '2. I will recommend it to my co-workers'),
	(725, 240, '3. I will watch this video again'),
	(726, 240, '4. I will look for other videos'),
	(727, 240, '5. I will hold watching this video'),
	(728, 240, '6. Others ( write your opinions)'),
	(729, 242, '1. I will try it by myself'),
	(730, 242, '2. I will recommend it to my co-workers'),
	(731, 242, '3. I will watch this video again'),
	(732, 242, '4. I will look for other videos'),
	(733, 242, '5. I will hold watching this video'),
	(734, 242, '6. Others ( write your opinions)'),
	(735, 244, '1. I will try it by myself'),
	(736, 244, '2. I will recommend it to my co-workers'),
	(737, 244, '3. I will watch this video again'),
	(738, 244, '4. I will look for other videos'),
	(739, 244, '5. I will hold watching this video'),
	(740, 244, '6. Others ( write your opinions)'),
	(741, 246, '1. I will try it by myself'),
	(742, 246, '2. I will recommend it to my co-workers'),
	(743, 246, '3. I will watch this video again'),
	(744, 246, '4. I will look for other videos'),
	(745, 246, '5. I will hold watching this video'),
	(746, 246, '6. Others ( write your opinions)'),
	(747, 248, '1. I will try it by myself'),
	(748, 248, '2. I will recommend it to my co-workers'),
	(749, 248, '3. I will watch this video again'),
	(750, 248, '4. I will look for other videos'),
	(751, 248, '5. I will hold watching this video'),
	(752, 248, '6. Others ( write your opinions)'),
	(753, 250, '1. I will try it by myself'),
	(754, 250, '2. I will recommend it to my co-workers'),
	(755, 250, '3. I will watch this video again'),
	(756, 250, '4. I will look for other videos'),
	(757, 250, '5. I will hold watching this video'),
	(758, 250, '6. Others ( write your opinions)'),
	(759, 252, '1. I will try it by myself'),
	(760, 252, '2. I will recommend it to my co-workers'),
	(761, 252, '3. I will watch this video again'),
	(762, 252, '4. I will look for other videos'),
	(763, 252, '5. I will hold watching this video'),
	(764, 252, '6. Others ( write your opinions)'),
	(765, 254, '1. I will try it by myself'),
	(766, 254, '2. I will recommend it to my co-workers'),
	(767, 254, '3. I will watch this video again'),
	(768, 254, '4. I will look for other videos'),
	(769, 254, '5. I will hold watching this video'),
	(770, 254, '6. Others ( write your opinions)'),
	(771, 256, '1. I will try it by myself'),
	(772, 256, '2. I will recommend it to my co-workers'),
	(773, 256, '3. I will watch this video again'),
	(774, 256, '4. I will look for other videos'),
	(775, 256, '5. I will hold watching this video'),
	(776, 256, '6. Others ( write your opinions)'),
	(777, 258, '1. I will try it by myself'),
	(778, 258, '2. I will recommend it to my co-workers'),
	(779, 258, '3. I will watch this video again'),
	(780, 258, '4. I will look for other videos'),
	(781, 258, '5. I will hold watching this video'),
	(782, 258, '6. Others ( write your opinions)'),
	(783, 260, '1. I will try it by myself'),
	(784, 260, '2. I will recommend it to my co-workers'),
	(785, 260, '3. I will watch this video again'),
	(786, 260, '4. I will look for other videos'),
	(787, 260, '5. I will hold watching this video'),
	(788, 260, '6. Others ( write your opinions)'),
	(795, 264, '1. I will try it by myself'),
	(796, 264, '2. I will recommend it to my co-workers'),
	(797, 264, '3. I will watch this video again'),
	(798, 264, '4. I will look for other videos'),
	(799, 264, '5. I will hold watching this video'),
	(800, 264, '6. Others ( write your opinions)'),
	(801, 266, '1. I will try it by myself'),
	(802, 266, '2. I will recommend it to my co-workers'),
	(803, 266, '3. I will watch this video again'),
	(804, 266, '4. I will look for other videos'),
	(805, 266, '5. I will hold watching this video'),
	(806, 266, '6. Others ( write your opinions)'),
	(807, 268, '1. I will try it by myself'),
	(808, 268, '2. I will recommend it to my co-workers'),
	(809, 268, '3. I will watch this video again'),
	(810, 268, '4. I will look for other videos'),
	(811, 268, '5. I will hold watching this video'),
	(812, 268, '6. Others ( write your opinions)'),
	(813, 270, '1. I will try it by myself'),
	(814, 270, '2. I will recommend it to my co-workers'),
	(815, 270, '3. I will watch this video again'),
	(816, 270, '4. I will look for other videos'),
	(817, 270, '5. I will hold watching this video'),
	(818, 270, '6. Others ( write your opinions)'),
	(819, 272, '1. I will try it by myself'),
	(820, 272, '2. I will recommend it to my co-workers'),
	(821, 272, '3. I will watch this video again'),
	(822, 272, '4. I will look for other videos'),
	(823, 272, '5. I will hold watching this video'),
	(824, 272, '6. Others ( write your opinions)'),
	(825, 274, '1. I will try it by myself'),
	(826, 274, '2. I will recommend it to my co-workers'),
	(827, 274, '3. I will watch this video again'),
	(828, 274, '4. I will look for other videos'),
	(829, 274, '5. I will hold watching this video'),
	(830, 274, '6. Others ( write your opinions)'),
	(831, 276, '1. I will try it by myself'),
	(832, 276, '2. I will recommend it to my co-workers'),
	(833, 276, '3. I will watch this video again'),
	(834, 276, '4. I will look for other videos'),
	(835, 276, '5. I will hold watching this video'),
	(836, 276, '6. Others ( write your opinions)'),
	(837, 278, '1. I will try it by myself'),
	(838, 278, '2. I will recommend it to my co-workers'),
	(839, 278, '3. I will watch this video again'),
	(840, 278, '4. I will look for other videos'),
	(841, 278, '5. I will hold watching this video'),
	(842, 278, '6. Others ( write your opinions)'),
	(843, 280, '1. I will try it by myself'),
	(844, 280, '2. I will recommend it to my co-workers'),
	(845, 280, '3. I will watch this video again'),
	(846, 280, '4. I will look for other videos'),
	(847, 280, '5. I will hold watching this video'),
	(848, 280, '6. Others ( write your opinions)'),
	(849, 282, '1. I will try it by myself'),
	(850, 282, '2. I will recommend it to my co-workers'),
	(851, 282, '3. I will watch this video again'),
	(852, 282, '4. I will look for other videos'),
	(853, 282, '5. I will hold watching this video'),
	(854, 282, '6. Others ( write your opinions)'),
	(855, 284, '1. I will try it by myself'),
	(856, 284, '2. I will recommend it to my co-workers'),
	(857, 284, '3. I will watch this video again'),
	(858, 284, '4. I will look for other videos'),
	(859, 284, '5. I will hold watching this video'),
	(860, 284, '6. Others ( write your opinions)'),
	(861, 286, '1. I will try it by myself'),
	(862, 286, '2. I will recommend it to my co-workers'),
	(863, 286, '3. I will watch this video again'),
	(864, 286, '4. I will look for other videos'),
	(865, 286, '5. I will hold watching this video'),
	(866, 286, '6. Others ( write your opinions)'),
	(867, 288, '1. I will try it by myself'),
	(868, 288, '2. I will recommend it to my co-workers'),
	(869, 288, '3. I will watch this video again'),
	(870, 288, '4. I will look for other videos'),
	(871, 288, '5. I will hold watching this video'),
	(872, 288, '6. Others ( write your opinions)'),
	(873, 290, '1. I will try it by myself'),
	(874, 290, '2. I will recommend it to my co-workers'),
	(875, 290, '3. I will watch this video again'),
	(876, 290, '4. I will look for other videos'),
	(877, 290, '5. I will hold watching this video'),
	(878, 290, '6. Others ( write your opinions)'),
	(879, 292, '1. I will try it by myself'),
	(880, 292, '2. I will recommend it to my co-workers'),
	(881, 292, '3. I will watch this video again'),
	(882, 292, '4. I will look for other videos'),
	(883, 292, '5. I will hold watching this video'),
	(884, 292, '6. Others ( write your opinions)'),
	(885, 294, '1. I will try it by myself'),
	(886, 294, '2. I will recommend it to my co-workers'),
	(887, 294, '3. I will watch this video again'),
	(888, 294, '4. I will look for other videos'),
	(889, 294, '5. I will hold watching this video'),
	(890, 294, '6. Others ( write your opinions)'),
	(891, 296, '1. I will try it by myself'),
	(892, 296, '2. I will recommend it to my co-workers'),
	(893, 296, '3. I will watch this video again'),
	(894, 296, '4. I will look for other videos'),
	(895, 296, '5. I will hold watching this video'),
	(896, 296, '6. Others ( write your opinions)'),
	(897, 298, '1. I will try it by myself'),
	(898, 298, '2. I will recommend it to my co-workers'),
	(899, 298, '3. I will watch this video again'),
	(900, 298, '4. I will look for other videos'),
	(901, 298, '5. I will hold watching this video'),
	(902, 298, '6. Others ( write your opinions)'),
	(903, 300, '1. I will try it by myself'),
	(904, 300, '2. I will recommend it to my co-workers'),
	(905, 300, '3. I will watch this video again'),
	(906, 300, '4. I will look for other videos'),
	(907, 300, '5. I will hold watching this video'),
	(908, 300, '6. Others ( write your opinions)'),
	(909, 302, '1. I will try it by myself'),
	(910, 302, '2. I will recommend it to my co-workers'),
	(911, 302, '3. I will watch this video again'),
	(912, 302, '4. I will look for other videos'),
	(913, 302, '5. I will hold watching this video'),
	(914, 302, '6. Others ( write your opinions)'),
	(915, 304, '1. I will try it by myself'),
	(916, 304, '2. I will recommend it to my co-workers'),
	(917, 304, '3. I will watch this video again'),
	(918, 304, '4. I will look for other videos'),
	(919, 304, '5. I will hold watching this video'),
	(920, 304, '6. Others ( write your opinions)'),
	(921, 306, '1. I will try it by myself'),
	(922, 306, '2. I will recommend it to my co-workers'),
	(923, 306, '3. I will watch this video again'),
	(924, 306, '4. I will look for other videos'),
	(925, 306, '5. I will hold watching this video'),
	(926, 306, '6. Others ( write your opinions)'),
	(927, 308, '1. I will try it by myself'),
	(928, 308, '2. I will recommend it to my co-workers'),
	(929, 308, '3. I will watch this video again'),
	(930, 308, '4. I will look for other videos'),
	(931, 308, '5. I will hold watching this video'),
	(932, 308, '6. Others ( write your opinions)'),
	(933, 310, '1. I will try it by myself'),
	(934, 310, '2. I will recommend it to my co-workers'),
	(935, 310, '3. I will watch this video again'),
	(936, 310, '4. I will look for other videos'),
	(937, 310, '5. I will hold watching this video'),
	(938, 310, '6. Others ( write your opinions)'),
	(939, 312, '1. I will try it by myself'),
	(940, 312, '2. I will recommend it to my co-workers'),
	(941, 312, '3. I will watch this video again'),
	(942, 312, '4. I will look for other videos'),
	(943, 312, '5. I will hold watching this video'),
	(944, 312, '6. Others ( write your opinions)'),
	(945, 314, '1. I will try it by myself'),
	(946, 314, '2. I will recommend it to my co-workers'),
	(947, 314, '3. I will watch this video again'),
	(948, 314, '4. I will look for other videos'),
	(949, 314, '5. I will hold watching this video'),
	(950, 314, '6. Others ( write your opinions)'),
	(951, 316, '1. I will try it by myself'),
	(952, 316, '2. I will recommend it to my co-workers'),
	(953, 316, '3. I will watch this video again'),
	(954, 316, '4. I will look for other videos'),
	(955, 316, '5. I will hold watching this video'),
	(956, 316, '6. Others ( write your opinions)'),
	(957, 318, '1. I will try it by myself'),
	(958, 318, '2. I will recommend it to my co-workers'),
	(959, 318, '3. I will watch this video again'),
	(960, 318, '4. I will look for other videos'),
	(961, 318, '5. I will hold watching this video'),
	(962, 318, '6. Others ( write your opinions)'),
	(963, 320, '1. I will try it by myself'),
	(964, 320, '2. I will recommend it to my co-workers'),
	(965, 320, '3. I will watch this video again'),
	(966, 320, '4. I will look for other videos'),
	(967, 320, '5. I will hold watching this video'),
	(968, 320, '6. Others ( write your opinions)'),
	(969, 322, '1. I will try it by myself'),
	(970, 322, '2. I will recommend it to my co-workers'),
	(971, 322, '3. I will watch this video again'),
	(972, 322, '4. I will look for other videos'),
	(973, 322, '5. I will hold watching this video'),
	(974, 322, '6. Others ( write your opinions)'),
	(975, 324, '1. I will try it by myself'),
	(976, 324, '2. I will recommend it to my co-workers'),
	(977, 324, '3. I will watch this video again'),
	(978, 324, '4. I will look for other videos'),
	(979, 324, '5. I will hold watching this video'),
	(980, 324, '6. Others ( write your opinions)'),
	(981, 326, '1. I will try it by myself'),
	(982, 326, '2. I will recommend it to my co-workers'),
	(983, 326, '3. I will watch this video again'),
	(984, 326, '4. I will look for other videos'),
	(985, 326, '5. I will hold watching this video'),
	(986, 326, '6. Others ( write your opinions)'),
	(987, 328, '1. I will try it by myself'),
	(988, 328, '2. I will recommend it to my co-workers'),
	(989, 328, '3. I will watch this video again'),
	(990, 328, '4. I will look for other videos'),
	(991, 328, '5. I will hold watching this video'),
	(992, 328, '6. Others ( write your opinions)'),
	(993, 330, '1. I will try it by myself'),
	(994, 330, '2. I will recommend it to my co-workers'),
	(995, 330, '3. I will watch this video again'),
	(996, 330, '4. I will look for other videos'),
	(997, 330, '5. I will hold watching this video'),
	(998, 330, '6. Others ( write your opinions)'),
	(999, 332, '1. I will try it by myself'),
	(1000, 332, '2. I will recommend it to my co-workers'),
	(1001, 332, '3. I will watch this video again'),
	(1002, 332, '4. I will look for other videos'),
	(1003, 332, '5. I will hold watching this video'),
	(1004, 332, '6. Others ( write your opinions)'),
	(1005, 334, '1. I will try it by myself'),
	(1006, 334, '2. I will recommend it to my co-workers'),
	(1007, 334, '3. I will watch this video again'),
	(1008, 334, '4. I will look for other videos'),
	(1009, 334, '5. I will hold watching this video'),
	(1010, 334, '6. Others ( write your opinions)'),
	(1011, 336, '1. I will try it by myself'),
	(1012, 336, '2. I will recommend it to my co-workers'),
	(1013, 336, '3. I will watch this video again'),
	(1014, 336, '4. I will look for other videos'),
	(1015, 336, '5. I will hold watching this video'),
	(1016, 336, '6. Others ( write your opinions)'),
	(1017, 338, '1. I will try it by myself'),
	(1018, 338, '2. I will recommend it to my co-workers'),
	(1019, 338, '3. I will watch this video again'),
	(1020, 338, '4. I will look for other videos'),
	(1021, 338, '5. I will hold watching this video'),
	(1022, 338, '6. Others ( write your opinions)'),
	(1023, 340, '1. I will try it by myself'),
	(1024, 340, '2. I will recommend it to my co-workers'),
	(1025, 340, '3. I will watch this video again'),
	(1026, 340, '4. I will look for other videos'),
	(1027, 340, '5. I will hold watching this video'),
	(1028, 340, '6. Others ( write your opinions)'),
	(1029, 342, '1. I will try it by myself'),
	(1030, 342, '2. I will recommend it to my co-workers'),
	(1031, 342, '3. I will watch this video again'),
	(1032, 342, '4. I will look for other videos'),
	(1033, 342, '5. I will hold watching this video'),
	(1034, 342, '6. Others ( write your opinions)'),
	(1035, 344, '1. I will try it by myself'),
	(1036, 344, '2. I will recommend it to my co-workers'),
	(1037, 344, '3. I will watch this video again'),
	(1038, 344, '4. I will look for other videos'),
	(1039, 344, '5. I will hold watching this video'),
	(1040, 344, '6. Others ( write your opinions)'),
	(1041, 346, '1. I will try it by myself'),
	(1042, 346, '2. I will recommend it to my co-workers'),
	(1043, 346, '3. I will watch this video again'),
	(1044, 346, '4. I will look for other videos'),
	(1045, 346, '5. I will hold watching this video'),
	(1046, 346, '6. Others ( write your opinions)'),
	(1047, 348, '1. I will try it by myself'),
	(1048, 348, '2. I will recommend it to my co-workers'),
	(1049, 348, '3. I will watch this video again'),
	(1050, 348, '4. I will look for other videos'),
	(1051, 348, '5. I will hold watching this video'),
	(1052, 348, '6. Others ( write your opinions)'),
	(1053, 350, '1. I will try it by myself'),
	(1054, 350, '2. I will recommend it to my co-workers'),
	(1055, 350, '3. I will watch this video again'),
	(1056, 350, '4. I will look for other videos'),
	(1057, 350, '5. I will hold watching this video'),
	(1058, 350, '6. Others ( write your opinions)'),
	(1059, 352, '1. I will try it by myself'),
	(1060, 352, '2. I will recommend it to my co-workers'),
	(1061, 352, '3. I will watch this video again'),
	(1062, 352, '4. I will look for other videos'),
	(1063, 352, '5. I will hold watching this video'),
	(1064, 352, '6. Others ( write your opinions)'),
	(1065, 354, '1. I will try it by myself'),
	(1066, 354, '2. I will recommend it to my co-workers'),
	(1067, 354, '3. I will watch this video again'),
	(1068, 354, '4. I will look for other videos'),
	(1069, 354, '5. I will hold watching this video'),
	(1070, 354, '6. Others ( write your opinions)'),
	(1071, 356, '1. I will try it by myself'),
	(1072, 356, '2. I will recommend it to my co-workers'),
	(1073, 356, '3. I will watch this video again'),
	(1074, 356, '4. I will look for other videos'),
	(1075, 356, '5. I will hold watching this video'),
	(1076, 356, '6. Others ( write your opinions)'),
	(1077, 358, '1. I will try it by myself'),
	(1078, 358, '2. I will recommend it to my co-workers'),
	(1079, 358, '3. I will watch this video again'),
	(1080, 358, '4. I will look for other videos'),
	(1081, 358, '5. I will hold watching this video'),
	(1082, 358, '6. Others ( write your opinions)'),
	(1083, 360, '1. I will try it by myself'),
	(1084, 360, '2. I will recommend it to my co-workers'),
	(1085, 360, '3. I will watch this video again'),
	(1086, 360, '4. I will look for other videos'),
	(1087, 360, '5. I will hold watching this video'),
	(1088, 360, '6. Others ( write your opinions)'),
	(1089, 362, '1. I will try it by myself'),
	(1090, 362, '2. I will recommend it to my co-workers'),
	(1091, 362, '3. I will watch this video again'),
	(1092, 362, '4. I will look for other videos'),
	(1093, 362, '5. I will hold watching this video'),
	(1094, 362, '6. Others ( write your opinions)'),
	(1095, 364, '1. I will try it by myself'),
	(1096, 364, '2. I will recommend it to my co-workers'),
	(1097, 364, '3. I will watch this video again'),
	(1098, 364, '4. I will look for other videos'),
	(1099, 364, '5. I will hold watching this video'),
	(1100, 364, '6. Others ( write your opinions)'),
	(1101, 366, '1. I will try it by myself'),
	(1102, 366, '2. I will recommend it to my co-workers'),
	(1103, 366, '3. I will watch this video again'),
	(1104, 366, '4. I will look for other videos'),
	(1105, 366, '5. I will hold watching this video'),
	(1106, 366, '6. Others ( write your opinions)'),
	(1107, 368, '1. I will try it by myself'),
	(1108, 368, '2. I will recommend it to my co-workers'),
	(1109, 368, '3. I will watch this video again'),
	(1110, 368, '4. I will look for other videos'),
	(1111, 368, '5. I will hold watching this video'),
	(1112, 368, '6. Others ( write your opinions)'),
	(1113, 370, '1. I will try it by myself'),
	(1114, 370, '2. I will recommend it to my co-workers'),
	(1115, 370, '3. I will watch this video again'),
	(1116, 370, '4. I will look for other videos'),
	(1117, 370, '5. I will hold watching this video'),
	(1118, 370, '6. Others ( write your opinions)'),
	(1119, 372, '1. I will try it by myself'),
	(1120, 372, '2. I will recommend it to my co-workers'),
	(1121, 372, '3. I will watch this video again'),
	(1122, 372, '4. I will look for other videos'),
	(1123, 372, '5. I will hold watching this video'),
	(1124, 372, '6. Others ( write your opinions)'),
	(1125, 374, '1. I will try it by myself'),
	(1126, 374, '2. I will recommend it to my co-workers'),
	(1127, 374, '3. I will watch this video again'),
	(1128, 374, '4. I will look for other videos'),
	(1129, 374, '5. I will hold watching this video'),
	(1130, 374, '6. Others ( write your opinions)'),
	(1131, 376, '1. I will try it by myself'),
	(1132, 376, '2. I will recommend it to my co-workers'),
	(1133, 376, '3. I will watch this video again'),
	(1134, 376, '4. I will look for other videos'),
	(1135, 376, '5. I will hold watching this video'),
	(1136, 376, '6. Others ( write your opinions)'),
	(1137, 378, '1. I will try it by myself'),
	(1138, 378, '2. I will recommend it to my co-workers'),
	(1139, 378, '3. I will watch this video again'),
	(1140, 378, '4. I will look for other videos'),
	(1141, 378, '5. I will hold watching this video'),
	(1142, 378, '6. Others ( write your opinions)'),
	(1143, 380, '1. I will try it by myself'),
	(1144, 380, '2. I will recommend it to my co-workers'),
	(1145, 380, '3. I will watch this video again'),
	(1146, 380, '4. I will look for other videos'),
	(1147, 380, '5. I will hold watching this video'),
	(1148, 380, '6. Others ( write your opinions)'),
	(1149, 382, '1. I will try it by myself'),
	(1150, 382, '2. I will recommend it to my co-workers'),
	(1151, 382, '3. I will watch this video again'),
	(1152, 382, '4. I will look for other videos'),
	(1153, 382, '5. I will hold watching this video'),
	(1154, 382, '6. Others ( write your opinions)'),
	(1155, 384, '1. I will try it by myself'),
	(1156, 384, '2. I will recommend it to my co-workers'),
	(1157, 384, '3. I will watch this video again'),
	(1158, 384, '4. I will look for other videos'),
	(1159, 384, '5. I will hold watching this video'),
	(1160, 384, '6. Others ( write your opinions)'),
	(1161, 386, '1. I will try it by myself'),
	(1162, 386, '2. I will recommend it to my co-workers'),
	(1163, 386, '3. I will watch this video again'),
	(1164, 386, '4. I will look for other videos'),
	(1165, 386, '5. I will hold watching this video'),
	(1166, 386, '6. Others ( write your opinions)'),
	(1167, 388, '1. I will try it by myself'),
	(1168, 388, '2. I will recommend it to my co-workers'),
	(1169, 388, '3. I will watch this video again'),
	(1170, 388, '4. I will look for other videos'),
	(1171, 388, '5. I will hold watching this video'),
	(1172, 388, '6. Others ( write your opinions)'),
	(1173, 390, '1. I will try it by myself'),
	(1174, 390, '2. I will recommend it to my co-workers'),
	(1175, 390, '3. I will watch this video again'),
	(1176, 390, '4. I will look for other videos'),
	(1177, 390, '5. I will hold watching this video'),
	(1178, 390, '6. Others ( write your opinions)'),
	(1179, 392, '1. I will try it by myself'),
	(1180, 392, '2. I will recommend it to my co-workers'),
	(1181, 392, '3. I will watch this video again'),
	(1182, 392, '4. I will look for other videos'),
	(1183, 392, '5. I will hold watching this video'),
	(1184, 392, '6. Others ( write your opinions)'),
	(1185, 394, '1. I will try it by myself'),
	(1186, 394, '2. I will recommend it to my co-workers'),
	(1187, 394, '3. I will watch this video again'),
	(1188, 394, '4. I will look for other videos'),
	(1189, 394, '5. I will hold watching this video'),
	(1190, 394, '6. Others ( write your opinions)'),
	(1191, 396, '1. I will try it by myself'),
	(1192, 396, '2. I will recommend it to my co-workers'),
	(1193, 396, '3. I will watch this video again'),
	(1194, 396, '4. I will look for other videos'),
	(1195, 396, '5. I will hold watching this video'),
	(1196, 396, '6. Others ( write your opinions)'),
	(1197, 398, '1. I will try it by myself'),
	(1198, 398, '2. I will recommend it to my co-workers'),
	(1199, 398, '3. I will watch this video again'),
	(1200, 398, '4. I will look for other videos'),
	(1201, 398, '5. I will hold watching this video'),
	(1202, 398, '6. Others ( write your opinions)'),
	(1203, 400, '1. I will try it by myself'),
	(1204, 400, '2. I will recommend it to my co-workers'),
	(1205, 400, '3. I will watch this video again'),
	(1206, 400, '4. I will look for other videos'),
	(1207, 400, '5. I will hold watching this video'),
	(1208, 400, '6. Others ( write your opinions)'),
	(1209, 402, '1. I will try it by myself'),
	(1210, 402, '2. I will recommend it to my co-workers'),
	(1211, 402, '3. I will watch this video again'),
	(1212, 402, '4. I will look for other videos'),
	(1213, 402, '5. I will hold watching this video'),
	(1214, 402, '6. Others ( write your opinions)'),
	(1215, 404, '1. I will try it by myself'),
	(1216, 404, '2. I will recommend it to my co-workers'),
	(1217, 404, '3. I will watch this video again'),
	(1218, 404, '4. I will look for other videos'),
	(1219, 404, '5. I will hold watching this video'),
	(1220, 404, '6. Others ( write your opinions)'),
	(1221, 406, '1. I will try it by myself'),
	(1222, 406, '2. I will recommend it to my co-workers'),
	(1223, 406, '3. I will watch this video again'),
	(1224, 406, '4. I will look for other videos'),
	(1225, 406, '5. I will hold watching this video'),
	(1226, 406, '6. Others ( write your opinions)'),
	(1227, 408, '1. I will try it by myself'),
	(1228, 408, '2. I will recommend it to my co-workers'),
	(1229, 408, '3. I will watch this video again'),
	(1230, 408, '4. I will look for other videos'),
	(1231, 408, '5. I will hold watching this video'),
	(1232, 408, '6. Others ( write your opinions)'),
	(1233, 410, '1. I will try it by myself'),
	(1234, 410, '2. I will recommend it to my co-workers'),
	(1235, 410, '3. I will watch this video again'),
	(1236, 410, '4. I will look for other videos'),
	(1237, 410, '5. I will hold watching this video'),
	(1238, 410, '6. Others ( write your opinions)'),
	(1239, 412, '1. I will try it by myself'),
	(1240, 412, '2. I will recommend it to my co-workers'),
	(1241, 412, '3. I will watch this video again'),
	(1242, 412, '4. I will look for other videos'),
	(1243, 412, '5. I will hold watching this video'),
	(1244, 412, '6. Others ( write your opinions)'),
	(1245, 414, '1. I will try it by myself'),
	(1246, 414, '2. I will recommend it to my co-workers'),
	(1247, 414, '3. I will watch this video again'),
	(1248, 414, '4. I will look for other videos'),
	(1249, 414, '5. I will hold watching this video'),
	(1250, 414, '6. Others ( write your opinions)');
/*!40000 ALTER TABLE `tbl_questionnaire_query_choices` ENABLE KEYS */;

-- Dumping structure for table kaizen.tbl_questionnaire_query_length
CREATE TABLE IF NOT EXISTS `tbl_questionnaire_query_length` (
  `length_id` int(10) NOT NULL AUTO_INCREMENT,
  `query_id` int(10) unsigned NOT NULL,
  `min_label` varchar(56) NOT NULL,
  `max_label` varchar(56) NOT NULL,
  `min_limit` int(10) NOT NULL,
  `max_limit` int(10) NOT NULL,
  `step` int(10) NOT NULL,
  PRIMARY KEY (`length_id`),
  KEY `tbl_questionnaire_query_length_ibfk_1` (`query_id`)
) ENGINE=InnoDB DEFAULT CHARSET=utf8;

-- Dumping data for table kaizen.tbl_questionnaire_query_length: ~0 rows (approximately)
DELETE FROM `tbl_questionnaire_query_length`;
/*!40000 ALTER TABLE `tbl_questionnaire_query_length` DISABLE KEYS */;
/*!40000 ALTER TABLE `tbl_questionnaire_query_length` ENABLE KEYS */;

-- Dumping structure for table kaizen.tbl_questionnaire_target_access_restriction
CREATE TABLE IF NOT EXISTS `tbl_questionnaire_target_access_restriction` (
  `questionnaire_target_id` int(10) unsigned NOT NULL COMMENT '',
  `questionnaire_id` int(10) unsigned NOT NULL COMMENT '',
  `grade_id` int(10) unsigned DEFAULT NULL COMMENT '',
  `classroom_id` int(10) unsigned DEFAULT NULL COMMENT '',
  `course_id` int(10) unsigned DEFAULT NULL COMMENT '',
  PRIMARY KEY (`questionnaire_target_id`),
  KEY `grade_id` (`grade_id`),
  KEY `classroom_id` (`classroom_id`),
  KEY `course_id` (`course_id`),
  KEY `cbt_id_UNIQUE` (`questionnaire_id`)
) ENGINE=InnoDB DEFAULT CHARSET=utf8 COMMENT='';

-- Dumping data for table kaizen.tbl_questionnaire_target_access_restriction: ~0 rows (approximately)
DELETE FROM `tbl_questionnaire_target_access_restriction`;
/*!40000 ALTER TABLE `tbl_questionnaire_target_access_restriction` DISABLE KEYS */;
/*!40000 ALTER TABLE `tbl_questionnaire_target_access_restriction` ENABLE KEYS */;

-- Dumping structure for table kaizen.tbl_questionnaire_target_range_common
CREATE TABLE IF NOT EXISTS `tbl_questionnaire_target_range_common` (
  `questionnaire_common_target_range_id` int(10) unsigned NOT NULL,
  `questionnaire_id` int(10) unsigned NOT NULL,
  `contents_category_id` tinyint(4) unsigned NOT NULL,
  `common_subject_id` int(10) unsigned NOT NULL,
  `common_subject_section_id` int(10) unsigned DEFAULT NULL,
  PRIMARY KEY (`questionnaire_common_target_range_id`),
  KEY `questionnaire_id` (`questionnaire_id`),
  KEY `contents_category_id` (`contents_category_id`),
  KEY `common_subject_id` (`common_subject_id`),
  KEY `common_subject_section_id` (`common_subject_section_id`)
) ENGINE=InnoDB DEFAULT CHARSET=utf8 COLLATE=utf8_bin;

-- Dumping data for table kaizen.tbl_questionnaire_target_range_common: ~0 rows (approximately)
DELETE FROM `tbl_questionnaire_target_range_common`;
/*!40000 ALTER TABLE `tbl_questionnaire_target_range_common` DISABLE KEYS */;
/*!40000 ALTER TABLE `tbl_questionnaire_target_range_common` ENABLE KEYS */;

-- Dumping structure for table kaizen.tbl_questionnaire_target_range_school
CREATE TABLE IF NOT EXISTS `tbl_questionnaire_target_range_school` (
  `questionnaire_school_target_range_id` int(10) unsigned NOT NULL,
  `questionnaire_id` int(10) unsigned NOT NULL,
  `contents_category_id` tinyint(4) unsigned NOT NULL,
  `subject_genre_id` int(10) unsigned NOT NULL,
  `subject_section_id` int(10) unsigned DEFAULT NULL,
  PRIMARY KEY (`questionnaire_school_target_range_id`),
  KEY `questionnaire_id` (`questionnaire_id`),
  KEY `contents_category_id` (`contents_category_id`),
  KEY `subject_id` (`subject_genre_id`),
  KEY `subject_section_id` (`subject_section_id`)
) ENGINE=InnoDB DEFAULT CHARSET=utf8 COLLATE=utf8_bin;

-- Dumping data for table kaizen.tbl_questionnaire_target_range_school: ~0 rows (approximately)
DELETE FROM `tbl_questionnaire_target_range_school`;
/*!40000 ALTER TABLE `tbl_questionnaire_target_range_school` DISABLE KEYS */;
/*!40000 ALTER TABLE `tbl_questionnaire_target_range_school` ENABLE KEYS */;

-- Dumping structure for table kaizen.tbl_quiz
CREATE TABLE IF NOT EXISTS `tbl_quiz` (
  `quiz_id` int(10) unsigned NOT NULL AUTO_INCREMENT COMMENT '',
  `school_id` int(10) unsigned NOT NULL COMMENT '',
  `title` varchar(255) NOT NULL COMMENT '',
  `description` varchar(255) NOT NULL COMMENT '',
  `qualifying_score` tinyint(3) unsigned NOT NULL DEFAULT '0' COMMENT '',
  `finished_message` varchar(255) NOT NULL DEFAULT 'Thank you very much.' COMMENT '',
  `enable` tinyint(4) unsigned NOT NULL DEFAULT '0' COMMENT '',
  `display_order` int(10) unsigned NOT NULL DEFAULT '0' COMMENT '',
  `start_day` date NOT NULL COMMENT '',
  `last_day` date NOT NULL COMMENT '',
  `register_datetime` datetime NOT NULL COMMENT '',
  `limit_time` int(10) unsigned NOT NULL DEFAULT '10' COMMENT '()0',
  `time_limit_flag` tinyint(3) unsigned NOT NULL DEFAULT '1' COMMENT '',
  `contents_category_id` tinyint(3) unsigned NOT NULL DEFAULT '1' COMMENT '()',
  `subject_section_id` int(10) unsigned DEFAULT NULL COMMENT 'ID',
  `repeat_challenge` tinyint(4) unsigned NOT NULL DEFAULT '1' COMMENT '',
  `answer_flg` tinyint(4) unsigned NOT NULL DEFAULT '1' COMMENT '',
  `explain_flg` tinyint(4) unsigned NOT NULL DEFAULT '1' COMMENT '',
  `average_flg` tinyint(4) unsigned NOT NULL DEFAULT '1' COMMENT '',
  `rank_flg` tinyint(4) unsigned NOT NULL DEFAULT '1' COMMENT '',
  `student_answer_flg` tinyint(4) unsigned NOT NULL DEFAULT '1' COMMENT '',
  `answer_rate_flg` tinyint(4) unsigned NOT NULL DEFAULT '1' COMMENT '',
  `success_flg` tinyint(4) unsigned NOT NULL DEFAULT '1' COMMENT '',
  `relations_quiz_flg` tinyint(4) unsigned NOT NULL DEFAULT '1' COMMENT '',
  `deviation_flg` tinyint(4) unsigned NOT NULL DEFAULT '1' COMMENT '',
  `correct_flg` tinyint(4) unsigned NOT NULL DEFAULT '1' COMMENT '',
  `user_level_id` tinyint(3) unsigned NOT NULL DEFAULT '0' COMMENT '0: ',
  `register_id` int(10) unsigned NOT NULL COMMENT 'ID',
  `bit_classroom` varchar(1000) NOT NULL DEFAULT '0',
  PRIMARY KEY (`quiz_id`)
) ENGINE=InnoDB AUTO_INCREMENT=51 DEFAULT CHARSET=utf8;

-- Dumping data for table kaizen.tbl_quiz: ~15 rows (approximately)
DELETE FROM `tbl_quiz`;
/*!40000 ALTER TABLE `tbl_quiz` DISABLE KEYS */;
INSERT INTO `tbl_quiz` (`quiz_id`, `school_id`, `title`, `description`, `qualifying_score`, `finished_message`, `enable`, `display_order`, `start_day`, `last_day`, `register_datetime`, `limit_time`, `time_limit_flag`, `contents_category_id`, `subject_section_id`, `repeat_challenge`, `answer_flg`, `explain_flg`, `average_flg`, `rank_flg`, `student_answer_flg`, `answer_rate_flg`, `success_flg`, `relations_quiz_flg`, `deviation_flg`, `correct_flg`, `user_level_id`, `register_id`, `bit_classroom`) VALUES
	(36, 1, '', '', 0, 'Thank you very much.', 0, 0, '0000-01-01', '9999-12-31', '0000-00-00 00:00:00', 10, 1, 1, NULL, 1, 1, 1, 1, 1, 1, 1, 1, 1, 1, 1, 0, 2, '2'),
	(37, 1, 'sample quiz for demonstration for kaizen concept', '', 0, 'Thank you very much.', 0, 0, '0000-01-01', '9999-12-31', '2020-01-16 02:48:42', 10, 1, 1, NULL, 0, 1, 1, 1, 1, 1, 1, 0, 1, 1, 1, 0, 2, '100'),
	(38, 1, 'Kaizen Concept', '', 0, 'Thank you very much.', 1, 0, '0000-01-01', '9999-12-31', '2020-01-21 01:31:15', 0, 1, 1, NULL, 0, 1, 1, 1, 1, 1, 1, 0, 1, 1, 1, 0, 2, '100'),
	(39, 1, 'Kaizen Management', '', 0, 'Thank you very much.', 0, 0, '0000-01-01', '9999-12-31', '0000-00-00 00:00:00', 0, 1, 1, NULL, 0, 1, 1, 1, 1, 1, 1, 0, 1, 1, 1, 0, 2, '40000'),
	(40, 1, '3S Implementation', '', 0, 'Thank you very much.', 1, 0, '0000-01-01', '9999-12-31', '2020-01-27 06:45:40', 0, 1, 1, NULL, 0, 1, 1, 1, 1, 1, 1, 0, 1, 1, 1, 0, 2, '0-1000000'),
	(41, 1, 'Process Improvement', '', 0, 'Thank you very much.', 1, 0, '0000-01-01', '9999-12-31', '2020-01-27 06:26:58', 0, 1, 1, NULL, 0, 1, 1, 1, 1, 1, 1, 0, 1, 1, 1, 0, 2, '0-0-2000'),
	(42, 1, 'Seven Wastes', '', 0, 'Thank you very much.', 1, 0, '0000-01-01', '9999-12-31', '2020-01-22 02:31:53', 0, 1, 1, NULL, 0, 1, 1, 1, 1, 1, 1, 0, 1, 1, 1, 0, 2, '0-0-4'),
	(43, 1, '', '', 0, 'Thank you very much.', 0, 0, '0000-01-01', '9999-12-31', '0000-00-00 00:00:00', 10, 1, 1, NULL, 1, 1, 1, 1, 1, 1, 1, 1, 1, 1, 1, 0, 2, '0-0-2000'),
	(44, 1, 'Sales and Marketing', '', 0, 'Thank you very much.', 0, 0, '0000-01-01', '9999-12-31', '0000-00-00 00:00:00', 0, 1, 1, NULL, 0, 1, 1, 1, 1, 1, 1, 0, 1, 1, 1, 0, 2, '0-10'),
	(45, 1, 'Sales and Marketing', '', 0, 'Thank you very much.', 1, 0, '0000-01-01', '9999-12-31', '2020-02-04 07:21:13', 0, 1, 1, NULL, 0, 1, 1, 1, 1, 1, 1, 0, 1, 1, 1, 0, 2, '0-10'),
	(46, 1, 'Productivity measurement', '', 0, 'Thank you very much.', 1, 0, '0000-01-01', '9999-12-31', '2020-01-22 04:21:57', 0, 1, 1, NULL, 0, 1, 1, 1, 1, 1, 1, 0, 1, 1, 1, 0, 2, '0-0-800000'),
	(47, 1, 'Kaizen Management', '', 0, 'Thank you very much.', 1, 0, '0000-01-01', '9999-12-31', '2020-01-23 06:54:53', 0, 1, 1, NULL, 0, 1, 1, 1, 1, 1, 1, 0, 1, 1, 1, 0, 2, '40000'),
	(48, 1, 'Kaizen Process&#13;&#10;', '', 0, 'Thank you very much.', 1, 0, '0000-01-01', '9999-12-31', '2020-01-23 07:12:30', 0, 1, 1, NULL, 0, 1, 1, 1, 1, 1, 1, 0, 1, 1, 1, 0, 2, '4000000'),
	(49, 1, '5S Concept', '', 0, 'Thank you very much.', 1, 0, '0000-01-01', '9999-12-31', '2020-01-27 06:32:49', 0, 1, 1, NULL, 0, 1, 1, 1, 1, 1, 1, 0, 1, 1, 1, 0, 2, '0-100'),
	(50, 1, '2S Implementation', '', 0, 'Thank you very much.', 1, 0, '0000-01-01', '9999-12-31', '2020-01-27 06:43:30', 0, 1, 1, NULL, 0, 1, 1, 1, 1, 1, 1, 0, 1, 1, 1, 0, 2, '0-40000');
/*!40000 ALTER TABLE `tbl_quiz` ENABLE KEYS */;

-- Dumping structure for table kaizen.tbl_quiz_answer
CREATE TABLE IF NOT EXISTS `tbl_quiz_answer` (
  `answer_id` int(10) unsigned NOT NULL AUTO_INCREMENT COMMENT '',
  `quiz_id` int(10) unsigned NOT NULL COMMENT '',
  `school_id` int(10) unsigned NOT NULL COMMENT '',
  `student_id` int(10) unsigned NOT NULL COMMENT '',
  `register_datetime` datetime NOT NULL COMMENT '',
  `answer_time` int(10) unsigned NOT NULL DEFAULT '0' COMMENT '',
  `total_score` int(10) unsigned NOT NULL DEFAULT '0',
  `correct_answer_rate` int(10) unsigned NOT NULL DEFAULT '0' COMMENT '',
  PRIMARY KEY (`answer_id`)
) ENGINE=InnoDB AUTO_INCREMENT=95 DEFAULT CHARSET=utf8;

-- Dumping data for table kaizen.tbl_quiz_answer: ~39 rows (approximately)
DELETE FROM `tbl_quiz_answer`;
/*!40000 ALTER TABLE `tbl_quiz_answer` DISABLE KEYS */;
INSERT INTO `tbl_quiz_answer` (`answer_id`, `quiz_id`, `school_id`, `student_id`, `register_datetime`, `answer_time`, `total_score`, `correct_answer_rate`) VALUES
	(56, 37, 1, 15, '2020-01-15 15:47:40', 0, 40, 80),
	(57, 37, 1, 17, '2020-01-15 15:56:59', 0, 40, 80),
	(58, 37, 1, 15, '2020-01-15 16:16:14', 0, 40, 80),
	(59, 37, 1, 15, '2020-01-15 16:17:49', 0, 40, 80),
	(60, 37, 1, 15, '2020-01-15 16:23:17', 0, 40, 80),
	(61, 37, 1, 15, '2020-01-16 08:35:33', 0, 40, 80),
	(62, 37, 1, 15, '2020-01-16 08:59:19', 0, 40, 80),
	(63, 37, 1, 15, '2020-01-16 10:32:20', 0, 40, 80),
	(64, 37, 1, 15, '2020-01-16 10:53:58', 0, 0, 0),
	(65, 37, 1, 15, '2020-01-16 11:05:05', 0, 50, 100),
	(66, 37, 1, 15, '2020-01-16 11:08:20', 0, 10, 20),
	(67, 37, 1, 15, '2020-01-16 13:07:02', 0, 40, 80),
	(68, 37, 1, 15, '2020-01-16 13:44:28', 0, 40, 80),
	(69, 37, 1, 15, '2020-01-16 14:29:18', 0, 40, 80),
	(70, 37, 1, 15, '2020-01-16 14:30:19', 0, 40, 80),
	(71, 37, 1, 15, '2020-01-17 07:08:30', 0, 40, 80),
	(72, 37, 1, 15, '2020-01-17 07:14:32', 0, 40, 80),
	(73, 37, 1, 15, '2020-01-17 07:15:37', 0, 40, 80),
	(74, 37, 1, 15, '2020-01-17 11:50:48', 0, 30, 60),
	(75, 37, 1, 15, '2020-01-17 12:33:32', 0, 40, 80),
	(76, 37, 1, 15, '2020-01-17 12:35:20', 0, 40, 80),
	(77, 37, 1, 15, '2020-01-17 14:23:49', 0, 30, 60),
	(78, 37, 1, 15, '2020-01-17 14:30:41', 0, 30, 60),
	(79, 37, 1, 15, '2020-01-17 14:32:43', 0, 30, 60),
	(80, 37, 1, 15, '2020-01-17 14:34:08', 0, 30, 60),
	(81, 37, 1, 18, '2020-01-20 09:38:40', 0, 30, 60),
	(82, 38, 1, 15, '2020-01-22 07:53:09', 0, 10, 10),
	(83, 38, 1, 18, '2020-02-04 11:21:15', 0, 30, 30),
	(84, 38, 1, 18, '2020-02-05 08:27:25', 0, 40, 40),
	(85, 47, 1, 18, '2020-02-05 08:33:56', 0, 20, 15),
	(86, 38, 1, 18, '0000-00-00 00:00:00', 0, 0, 0),
	(87, 38, 1, 79, '2020-02-05 08:52:11', 0, 70, 70),
	(88, 38, 1, 18, '2020-02-05 11:41:37', 0, 100, 100),
	(89, 47, 1, 18, '2020-02-05 13:09:47', 0, 130, 100),
	(90, 47, 1, 18, '2020-02-05 13:12:43', 0, 120, 92),
	(91, 38, 1, 18, '2020-02-05 13:17:19', 0, 90, 90),
	(92, 47, 1, 18, '2020-02-05 13:42:03', 0, 120, 92),
	(93, 47, 1, 79, '2020-02-05 13:43:55', 0, 50, 38),
	(94, 38, 1, 79, '2020-02-05 13:45:09', 0, 20, 20);
/*!40000 ALTER TABLE `tbl_quiz_answer` ENABLE KEYS */;

-- Dumping structure for table kaizen.tbl_quiz_answer_detail_bk
CREATE TABLE IF NOT EXISTS `tbl_quiz_answer_detail_bk` (
  `detail_id` int(10) unsigned NOT NULL AUTO_INCREMENT,
  `quiz_id` int(10) unsigned NOT NULL COMMENT 'ID',
  `query_id` int(10) unsigned NOT NULL COMMENT '',
  `answer_id` int(10) unsigned NOT NULL COMMENT '',
  `selection_id` int(10) unsigned NOT NULL,
  `flg_right` tinyint(4) unsigned NOT NULL COMMENT '',
  `flg_no_answer` tinyint(4) unsigned NOT NULL COMMENT '',
  PRIMARY KEY (`detail_id`)
) ENGINE=InnoDB DEFAULT CHARSET=utf8;

-- Dumping data for table kaizen.tbl_quiz_answer_detail_bk: ~0 rows (approximately)
DELETE FROM `tbl_quiz_answer_detail_bk`;
/*!40000 ALTER TABLE `tbl_quiz_answer_detail_bk` DISABLE KEYS */;
/*!40000 ALTER TABLE `tbl_quiz_answer_detail_bk` ENABLE KEYS */;

-- Dumping structure for table kaizen.tbl_quiz_answer_query
CREATE TABLE IF NOT EXISTS `tbl_quiz_answer_query` (
  `answer_query_id` int(10) unsigned NOT NULL AUTO_INCREMENT,
  `answer_id` int(10) unsigned NOT NULL COMMENT '',
  `query_id` int(10) unsigned NOT NULL COMMENT '',
  `quiz_id` int(10) unsigned NOT NULL COMMENT 'ID',
  `flg_right` tinyint(4) unsigned NOT NULL COMMENT '',
  `flg_no_answer` tinyint(4) unsigned NOT NULL COMMENT '',
  PRIMARY KEY (`answer_query_id`)
) ENGINE=InnoDB AUTO_INCREMENT=488 DEFAULT CHARSET=utf8;

-- Dumping data for table kaizen.tbl_quiz_answer_query: ~275 rows (approximately)
DELETE FROM `tbl_quiz_answer_query`;
/*!40000 ALTER TABLE `tbl_quiz_answer_query` DISABLE KEYS */;
INSERT INTO `tbl_quiz_answer_query` (`answer_query_id`, `answer_id`, `query_id`, `quiz_id`, `flg_right`, `flg_no_answer`) VALUES
	(213, 56, 50, 37, 0, 0),
	(214, 56, 51, 37, 1, 0),
	(215, 56, 52, 37, 1, 0),
	(216, 56, 53, 37, 1, 0),
	(217, 56, 54, 37, 1, 0),
	(218, 57, 50, 37, 0, 0),
	(219, 57, 51, 37, 1, 0),
	(220, 57, 52, 37, 1, 0),
	(221, 57, 53, 37, 1, 0),
	(222, 57, 54, 37, 1, 0),
	(223, 58, 50, 37, 0, 0),
	(224, 58, 51, 37, 1, 0),
	(225, 58, 52, 37, 1, 0),
	(226, 58, 53, 37, 1, 0),
	(227, 58, 54, 37, 1, 0),
	(228, 59, 50, 37, 0, 0),
	(229, 59, 51, 37, 1, 0),
	(230, 59, 52, 37, 1, 0),
	(231, 59, 53, 37, 1, 0),
	(232, 59, 54, 37, 1, 0),
	(233, 60, 50, 37, 0, 0),
	(234, 60, 51, 37, 1, 0),
	(235, 60, 52, 37, 1, 0),
	(236, 60, 53, 37, 1, 0),
	(237, 60, 54, 37, 1, 0),
	(238, 61, 50, 37, 0, 0),
	(239, 61, 51, 37, 1, 0),
	(240, 61, 52, 37, 1, 0),
	(241, 61, 53, 37, 1, 0),
	(242, 61, 54, 37, 1, 0),
	(243, 62, 50, 37, 1, 0),
	(244, 62, 51, 37, 0, 0),
	(245, 62, 52, 37, 1, 0),
	(246, 62, 53, 37, 1, 0),
	(247, 62, 54, 37, 1, 0),
	(248, 63, 50, 37, 1, 0),
	(249, 63, 51, 37, 0, 0),
	(250, 63, 52, 37, 1, 0),
	(251, 63, 53, 37, 1, 0),
	(252, 63, 54, 37, 1, 0),
	(253, 64, 50, 37, 0, 1),
	(254, 64, 51, 37, 0, 1),
	(255, 64, 52, 37, 0, 1),
	(256, 64, 53, 37, 0, 1),
	(257, 64, 54, 37, 0, 1),
	(258, 65, 50, 37, 1, 0),
	(259, 65, 51, 37, 1, 0),
	(260, 65, 52, 37, 1, 0),
	(261, 65, 53, 37, 1, 0),
	(262, 65, 54, 37, 1, 0),
	(263, 66, 50, 37, 1, 0),
	(264, 66, 51, 37, 0, 1),
	(265, 66, 52, 37, 0, 1),
	(266, 66, 53, 37, 0, 1),
	(267, 66, 54, 37, 0, 1),
	(268, 67, 50, 37, 0, 0),
	(269, 67, 51, 37, 1, 0),
	(270, 67, 52, 37, 1, 0),
	(271, 67, 53, 37, 1, 0),
	(272, 67, 54, 37, 1, 0),
	(273, 68, 50, 37, 0, 0),
	(274, 68, 51, 37, 1, 0),
	(275, 68, 52, 37, 1, 0),
	(276, 68, 53, 37, 1, 0),
	(277, 68, 54, 37, 1, 0),
	(278, 69, 50, 37, 1, 0),
	(279, 69, 51, 37, 1, 0),
	(280, 69, 52, 37, 0, 0),
	(281, 69, 53, 37, 1, 0),
	(282, 69, 54, 37, 1, 0),
	(283, 70, 50, 37, 1, 0),
	(284, 70, 51, 37, 1, 0),
	(285, 70, 52, 37, 0, 0),
	(286, 70, 53, 37, 1, 0),
	(287, 70, 54, 37, 1, 0),
	(288, 71, 50, 37, 1, 0),
	(289, 71, 51, 37, 0, 0),
	(290, 71, 52, 37, 1, 0),
	(291, 71, 53, 37, 1, 0),
	(292, 71, 54, 37, 1, 0),
	(293, 72, 50, 37, 1, 0),
	(294, 72, 51, 37, 0, 0),
	(295, 72, 52, 37, 1, 0),
	(296, 72, 53, 37, 1, 0),
	(297, 72, 54, 37, 1, 0),
	(298, 73, 50, 37, 1, 0),
	(299, 73, 51, 37, 0, 0),
	(300, 73, 52, 37, 1, 0),
	(301, 73, 53, 37, 1, 0),
	(302, 73, 54, 37, 1, 0),
	(303, 74, 50, 37, 1, 0),
	(304, 74, 51, 37, 0, 0),
	(305, 74, 52, 37, 0, 0),
	(306, 74, 53, 37, 1, 0),
	(307, 74, 54, 37, 1, 0),
	(308, 75, 50, 37, 0, 0),
	(309, 75, 51, 37, 1, 0),
	(310, 75, 52, 37, 1, 0),
	(311, 75, 53, 37, 1, 0),
	(312, 75, 54, 37, 1, 0),
	(313, 76, 50, 37, 0, 0),
	(314, 76, 51, 37, 1, 0),
	(315, 76, 52, 37, 1, 0),
	(316, 76, 53, 37, 1, 0),
	(317, 76, 54, 37, 1, 0),
	(318, 77, 50, 37, 1, 0),
	(319, 77, 51, 37, 0, 0),
	(320, 77, 52, 37, 0, 0),
	(321, 77, 53, 37, 1, 0),
	(322, 77, 54, 37, 1, 0),
	(323, 78, 50, 37, 0, 0),
	(324, 78, 51, 37, 0, 0),
	(325, 78, 52, 37, 1, 0),
	(326, 78, 53, 37, 1, 0),
	(327, 78, 54, 37, 1, 0),
	(328, 79, 50, 37, 1, 0),
	(329, 79, 51, 37, 0, 0),
	(330, 79, 52, 37, 0, 0),
	(331, 79, 53, 37, 1, 0),
	(332, 79, 54, 37, 1, 0),
	(333, 80, 50, 37, 1, 0),
	(334, 80, 51, 37, 0, 0),
	(335, 80, 52, 37, 0, 0),
	(336, 80, 53, 37, 1, 0),
	(337, 80, 54, 37, 1, 0),
	(338, 81, 50, 37, 0, 0),
	(339, 81, 51, 37, 0, 0),
	(340, 81, 52, 37, 1, 0),
	(341, 81, 53, 37, 1, 0),
	(342, 81, 54, 37, 1, 0),
	(343, 82, 55, 38, 0, 0),
	(344, 82, 56, 38, 0, 0),
	(345, 82, 57, 38, 1, 0),
	(346, 82, 58, 38, 0, 0),
	(347, 82, 59, 38, 0, 1),
	(348, 82, 60, 38, 0, 1),
	(349, 82, 61, 38, 0, 1),
	(350, 82, 62, 38, 0, 1),
	(351, 82, 63, 38, 0, 1),
	(352, 82, 64, 38, 0, 1),
	(353, 83, 55, 38, 0, 0),
	(354, 83, 56, 38, 0, 0),
	(355, 83, 57, 38, 1, 0),
	(356, 83, 58, 38, 1, 0),
	(357, 83, 59, 38, 0, 0),
	(358, 83, 60, 38, 0, 0),
	(359, 83, 61, 38, 0, 0),
	(360, 83, 62, 38, 0, 0),
	(361, 83, 63, 38, 1, 0),
	(362, 83, 64, 38, 0, 0),
	(363, 84, 55, 38, 1, 0),
	(364, 84, 56, 38, 1, 0),
	(365, 84, 57, 38, 0, 0),
	(366, 84, 58, 38, 0, 0),
	(367, 84, 59, 38, 1, 0),
	(368, 84, 60, 38, 0, 0),
	(369, 84, 61, 38, 0, 0),
	(370, 84, 62, 38, 0, 0),
	(371, 84, 63, 38, 0, 0),
	(372, 84, 64, 38, 1, 0),
	(373, 85, 106, 47, 0, 0),
	(374, 85, 107, 47, 0, 0),
	(375, 85, 108, 47, 0, 0),
	(376, 85, 109, 47, 0, 0),
	(377, 85, 110, 47, 1, 0),
	(378, 85, 111, 47, 0, 0),
	(379, 85, 112, 47, 0, 0),
	(380, 85, 113, 47, 0, 0),
	(381, 85, 114, 47, 0, 0),
	(382, 85, 115, 47, 1, 0),
	(383, 85, 116, 47, 0, 0),
	(384, 85, 117, 47, 0, 0),
	(385, 85, 118, 47, 0, 0),
	(386, 86, 55, 38, 0, 1),
	(387, 86, 56, 38, 0, 1),
	(388, 86, 57, 38, 0, 1),
	(389, 86, 58, 38, 0, 1),
	(390, 86, 59, 38, 0, 1),
	(391, 86, 60, 38, 0, 1),
	(392, 86, 61, 38, 0, 1),
	(393, 86, 62, 38, 0, 1),
	(394, 86, 63, 38, 0, 1),
	(395, 86, 64, 38, 0, 1),
	(396, 87, 55, 38, 1, 0),
	(397, 87, 56, 38, 1, 0),
	(398, 87, 57, 38, 1, 0),
	(399, 87, 58, 38, 0, 0),
	(400, 87, 59, 38, 0, 0),
	(401, 87, 60, 38, 0, 0),
	(402, 87, 61, 38, 1, 0),
	(403, 87, 62, 38, 1, 0),
	(404, 87, 63, 38, 1, 0),
	(405, 87, 64, 38, 1, 0),
	(406, 88, 55, 38, 1, 0),
	(407, 88, 56, 38, 1, 0),
	(408, 88, 57, 38, 1, 0),
	(409, 88, 58, 38, 1, 0),
	(410, 88, 59, 38, 1, 0),
	(411, 88, 60, 38, 1, 0),
	(412, 88, 61, 38, 1, 0),
	(413, 88, 62, 38, 1, 0),
	(414, 88, 63, 38, 1, 0),
	(415, 88, 64, 38, 1, 0),
	(416, 89, 106, 47, 1, 0),
	(417, 89, 107, 47, 1, 0),
	(418, 89, 108, 47, 1, 0),
	(419, 89, 109, 47, 1, 0),
	(420, 89, 110, 47, 1, 0),
	(421, 89, 111, 47, 1, 0),
	(422, 89, 112, 47, 1, 0),
	(423, 89, 113, 47, 1, 0),
	(424, 89, 114, 47, 1, 0),
	(425, 89, 115, 47, 1, 0),
	(426, 89, 116, 47, 1, 0),
	(427, 89, 117, 47, 1, 0),
	(428, 89, 118, 47, 1, 0),
	(429, 90, 106, 47, 0, 1),
	(430, 90, 107, 47, 1, 0),
	(431, 90, 108, 47, 1, 0),
	(432, 90, 109, 47, 1, 0),
	(433, 90, 110, 47, 1, 0),
	(434, 90, 111, 47, 1, 0),
	(435, 90, 112, 47, 1, 0),
	(436, 90, 113, 47, 1, 0),
	(437, 90, 114, 47, 1, 0),
	(438, 90, 115, 47, 1, 0),
	(439, 90, 116, 47, 1, 0),
	(440, 90, 117, 47, 1, 0),
	(441, 90, 118, 47, 1, 0),
	(442, 91, 55, 38, 0, 1),
	(443, 91, 56, 38, 1, 0),
	(444, 91, 57, 38, 1, 0),
	(445, 91, 58, 38, 1, 0),
	(446, 91, 59, 38, 1, 0),
	(447, 91, 60, 38, 1, 0),
	(448, 91, 61, 38, 1, 0),
	(449, 91, 62, 38, 1, 0),
	(450, 91, 63, 38, 1, 0),
	(451, 91, 64, 38, 1, 0),
	(452, 92, 106, 47, 1, 0),
	(453, 92, 107, 47, 0, 1),
	(454, 92, 108, 47, 1, 0),
	(455, 92, 109, 47, 1, 0),
	(456, 92, 110, 47, 1, 0),
	(457, 92, 111, 47, 1, 0),
	(458, 92, 112, 47, 1, 0),
	(459, 92, 113, 47, 1, 0),
	(460, 92, 114, 47, 1, 0),
	(461, 92, 115, 47, 1, 0),
	(462, 92, 116, 47, 1, 0),
	(463, 92, 117, 47, 1, 0),
	(464, 92, 118, 47, 1, 0),
	(465, 93, 106, 47, 0, 0),
	(466, 93, 107, 47, 0, 0),
	(467, 93, 108, 47, 0, 0),
	(468, 93, 109, 47, 1, 0),
	(469, 93, 110, 47, 1, 0),
	(470, 93, 111, 47, 1, 0),
	(471, 93, 112, 47, 1, 0),
	(472, 93, 113, 47, 0, 0),
	(473, 93, 114, 47, 1, 0),
	(474, 93, 115, 47, 0, 0),
	(475, 93, 116, 47, 0, 0),
	(476, 93, 117, 47, 0, 0),
	(477, 93, 118, 47, 0, 0),
	(478, 94, 55, 38, 0, 0),
	(479, 94, 56, 38, 0, 0),
	(480, 94, 57, 38, 0, 0),
	(481, 94, 58, 38, 0, 0),
	(482, 94, 59, 38, 0, 0),
	(483, 94, 60, 38, 1, 0),
	(484, 94, 61, 38, 0, 0),
	(485, 94, 62, 38, 1, 0),
	(486, 94, 63, 38, 0, 0),
	(487, 94, 64, 38, 0, 0);
/*!40000 ALTER TABLE `tbl_quiz_answer_query` ENABLE KEYS */;

-- Dumping structure for table kaizen.tbl_quiz_answer_query_choice
CREATE TABLE IF NOT EXISTS `tbl_quiz_answer_query_choice` (
  `answer_query_id` int(10) unsigned NOT NULL COMMENT '',
  `selection_id` int(10) unsigned NOT NULL COMMENT '',
  PRIMARY KEY (`answer_query_id`,`selection_id`)
) ENGINE=InnoDB DEFAULT CHARSET=utf8;

-- Dumping data for table kaizen.tbl_quiz_answer_query_choice: ~247 rows (approximately)
DELETE FROM `tbl_quiz_answer_query_choice`;
/*!40000 ALTER TABLE `tbl_quiz_answer_query_choice` DISABLE KEYS */;
INSERT INTO `tbl_quiz_answer_query_choice` (`answer_query_id`, `selection_id`) VALUES
	(213, 213),
	(214, 214),
	(215, 219),
	(216, 224),
	(217, 229),
	(218, 213),
	(219, 214),
	(220, 219),
	(221, 224),
	(222, 229),
	(223, 213),
	(224, 214),
	(225, 219),
	(226, 224),
	(227, 229),
	(228, 213),
	(229, 214),
	(230, 219),
	(231, 224),
	(232, 229),
	(233, 213),
	(234, 214),
	(235, 219),
	(236, 224),
	(237, 229),
	(238, 213),
	(239, 214),
	(240, 219),
	(241, 224),
	(242, 229),
	(243, 212),
	(244, 215),
	(245, 219),
	(246, 224),
	(247, 229),
	(248, 212),
	(249, 215),
	(250, 219),
	(251, 224),
	(252, 229),
	(258, 212),
	(259, 214),
	(260, 219),
	(261, 224),
	(262, 229),
	(263, 212),
	(268, 213),
	(269, 214),
	(270, 219),
	(271, 224),
	(272, 229),
	(273, 213),
	(274, 214),
	(275, 219),
	(276, 224),
	(277, 229),
	(278, 212),
	(279, 214),
	(280, 220),
	(281, 224),
	(282, 229),
	(283, 212),
	(284, 214),
	(285, 220),
	(286, 224),
	(287, 229),
	(288, 212),
	(289, 215),
	(290, 219),
	(291, 224),
	(292, 229),
	(293, 212),
	(294, 215),
	(295, 219),
	(296, 224),
	(297, 229),
	(298, 212),
	(299, 215),
	(300, 219),
	(301, 224),
	(302, 229),
	(303, 212),
	(304, 215),
	(305, 220),
	(306, 224),
	(307, 229),
	(308, 213),
	(309, 214),
	(310, 219),
	(311, 224),
	(312, 229),
	(313, 213),
	(314, 214),
	(315, 219),
	(316, 224),
	(317, 229),
	(318, 212),
	(319, 215),
	(320, 220),
	(321, 224),
	(322, 229),
	(323, 213),
	(324, 215),
	(325, 219),
	(326, 224),
	(327, 229),
	(328, 212),
	(329, 215),
	(330, 220),
	(331, 224),
	(332, 229),
	(333, 212),
	(334, 215),
	(335, 220),
	(336, 224),
	(337, 229),
	(338, 213),
	(339, 215),
	(340, 219),
	(341, 224),
	(342, 229),
	(343, 236),
	(344, 239),
	(345, 245),
	(346, 250),
	(353, 236),
	(354, 239),
	(355, 245),
	(356, 251),
	(357, 254),
	(358, 260),
	(359, 263),
	(360, 270),
	(361, 274),
	(362, 280),
	(363, 235),
	(364, 240),
	(365, 246),
	(366, 249),
	(367, 255),
	(368, 259),
	(369, 265),
	(370, 269),
	(371, 275),
	(372, 279),
	(373, 479),
	(374, 483),
	(375, 488),
	(376, 493),
	(377, 497),
	(378, 503),
	(379, 508),
	(380, 513),
	(381, 518),
	(382, 523),
	(383, 528),
	(384, 533),
	(385, 538),
	(396, 235),
	(397, 240),
	(398, 245),
	(399, 249),
	(400, 256),
	(401, 261),
	(402, 264),
	(403, 268),
	(404, 274),
	(405, 279),
	(406, 235),
	(407, 240),
	(408, 245),
	(409, 251),
	(410, 255),
	(411, 258),
	(412, 264),
	(413, 268),
	(414, 274),
	(415, 279),
	(416, 477),
	(417, 481),
	(418, 487),
	(419, 494),
	(420, 497),
	(421, 504),
	(422, 509),
	(423, 514),
	(424, 519),
	(425, 523),
	(426, 526),
	(427, 531),
	(428, 536),
	(430, 481),
	(431, 487),
	(432, 494),
	(433, 497),
	(434, 504),
	(435, 509),
	(436, 514),
	(437, 519),
	(438, 523),
	(439, 526),
	(440, 531),
	(441, 536),
	(443, 240),
	(444, 245),
	(445, 251),
	(446, 255),
	(447, 258),
	(448, 264),
	(449, 268),
	(450, 274),
	(451, 279),
	(452, 477),
	(454, 487),
	(455, 494),
	(456, 497),
	(457, 504),
	(458, 509),
	(459, 514),
	(460, 519),
	(461, 523),
	(462, 526),
	(463, 531),
	(464, 536),
	(465, 480),
	(466, 484),
	(467, 489),
	(468, 494),
	(469, 497),
	(470, 504),
	(471, 509),
	(472, 513),
	(473, 519),
	(474, 524),
	(475, 529),
	(476, 534),
	(477, 539),
	(478, 234),
	(479, 238),
	(480, 243),
	(481, 248),
	(482, 253),
	(483, 258),
	(484, 263),
	(485, 268),
	(486, 273),
	(487, 278);
/*!40000 ALTER TABLE `tbl_quiz_answer_query_choice` ENABLE KEYS */;

-- Dumping structure for table kaizen.tbl_quiz_contents_mapping
CREATE TABLE IF NOT EXISTS `tbl_quiz_contents_mapping` (
  `quiz_id` int(11) NOT NULL,
  `query_id` int(11) NOT NULL,
  `contents_id` int(11) NOT NULL,
  `enable` int(11) NOT NULL
) ENGINE=InnoDB DEFAULT CHARSET=utf8;

-- Dumping data for table kaizen.tbl_quiz_contents_mapping: ~196 rows (approximately)
DELETE FROM `tbl_quiz_contents_mapping`;
/*!40000 ALTER TABLE `tbl_quiz_contents_mapping` DISABLE KEYS */;
INSERT INTO `tbl_quiz_contents_mapping` (`quiz_id`, `query_id`, `contents_id`, `enable`) VALUES
	(37, 51, 80, 1),
	(37, 51, 81, 1),
	(37, 52, 82, 1),
	(37, 52, 83, 1),
	(37, 53, 84, 1),
	(37, 53, 85, 1),
	(37, 54, 86, 1),
	(37, 54, 87, 1),
	(37, 50, 78, 1),
	(37, 50, 79, 1),
	(37, 50, 80, 1),
	(37, 50, 81, 1),
	(38, 55, 80, 1),
	(38, 55, 81, 1),
	(38, 56, 80, 1),
	(38, 56, 81, 1),
	(38, 56, 84, 1),
	(38, 56, 85, 1),
	(38, 57, 80, 1),
	(38, 57, 81, 1),
	(38, 57, 84, 1),
	(38, 57, 85, 1),
	(38, 58, 82, 1),
	(38, 58, 83, 1),
	(38, 59, 86, 1),
	(38, 59, 87, 1),
	(38, 60, 88, 1),
	(38, 60, 89, 1),
	(38, 61, 88, 1),
	(38, 61, 89, 1),
	(38, 62, 88, 1),
	(38, 62, 89, 1),
	(38, 63, 132, 1),
	(38, 63, 133, 1),
	(38, 64, 132, 1),
	(38, 64, 133, 1),
	(42, 78, 116, 1),
	(42, 78, 117, 1),
	(42, 79, 118, 1),
	(42, 79, 119, 1),
	(42, 80, 120, 1),
	(42, 80, 121, 1),
	(42, 81, 122, 1),
	(42, 81, 123, 1),
	(42, 82, 124, 1),
	(42, 82, 125, 1),
	(42, 83, 126, 1),
	(42, 83, 127, 1),
	(42, 84, 128, 1),
	(42, 84, 129, 1),
	(42, 85, 130, 1),
	(42, 85, 131, 1),
	(46, 92, 100, 1),
	(46, 92, 101, 1),
	(46, 93, 102, 1),
	(46, 93, 103, 1),
	(46, 94, 104, 1),
	(46, 94, 105, 1),
	(46, 91, 98, 1),
	(46, 91, 99, 1),
	(46, 95, 106, 1),
	(46, 95, 107, 1),
	(46, 96, 108, 1),
	(46, 96, 109, 1),
	(46, 97, 110, 1),
	(46, 97, 111, 1),
	(46, 98, 112, 1),
	(46, 98, 113, 1),
	(41, 77, 96, 1),
	(41, 77, 97, 1),
	(41, 76, 96, 1),
	(41, 76, 97, 1),
	(41, 75, 96, 1),
	(41, 75, 97, 1),
	(41, 74, 172, 1),
	(41, 74, 173, 1),
	(41, 73, 172, 1),
	(41, 73, 173, 1),
	(41, 101, 136, 1),
	(41, 101, 137, 1),
	(41, 102, 138, 1),
	(41, 102, 139, 1),
	(41, 103, 140, 1),
	(41, 103, 141, 1),
	(41, 104, 142, 1),
	(41, 104, 143, 1),
	(41, 99, 144, 1),
	(41, 99, 145, 1),
	(41, 100, 134, 1),
	(41, 100, 135, 1),
	(47, 106, 90, 1),
	(47, 106, 91, 1),
	(47, 107, 92, 1),
	(47, 107, 93, 1),
	(47, 108, 92, 1),
	(47, 108, 93, 1),
	(47, 109, 92, 1),
	(47, 109, 93, 1),
	(47, 110, 84, 1),
	(47, 110, 85, 1),
	(47, 110, 92, 1),
	(47, 110, 93, 1),
	(47, 111, 94, 1),
	(47, 111, 95, 1),
	(47, 112, 94, 1),
	(47, 112, 95, 1),
	(47, 113, 146, 1),
	(47, 113, 147, 1),
	(47, 114, 148, 1),
	(47, 114, 149, 1),
	(47, 115, 150, 1),
	(47, 115, 151, 1),
	(47, 116, 152, 1),
	(47, 116, 153, 1),
	(47, 117, 154, 1),
	(47, 117, 155, 1),
	(47, 118, 154, 1),
	(47, 118, 155, 1),
	(48, 119, 92, 1),
	(48, 119, 93, 1),
	(48, 119, 156, 1),
	(48, 119, 157, 1),
	(48, 120, 158, 1),
	(48, 120, 159, 1),
	(48, 121, 158, 1),
	(48, 121, 159, 1),
	(48, 122, 158, 1),
	(48, 122, 159, 1),
	(48, 123, 160, 1),
	(48, 123, 161, 1),
	(48, 124, 160, 1),
	(48, 124, 161, 1),
	(48, 125, 162, 1),
	(48, 125, 163, 1),
	(48, 126, 164, 1),
	(48, 126, 165, 1),
	(48, 127, 166, 1),
	(48, 127, 167, 1),
	(49, 128, 174, 1),
	(49, 128, 175, 1),
	(49, 129, 174, 1),
	(49, 129, 175, 1),
	(49, 130, 174, 1),
	(49, 130, 175, 1),
	(49, 131, 176, 1),
	(49, 131, 177, 1),
	(49, 132, 176, 1),
	(49, 132, 177, 1),
	(50, 133, 176, 1),
	(50, 133, 177, 1),
	(50, 134, 178, 1),
	(50, 134, 179, 1),
	(50, 134, 180, 1),
	(50, 134, 181, 1),
	(50, 135, 180, 1),
	(50, 135, 181, 1),
	(50, 139, 186, 1),
	(50, 139, 187, 1),
	(50, 140, 188, 1),
	(50, 140, 189, 1),
	(50, 141, 190, 1),
	(50, 141, 191, 1),
	(50, 142, 192, 1),
	(50, 142, 193, 1),
	(50, 136, 182, 1),
	(50, 136, 183, 1),
	(50, 137, 184, 1),
	(50, 137, 185, 1),
	(50, 138, 186, 1),
	(50, 138, 187, 1),
	(40, 70, 168, 1),
	(40, 70, 169, 1),
	(40, 71, 170, 1),
	(40, 71, 171, 1),
	(40, 72, 170, 1),
	(40, 72, 171, 1),
	(40, 144, 194, 1),
	(40, 144, 195, 1),
	(40, 143, 196, 1),
	(40, 143, 197, 1),
	(40, 145, 196, 1),
	(40, 145, 197, 1),
	(45, 88, 200, 1),
	(45, 88, 201, 1),
	(45, 90, 202, 1),
	(45, 90, 203, 1),
	(45, 87, 198, 1),
	(45, 87, 199, 1),
	(45, 151, 198, 1),
	(45, 151, 199, 1),
	(45, 152, 198, 1),
	(45, 152, 199, 1),
	(45, 154, 202, 1),
	(45, 154, 203, 1),
	(45, 153, 200, 1),
	(45, 153, 201, 1);
/*!40000 ALTER TABLE `tbl_quiz_contents_mapping` ENABLE KEYS */;

-- Dumping structure for table kaizen.tbl_quiz_query
CREATE TABLE IF NOT EXISTS `tbl_quiz_query` (
  `query_id` int(10) unsigned NOT NULL AUTO_INCREMENT COMMENT '',
  `quiz_id` int(10) unsigned NOT NULL COMMENT '',
  `query_text` varchar(255) NOT NULL COMMENT '',
  `description` varchar(255) DEFAULT NULL COMMENT '',
  `score` tinyint(4) DEFAULT NULL,
  `image_file_name` varchar(255) DEFAULT NULL,
  `sound_file_name` varchar(255) DEFAULT NULL,
  `query_type` tinyint(4) unsigned NOT NULL COMMENT '',
  `display_order` int(10) unsigned NOT NULL COMMENT '',
  `enable` tinyint(4) unsigned NOT NULL COMMENT '',
  PRIMARY KEY (`query_id`)
) ENGINE=InnoDB AUTO_INCREMENT=160 DEFAULT CHARSET=utf8;

-- Dumping data for table kaizen.tbl_quiz_query: ~107 rows (approximately)
DELETE FROM `tbl_quiz_query`;
/*!40000 ALTER TABLE `tbl_quiz_query` DISABLE KEYS */;
INSERT INTO `tbl_quiz_query` (`query_id`, `quiz_id`, `query_text`, `description`, `score`, `image_file_name`, `sound_file_name`, `query_type`, `display_order`, `enable`) VALUES
	(50, 37, 'What is the capital of Japan?', '', 10, NULL, NULL, 0, 0, 1),
	(51, 37, 'What is the capital of Bangladesh?', '', 10, NULL, NULL, 0, 2, 1),
	(52, 37, 'what is the capital of India?', '', 10, NULL, NULL, 0, 3, 1),
	(53, 37, 'What is the capital of Pakistan?', '', 10, NULL, NULL, 0, 4, 1),
	(54, 37, 'What is the capital of China?', '', 10, NULL, NULL, 0, 5, 1),
	(55, 38, 'What is the term Kaizen mean?', '', 10, NULL, NULL, 0, 0, 1),
	(56, 38, 'In which item that Kaizen doesnt directly contribute to?', '', 10, NULL, NULL, 0, 2, 1),
	(57, 38, 'Which is an inappropriate action after conducting Kaizen?', '', 10, NULL, NULL, 0, 3, 1),
	(58, 38, 'Which one is not applicable of Kaizen in service sector?', '', 10, NULL, NULL, 0, 4, 1),
	(59, 38, 'Select sentence is not correct about Kaizen and innovation.', '', 10, NULL, NULL, 0, 5, 1),
	(60, 38, 'Select sentence which is correct about work and waste.', '', 10, NULL, NULL, 0, 6, 1),
	(61, 38, 'Which movement of a worker is value-added work? &#13;&#10;', '', 10, NULL, NULL, 0, 7, 1),
	(62, 38, 'What is Muda means in production? ', '', 10, NULL, NULL, 0, 8, 1),
	(63, 38, 'Which one is ECRS method doesnt directly cover? ', '', 10, NULL, NULL, 0, 9, 1),
	(64, 38, 'Which one is not considered in ECRS?', '', 10, NULL, NULL, 0, 10, 1),
	(65, 39, 'Select sentence which is correct for top-down and bottom-up issues of Kaizen.', '', 10, NULL, NULL, 0, 0, 1),
	(66, 39, 'Select sentence which is not applicable for Kaizen committee.', '', 10, NULL, NULL, 0, 2, 1),
	(67, 39, 'What role is Kaizen committee not involved?', '', 10, NULL, NULL, 0, 3, 1),
	(68, 39, 'What is a small group activity? ', '', 10, NULL, NULL, 0, 4, 1),
	(69, 39, '', NULL, NULL, NULL, NULL, 0, 5, 1),
	(70, 40, 'Which one is not suitable of explaining standardization?', '', 10, NULL, NULL, 0, 3, 1),
	(71, 40, 'Which sentence is not suitable about SOP (Standard Operating Procedure)?', '', 10, NULL, NULL, 0, 4, 1),
	(72, 40, 'Which item is not necessary for SOP?', '', 10, NULL, NULL, 0, 5, 1),
	(73, 41, 'Customers demand is 7,200 units per month. We have 2 production lines with same capacity. Daily operating time is 8 hours, 20 days per month. Therefore, we have to produce (A) units per day for each line. Then takt time for each line is (B) minutes/unit.', '', 10, NULL, NULL, 0, 6, 1),
	(74, 41, 'Which description is not correct about takt time and cycle time?', '', 10, NULL, NULL, 0, 7, 1),
	(75, 41, 'We observe 3 Muda in a workshop, which is motion, transportation and (           ).', '', 10, NULL, NULL, 0, 8, 1),
	(76, 41, 'Select sentence which is not appropiate for motion waste Kaizen.', '', 10, NULL, NULL, 0, 9, 1),
	(77, 41, 'Why is it important to make a flow at production line?', '', 10, NULL, NULL, 0, 10, 1),
	(78, 42, 'How we can divide 7 wastes into two group ?', '', 10, NULL, NULL, 0, 0, 1),
	(79, 42, 'Among 7 wastes, which wastes impact worse ?', '', 10, NULL, NULL, 0, 2, 1),
	(80, 42, 'Which is NOT appropriate countermeasures to reduce the Waste of inventory', '', 10, NULL, NULL, 0, 3, 1),
	(81, 42, 'Which is NOT appropriate countermeasures to reduce the Waste of Defects', '', 10, NULL, NULL, 0, 4, 1),
	(82, 42, 'Which is NOT appropriate countermeasures to reduce the Waste of Transportation&#13;&#10;', '', 10, NULL, NULL, 0, 5, 1),
	(83, 42, 'Which is NOT appropriate countermeasures to reduce the Waste of Waiting&#13;&#10;', '', 10, NULL, NULL, 0, 6, 1),
	(84, 42, 'Which is NOT appropriate countermeasures to reduce the Waste of Motion', '', 10, NULL, NULL, 0, 7, 1),
	(85, 42, 'Which is NOT appropriate countermeasures to reduce the Waste of Processing', '', 10, NULL, NULL, 0, 8, 1),
	(86, 44, '', NULL, NULL, NULL, NULL, 0, 0, 1),
	(87, 45, 'Why segmentation is important for SMEs ?', '', 10, NULL, NULL, 0, 0, 1),
	(88, 45, 'Which type of targeting is better for SMEs ?', '', 10, NULL, NULL, 0, 2, 1),
	(90, 45, 'Why positioning is important for us ?', '', 10, NULL, NULL, 0, 3, 1),
	(91, 46, 'What could make Japanese productivity miracle', '', 10, NULL, NULL, 0, 0, 1),
	(92, 46, 'What will be the first step to improve productivity at company level', '', 10, NULL, NULL, 0, 2, 1),
	(93, 46, 'Which company is performing the highest productivity ?', '', 10, NULL, NULL, 0, 3, 1),
	(94, 46, 'Why measurement is important?', '', 10, NULL, NULL, 0, 4, 1),
	(95, 46, 'What is 3M stand for ?', '', 10, NULL, NULL, 0, 5, 1),
	(96, 46, 'Which can be recognized as Value Added', '', 10, NULL, NULL, 0, 6, 1),
	(97, 46, 'Which company is performing the highest value added productivity ?', '', 10, NULL, NULL, 0, 7, 1),
	(98, 46, 'At auto parts manufacturer, which is the value added work ?', '', 10, NULL, NULL, 0, 8, 1),
	(99, 41, 'Which way is better to take for increasing profit', '', 10, NULL, NULL, 0, 0, 1),
	(100, 41, 'Which is NOT bottle neck in process flow ?', '', 10, NULL, NULL, 0, 1, 1),
	(101, 41, 'Which symbol does indicate stagnation ?', '', 10, NULL, NULL, 0, 2, 1),
	(102, 41, 'Which is NOT effective for better time study ?', '', 10, NULL, NULL, 0, 3, 1),
	(103, 41, 'Which is NOT effective approach in that case study ?', '', 10, NULL, NULL, 0, 4, 1),
	(104, 41, 'Which is NOT effective approach for better line balance', '', 10, NULL, NULL, 0, 5, 1),
	(106, 47, 'Select sentence which is correct for top-down and bottom-up issues of Kaizen.', '', 10, NULL, NULL, 0, 0, 1),
	(107, 47, 'Select sentence which is not applicable for Kaizen committee.', '', 10, NULL, NULL, 0, 2, 1),
	(108, 47, 'What role is Kaizen committee not involved?', '', 10, NULL, NULL, 0, 3, 1),
	(109, 47, 'What is a small group activity? ', '', 10, NULL, NULL, 0, 4, 1),
	(110, 47, 'We are not conducting company wide Kaizen, so that we cannot go ahead for pursing ISO. Is it true or false?', '', 10, NULL, NULL, 0, 5, 1),
	(111, 47, 'Select sentence which manager should not do at Kaizen activities.', '', 10, NULL, NULL, 0, 6, 1),
	(112, 47, 'Select sentence which is not appropiate for Kaizen team.', '', 10, NULL, NULL, 0, 7, 1),
	(113, 47, 'Which subject is not suitable for Kaizen team at workplace?', '', 10, NULL, NULL, 0, 8, 1),
	(114, 47, 'Select sentence which is not applicable for PDCA cycle.', '', 10, NULL, NULL, 0, 9, 1),
	(115, 47, 'Which item is necessary for Kaizen suggestion?', '', 10, NULL, NULL, 0, 10, 1),
	(116, 47, 'Why is competition and awarding system recommended?', '', 10, NULL, NULL, 0, 11, 1),
	(117, 47, 'Select sentence which best matches getting profit by Kaizen.', '', 10, NULL, NULL, 0, 12, 1),
	(118, 47, 'Select sentence which best fits raising moral of employees by Kaizen.', '', 10, NULL, NULL, 0, 13, 1),
	(119, 48, 'Which one is not suitable in proceeding Kaizen activity?', '', 10, NULL, NULL, 0, 0, 1),
	(120, 48, 'Which sentence is correct about explaining 3Mu?', '', 10, NULL, NULL, 0, 2, 1),
	(121, 48, 'Three viewpoints for problem solving is 3Mu, 4M and (      ).', '', 10, NULL, NULL, 0, 3, 1),
	(122, 48, 'Which description is correct carrying 15 tons of burden by a truck with capacity of 5 tons?', '', 10, NULL, NULL, 0, 4, 1),
	(123, 48, 'Which one is not suitable in brainstorming?', '', 10, NULL, NULL, 0, 5, 1),
	(124, 48, 'Idea creation techinques are ECRS, Osborn&#39;s checklist and (        ).', '', 10, NULL, NULL, 0, 6, 1),
	(125, 48, 'Which sentence is correct about five why method?', '', 10, NULL, NULL, 0, 7, 1),
	(126, 48, 'Which sentence is not correct about evaluation of countermeasres?', '', 10, NULL, NULL, 0, 8, 1),
	(127, 48, 'Which sentence is not suitable about  confirming of results?', '', 10, NULL, NULL, 0, 9, 1),
	(128, 49, 'Which word is not defined as 5S?', '', 10, NULL, NULL, 0, 0, 1),
	(129, 49, 'Which one is most applicable for &#39;Seiton&#39; of tools?', '', 10, NULL, NULL, 0, 2, 1),
	(130, 49, 'Which action is most suitable for &#39;Seiton&#39;?', '', 10, NULL, NULL, 0, 3, 1),
	(131, 49, 'Sometimes 5S is mistaken as (                   ).', '', 10, NULL, NULL, 0, 4, 1),
	(132, 49, 'What is not included in effects of 5S?', '', 10, NULL, NULL, 0, 5, 1),
	(133, 50, '2S is Sort and (                ).', '', 10, NULL, NULL, 0, 0, 1),
	(134, 50, 'Which sentence is suitable for Red Card Tagging ?', '', 10, NULL, NULL, 0, 2, 1),
	(135, 50, 'What action do you take if you want to use an item which has red tag attached on it?', '', 10, NULL, NULL, 0, 3, 1),
	(136, 50, 'You find an item which workers dont know if it is necessary or not. Then what is your next action?', '', 10, NULL, NULL, 0, 4, 1),
	(137, 50, '3T(Tei) is fixed position, fixed item and fixed (                  ).', '', 10, NULL, NULL, 0, 5, 1),
	(138, 50, 'What is the most suitable way to put items on a shelf?', '', 10, NULL, NULL, 0, 6, 1),
	(139, 50, 'If you use an item for every three months, the best action you do with this item is (             ).', '', 10, NULL, NULL, 0, 7, 1),
	(140, 50, 'Select sentence which is not applicable for description of Reorder Point.', '', 10, NULL, NULL, 0, 8, 1),
	(141, 50, 'Which sentence is not suitable for description of labeling?', '', 10, NULL, NULL, 0, 9, 1),
	(142, 50, 'Select sentence which is suitable for tracing control.', '', 10, NULL, NULL, 0, 10, 1),
	(143, 40, 'Select sentence which is not applicable for Standardize.', '', 10, NULL, NULL, 0, 1, 1),
	(144, 40, '3S is Shine, Standardize and (                ).', '', 10, NULL, NULL, 0, 0, 1),
	(145, 40, 'Select sentence which is not applicable for Sustain.', '', 10, NULL, NULL, 0, 2, 1),
	(147, 45, 'Which sales approach is most effective to increase sales in short term ?', '', 10, NULL, NULL, 0, 4, 1),
	(148, 45, 'Which way is NOT effective to increase sales amount ?', '', 10, NULL, NULL, 0, 5, 1),
	(149, 45, 'Which is the general process for approaching new customers ?', '', 10, NULL, NULL, 0, 6, 1),
	(150, 45, 'Why is sales meeting records important ?', '', 10, NULL, NULL, 0, 7, 1),
	(151, 45, 'STP is one of frameworks for market strategies. S stands for (         ).', '', 10, NULL, NULL, 0, 8, 1),
	(152, 45, '4P Mix is important factors for marketing strategies. P stands for Products, Price, Promotion and  (       ).', '', 10, NULL, NULL, 0, 9, 1),
	(153, 45, 'Which sentence is most appropriate for targeting?', '', 10, NULL, NULL, 0, 10, 1),
	(154, 45, 'Which sentence is not appropiate for description of positioning?', '', 10, NULL, NULL, 0, 11, 1),
	(155, 45, 'Sales processess are often different from (            ) customers and new customers', '', 10, NULL, NULL, 0, 12, 1),
	(156, 45, 'Which sentence is not appropiate for acquiring new customers?', '', 10, NULL, NULL, 0, 13, 1),
	(157, 45, 'Which sentence is not appropiate for dealing with customers who are familiar with your product?', '', 10, NULL, NULL, 0, 14, 1),
	(158, 45, 'Which sentence is not appropriate for increasing sales to new customers?', '', 10, NULL, NULL, 0, 15, 1),
	(159, 45, 'Which sentence is not appropriate for sales representative?', '', 10, NULL, NULL, 0, 16, 1);
/*!40000 ALTER TABLE `tbl_quiz_query` ENABLE KEYS */;

-- Dumping structure for table kaizen.tbl_quiz_query_correct_answer_bk
CREATE TABLE IF NOT EXISTS `tbl_quiz_query_correct_answer_bk` (
  `correct_answer_id` int(10) unsigned NOT NULL AUTO_INCREMENT COMMENT '',
  `selection_id` int(10) unsigned NOT NULL COMMENT '',
  `quiz_id` int(10) unsigned NOT NULL,
  `query_id` int(10) unsigned NOT NULL COMMENT '',
  PRIMARY KEY (`correct_answer_id`)
) ENGINE=InnoDB DEFAULT CHARSET=utf8;

-- Dumping data for table kaizen.tbl_quiz_query_correct_answer_bk: ~0 rows (approximately)
DELETE FROM `tbl_quiz_query_correct_answer_bk`;
/*!40000 ALTER TABLE `tbl_quiz_query_correct_answer_bk` DISABLE KEYS */;
/*!40000 ALTER TABLE `tbl_quiz_query_correct_answer_bk` ENABLE KEYS */;

-- Dumping structure for table kaizen.tbl_quiz_query_file_bk
CREATE TABLE IF NOT EXISTS `tbl_quiz_query_file_bk` (
  `quiz_query_id` int(10) unsigned NOT NULL AUTO_INCREMENT,
  `file_type` tinyint(3) unsigned NOT NULL DEFAULT '0' COMMENT '0:image 1:sound',
  `file_name` varchar(255) COLLATE utf8_bin NOT NULL,
  `file_path` varchar(60) COLLATE utf8_bin NOT NULL,
  PRIMARY KEY (`quiz_query_id`)
) ENGINE=InnoDB DEFAULT CHARSET=utf8 COLLATE=utf8_bin;

-- Dumping data for table kaizen.tbl_quiz_query_file_bk: ~0 rows (approximately)
DELETE FROM `tbl_quiz_query_file_bk`;
/*!40000 ALTER TABLE `tbl_quiz_query_file_bk` DISABLE KEYS */;
/*!40000 ALTER TABLE `tbl_quiz_query_file_bk` ENABLE KEYS */;

-- Dumping structure for table kaizen.tbl_quiz_query_follow_common_contents_bk
CREATE TABLE IF NOT EXISTS `tbl_quiz_query_follow_common_contents_bk` (
  `quiz_query_id` int(10) unsigned NOT NULL,
  `common_contents_id` int(10) unsigned NOT NULL
) ENGINE=InnoDB DEFAULT CHARSET=utf8 COLLATE=utf8_bin;

-- Dumping data for table kaizen.tbl_quiz_query_follow_common_contents_bk: ~0 rows (approximately)
DELETE FROM `tbl_quiz_query_follow_common_contents_bk`;
/*!40000 ALTER TABLE `tbl_quiz_query_follow_common_contents_bk` DISABLE KEYS */;
/*!40000 ALTER TABLE `tbl_quiz_query_follow_common_contents_bk` ENABLE KEYS */;

-- Dumping structure for table kaizen.tbl_quiz_query_follow_contents
CREATE TABLE IF NOT EXISTS `tbl_quiz_query_follow_contents` (
  `quiz_query_id` int(10) unsigned NOT NULL,
  `contents_id` int(10) unsigned NOT NULL,
  `contents_category_id` tinyint(3) unsigned NOT NULL
) ENGINE=InnoDB DEFAULT CHARSET=utf8 COLLATE=utf8_bin;

-- Dumping data for table kaizen.tbl_quiz_query_follow_contents: ~0 rows (approximately)
DELETE FROM `tbl_quiz_query_follow_contents`;
/*!40000 ALTER TABLE `tbl_quiz_query_follow_contents` DISABLE KEYS */;
/*!40000 ALTER TABLE `tbl_quiz_query_follow_contents` ENABLE KEYS */;

-- Dumping structure for table kaizen.tbl_quiz_query_selection
CREATE TABLE IF NOT EXISTS `tbl_quiz_query_selection` (
  `selection_id` int(10) unsigned NOT NULL AUTO_INCREMENT COMMENT '',
  `quiz_id` int(10) unsigned NOT NULL,
  `query_id` int(10) unsigned NOT NULL COMMENT '',
  `text` varchar(255) DEFAULT NULL COMMENT '',
  `display_order` tinyint(3) unsigned NOT NULL DEFAULT '0',
  `correct_flg` tinyint(3) unsigned NOT NULL DEFAULT '0',
  `enable` tinyint(3) unsigned NOT NULL DEFAULT '1',
  PRIMARY KEY (`selection_id`)
) ENGINE=InnoDB AUTO_INCREMENT=751 DEFAULT CHARSET=utf8;

-- Dumping data for table kaizen.tbl_quiz_query_selection: ~524 rows (approximately)
DELETE FROM `tbl_quiz_query_selection`;
/*!40000 ALTER TABLE `tbl_quiz_query_selection` DISABLE KEYS */;
INSERT INTO `tbl_quiz_query_selection` (`selection_id`, `quiz_id`, `query_id`, `text`, `display_order`, `correct_flg`, `enable`) VALUES
	(212, 37, 50, 'Tokyo', 0, 1, 1),
	(213, 37, 50, 'Dhaka', 1, 0, 1),
	(214, 37, 51, 'Dhaka', 0, 1, 1),
	(215, 37, 51, 'Chittagong', 1, 0, 1),
	(216, 37, 51, '', 2, 0, 0),
	(217, 37, 51, '', 3, 0, 0),
	(218, 37, 51, '', 4, 0, 0),
	(219, 37, 52, 'Delhi', 0, 1, 1),
	(220, 37, 52, 'Chittagong', 1, 0, 1),
	(221, 37, 52, '', 2, 0, 0),
	(222, 37, 52, '', 3, 0, 0),
	(223, 37, 52, '', 4, 0, 0),
	(224, 37, 53, 'Islamabad', 0, 1, 1),
	(225, 37, 53, 'Chittagong', 1, 0, 1),
	(226, 37, 53, '', 2, 0, 0),
	(227, 37, 53, '', 3, 0, 0),
	(228, 37, 53, '', 4, 0, 0),
	(229, 37, 54, 'Beijing', 0, 1, 1),
	(230, 37, 54, 'Chittagong', 1, 0, 1),
	(231, 37, 54, '', 2, 0, 0),
	(232, 37, 54, '', 3, 0, 0),
	(233, 37, 54, '', 4, 0, 0),
	(234, 38, 55, 'Innovation', 0, 0, 1),
	(235, 38, 55, 'Change for better', 1, 1, 1),
	(236, 38, 55, 'Create new ideas', 2, 0, 1),
	(237, 38, 55, 'Change culture', 3, 0, 1),
	(238, 38, 56, 'Making defects', 0, 0, 1),
	(239, 38, 56, 'Making profit', 1, 0, 1),
	(240, 38, 56, 'Expanding market', 2, 1, 1),
	(241, 38, 56, 'Responding complaints', 3, 0, 1),
	(242, 38, 56, '', 4, 0, 0),
	(243, 38, 57, 'We made standards', 0, 0, 1),
	(244, 38, 57, 'We found another way of improvement', 1, 0, 1),
	(245, 38, 57, 'We lay off workers because we can work with less people', 2, 1, 1),
	(246, 38, 57, 'We advertised result to other groups', 3, 0, 1),
	(247, 38, 57, '', 4, 0, 0),
	(248, 38, 58, 'Shortening time for waiting at hospital', 0, 0, 1),
	(249, 38, 58, 'Visual sign of medicine to be picked up', 1, 0, 1),
	(250, 38, 58, 'Shortening lead time for cleaning laundry', 2, 0, 1),
	(251, 38, 58, 'Precise explanation of goods to customer using textbook', 3, 1, 1),
	(252, 38, 58, '', 4, 0, 0),
	(253, 38, 59, 'Kaizen goes slower than innovation', 0, 0, 1),
	(254, 38, 59, 'Innovation needs more money', 1, 0, 1),
	(255, 38, 59, 'We spend a lot of investment of automation by Kaizen ideas', 2, 1, 1),
	(256, 38, 59, 'Innovation is considered as a rabbit in a race between rabbit and turtle', 3, 0, 1),
	(257, 38, 59, '', 4, 0, 0),
	(258, 38, 60, 'In general, portion of work is less than 40%', 0, 1, 1),
	(259, 38, 60, 'We work very efficiently so there is no waste', 1, 0, 1),
	(260, 38, 60, 'It is observed that work ratio is normaly over 70%', 2, 0, 1),
	(261, 38, 60, 'In an ideal workplace, work ratio is 60% and waste ratio is 40%', 3, 0, 1),
	(262, 38, 60, '', 4, 0, 0),
	(263, 38, 61, 'Check and inspect thoroughly for customer satisfication', 0, 0, 1),
	(264, 38, 61, 'Screw down a screw by a driver ', 1, 1, 1),
	(265, 38, 61, 'Preparing bolts for assembly ', 2, 0, 1),
	(266, 38, 61, 'Set in order tools so that it can be taken out easily', 3, 0, 1),
	(267, 38, 61, '', 4, 0, 0),
	(268, 38, 62, 'Non value-added work', 0, 1, 1),
	(269, 38, 62, 'Overburden', 1, 0, 1),
	(270, 38, 62, 'Unevenness', 2, 0, 1),
	(271, 38, 62, 'Short of production amount', 3, 0, 1),
	(272, 38, 62, '', 4, 0, 0),
	(273, 38, 63, 'Creating Kaizen ideas', 0, 0, 1),
	(274, 38, 63, 'Discussing how much profit we can make', 1, 1, 1),
	(275, 38, 63, 'Used for analysis for waste', 2, 0, 1),
	(276, 38, 63, 'Combing A and B process to shorten cycle time', 3, 0, 1),
	(277, 38, 63, '', 4, 0, 0),
	(278, 38, 64, 'Stop watching TV after wakeup', 0, 0, 1),
	(279, 38, 64, 'Go to washroom at the station instead of your house ', 1, 1, 1),
	(280, 38, 64, 'Put an eraser on a pencil', 2, 0, 1),
	(281, 38, 64, 'Reduce number of parts for assembly', 3, 0, 1),
	(282, 38, 64, '', 4, 0, 0),
	(283, 39, 65, 'There are both top-down and bottom-up issues ', 0, 1, 1),
	(284, 39, 65, 'There is only top-down', 1, 0, 1),
	(285, 39, 65, 'There is only bottom-up', 2, 0, 1),
	(286, 39, 65, 'Expanding market comes from bottom-up issue', 3, 0, 1),
	(287, 39, 66, 'All employees are members of Kaizen committee', 0, 1, 1),
	(288, 39, 66, 'Leaders of Kaizen circle are members', 1, 0, 1),
	(289, 39, 66, 'Top management is the leader', 2, 0, 1),
	(290, 39, 66, '5S and Kaizen committee has same members', 3, 0, 1),
	(291, 39, 66, '', 4, 0, 0),
	(292, 39, 67, 'Reporting Kaizen results', 0, 0, 1),
	(293, 39, 67, 'Showing selling expansion achieved by Kaizen ', 1, 1, 1),
	(294, 39, 67, 'Evaluating Kaizen activities', 2, 0, 1),
	(295, 39, 67, 'Educating and training program of employees', 3, 0, 1),
	(296, 39, 67, '', 4, 0, 0),
	(297, 39, 68, 'Activity to prepare for ISO', 0, 0, 1),
	(298, 39, 68, 'Adjustment of Kaizen activities at factory', 1, 0, 1),
	(299, 39, 68, 'Activity of planning innovation of the company', 2, 0, 1),
	(300, 39, 68, 'Activity of Kaizen teams at worksite', 3, 1, 1),
	(301, 39, 68, '', 4, 0, 0),
	(302, 39, 69, '', 0, 0, 1),
	(303, 39, 69, '', 1, 0, 1),
	(304, 39, 69, '', 2, 0, 1),
	(305, 39, 69, '', 3, 0, 1),
	(306, 39, 69, '', 4, 0, 1),
	(307, 40, 70, 'If a worker finds more effective way to work, it is permitted', 0, 1, 1),
	(308, 40, 70, 'All workers perform same work ', 1, 0, 1),
	(309, 40, 70, 'It is necessary for educating newcomers', 2, 0, 1),
	(310, 40, 70, 'It is necessary to prevent going backwards', 3, 0, 1),
	(311, 40, 71, 'To perform workers to do the work in a same way', 0, 0, 1),
	(312, 40, 71, 'It is necessary for educating newcomers', 1, 0, 1),
	(313, 40, 71, 'It is a must condition for getting ISO', 2, 1, 1),
	(314, 40, 71, 'It should be written visualy so that everyone can understand easily', 3, 0, 1),
	(315, 40, 71, '', 4, 0, 0),
	(316, 40, 72, 'Catalog distributed by machine manufacturer', 0, 1, 1),
	(317, 40, 72, 'Machine operating time', 1, 0, 1),
	(318, 40, 72, 'Work sequence shown by videos', 2, 0, 1),
	(319, 40, 72, 'WIP(Work-In-Process) ', 3, 0, 1),
	(320, 40, 72, '', 4, 0, 0),
	(321, 41, 73, 'A: 180       B: 2.7', 0, 1, 1),
	(322, 41, 73, 'A: 240       B: 10.6', 1, 0, 1),
	(323, 41, 73, 'A: 360       B: 1.3', 2, 0, 1),
	(324, 41, 73, 'A: 90         B: 5.3', 3, 0, 1),
	(325, 41, 74, 'Kaizen is conducted to match cycle time and takt time ', 0, 0, 1),
	(326, 41, 74, 'If cycle time is below takt time, we need more space at storage to stock products', 1, 0, 1),
	(327, 41, 74, 'If cycle time is over than takt time, we need to sell products to other customer', 2, 1, 1),
	(328, 41, 74, 'Cycle time and takt time are shown in a same pitch diagram for comparison', 3, 0, 1),
	(329, 41, 74, '', 4, 0, 0),
	(330, 41, 75, 'delay', 0, 1, 1),
	(331, 41, 75, 'waiting', 1, 0, 1),
	(332, 41, 75, 'inventory', 2, 0, 1),
	(333, 41, 75, 'inspection', 3, 0, 1),
	(334, 41, 75, '', 4, 0, 0),
	(335, 41, 76, 'We rearranged tools to display them on a board', 0, 0, 1),
	(336, 41, 76, 'We made a safety line on the floor so that workers can move quickly', 1, 1, 1),
	(337, 41, 76, 'We put a label of each parts box at storage showing address', 2, 0, 1),
	(338, 41, 76, 'We put a diagonal line to show sequence of files at office ', 3, 0, 1),
	(339, 41, 76, '', 4, 0, 0),
	(340, 41, 77, 'To avoid stagnation', 0, 1, 1),
	(341, 41, 77, 'To lessen fatigue of workers', 1, 0, 1),
	(342, 41, 77, 'To achieve clean and safe work environment', 2, 0, 1),
	(343, 41, 77, 'To let operator to work with his/her own pace', 3, 0, 1),
	(344, 41, 77, '', 4, 0, 0),
	(345, 42, 78, 'Wastes relating man/material', 0, 1, 1),
	(346, 42, 78, 'Wastes relating cost/quality', 1, 0, 1),
	(347, 42, 78, 'Wastes relating offices/factories', 2, 0, 1),
	(348, 42, 78, 'Wastes relating money/time', 3, 0, 1),
	(349, 42, 79, 'Defects', 0, 0, 1),
	(350, 42, 79, 'Overproduction', 1, 1, 1),
	(351, 42, 79, 'Transportation', 2, 0, 1),
	(352, 42, 79, 'Waiting', 3, 0, 1),
	(353, 42, 79, '', 4, 0, 0),
	(354, 42, 80, 'Small lot production', 0, 0, 1),
	(355, 42, 80, 'Standard WIP', 1, 0, 1),
	(356, 42, 80, 'Layout change', 2, 1, 1),
	(357, 42, 80, 'FIFO', 3, 0, 1),
	(358, 42, 80, '', 4, 0, 0),
	(359, 42, 81, '5S', 0, 0, 1),
	(360, 42, 81, '3T', 1, 0, 1),
	(361, 42, 81, 'Visual control', 2, 0, 1),
	(362, 42, 81, 'ERP', 3, 1, 1),
	(363, 42, 81, '', 4, 0, 0),
	(364, 42, 82, 'Production planning', 0, 1, 1),
	(365, 42, 82, 'Layout change', 1, 0, 1),
	(366, 42, 82, 'Space reduction between processes', 2, 0, 1),
	(367, 42, 82, 'Increase mobility', 3, 0, 1),
	(368, 42, 82, '', 4, 0, 0),
	(369, 42, 83, 'Line balancing', 0, 0, 1),
	(370, 42, 83, 'Use of Forklifts', 1, 1, 1),
	(371, 42, 83, 'Reduce material shortage', 2, 0, 1),
	(372, 42, 83, 'Multi-skill training', 3, 0, 1),
	(373, 42, 83, '', 4, 0, 0),
	(374, 42, 84, '5S', 0, 0, 1),
	(375, 42, 84, '3T', 1, 0, 1),
	(376, 42, 84, 'Productivity calculation', 2, 1, 1),
	(377, 42, 84, 'Motion analysis', 3, 0, 1),
	(378, 42, 84, '', 4, 0, 0),
	(379, 42, 85, 'Change product specification', 0, 0, 1),
	(380, 42, 85, 'Change manufacturing method', 1, 0, 1),
	(381, 42, 85, 'Change material', 2, 0, 1),
	(382, 42, 85, 'Change Layout', 3, 1, 1),
	(383, 42, 85, '', 4, 0, 0),
	(384, 45, 87, 'It suggests us a niche for strengthen our competitiveness', 0, 1, 1),
	(385, 45, 87, 'It suggests us broader coverage of market', 1, 0, 1),
	(386, 45, 87, 'It suggests us value added positioning', 2, 0, 1),
	(387, 45, 87, 'It suggests us customer values', 3, 0, 1),
	(388, 45, 88, 'The largest target group', 0, 0, 1),
	(389, 45, 88, 'Narrowed target group', 1, 1, 1),
	(390, 45, 88, 'Mixed target group', 2, 0, 1),
	(391, 45, 88, 'Young target group', 3, 0, 1),
	(392, 45, 88, '', 4, 0, 0),
	(398, 45, 90, 'To shorten lead-time', 0, 0, 1),
	(399, 45, 90, 'To evaluate sales performance', 1, 0, 1),
	(400, 45, 90, 'To strengthen our competitiveness', 2, 1, 1),
	(401, 45, 90, 'To calculate productivity', 3, 0, 1),
	(402, 45, 90, '', 4, 0, 0),
	(403, 46, 91, 'Human attitude', 0, 1, 1),
	(404, 46, 91, 'World War 2', 1, 0, 1),
	(405, 46, 91, 'Natural resources', 2, 0, 1),
	(406, 46, 91, 'Foreign currency', 3, 0, 1),
	(407, 46, 92, 'Investing equipment', 0, 0, 1),
	(408, 46, 92, 'Teaming up', 1, 1, 1),
	(409, 46, 92, 'Calling consultants', 2, 0, 1),
	(410, 46, 92, 'Learning by individual', 3, 0, 1),
	(411, 46, 92, '', 4, 0, 0),
	(412, 46, 93, 'Production output 100 t with 5 workers and 5 managers ', 0, 0, 1),
	(413, 46, 93, 'Production output 100 t with 5 workers and 6 managers', 1, 0, 1),
	(414, 46, 93, 'Production output 100 t with 5 workers and 4 managers', 2, 1, 1),
	(415, 46, 93, 'Production output 100 t with 6 workers and 4 managers', 3, 0, 1),
	(416, 46, 93, '', 4, 0, 0),
	(417, 46, 94, 'It creates countermeasures', 0, 0, 1),
	(418, 46, 94, 'It evaluates workers', 1, 0, 1),
	(419, 46, 94, 'It reduces cost', 2, 0, 1),
	(420, 46, 94, 'It motivates people', 3, 1, 1),
	(421, 46, 94, '', 4, 0, 0),
	(422, 46, 95, 'Man, Machine, Material', 0, 1, 1),
	(423, 46, 95, 'Max, Mid, Minimum', 1, 0, 1),
	(424, 46, 95, 'Muri,Muda,Mura', 2, 0, 1),
	(425, 46, 95, 'Multi-Tasking, Multi-Skilled, Multi-Machines', 3, 0, 1),
	(426, 46, 95, '', 4, 0, 0),
	(427, 46, 96, 'Material cost', 0, 0, 1),
	(428, 46, 96, 'Labor cost', 1, 1, 1),
	(429, 46, 96, 'Office rent fee', 2, 0, 1),
	(430, 46, 96, 'Electricity', 3, 0, 1),
	(431, 46, 96, '', 4, 0, 0),
	(432, 46, 97, 'Sales 100 with 10 staff, by purchasing total 50', 0, 0, 1),
	(433, 46, 97, 'Sales 100 with 10 staff, by purchasing total 60', 1, 0, 1),
	(434, 46, 97, 'Sales 100 with 10 staff, by purchasing total 40', 2, 1, 1),
	(435, 46, 97, 'Sales 90 with 10 staff, by purchasing total 50', 3, 0, 1),
	(436, 46, 97, '', 4, 0, 0),
	(437, 46, 98, 'Shipping out products', 0, 0, 1),
	(438, 46, 98, 'Inspection of quality', 1, 0, 1),
	(439, 46, 98, 'Reworking defects', 2, 0, 1),
	(440, 46, 98, 'Painting surface of parts', 3, 1, 1),
	(441, 46, 98, '', 4, 0, 0),
	(442, 41, 99, 'Shortening lead-time', 0, 1, 1),
	(443, 41, 99, 'Marking up sales price', 1, 0, 1),
	(444, 41, 99, 'Reduce labor cost', 2, 0, 1),
	(445, 41, 99, 'Laying off manpower', 3, 0, 1),
	(446, 41, 99, '', 4, 0, 0),
	(447, 41, 100, 'The process where works are most time consuming ', 0, 0, 1),
	(448, 41, 100, 'The process outsourced to other company', 1, 1, 1),
	(449, 41, 100, 'The process where heavy, dirty, unsafe, unpleasant works people hate to work ', 2, 0, 1),
	(450, 41, 100, 'The process where only skilled staffs can maneuver and very difficult recruit them. ', 3, 0, 1),
	(451, 41, 100, '', 4, 0, 0),
	(452, 41, 101, '', 0, 0, 1),
	(453, 41, 101, '', 1, 0, 1),
	(454, 41, 101, '', 2, 1, 1),
	(455, 41, 101, '', 3, 0, 1),
	(456, 41, 101, '', 4, 0, 0),
	(457, 41, 102, 'Breaking down processes into detail', 0, 0, 1),
	(458, 41, 102, 'Take time record many times', 1, 0, 1),
	(459, 41, 102, 'Calculate average cycle time', 2, 0, 1),
	(460, 41, 102, 'Observe an operators very closely', 3, 1, 1),
	(461, 41, 102, '', 4, 0, 0),
	(462, 41, 103, 'Choice of hotel industry', 0, 1, 1),
	(463, 41, 103, 'Use of video taping', 1, 0, 1),
	(464, 41, 103, 'Considering layout in the room', 2, 0, 1),
	(465, 41, 103, 'Focus on time consuming process', 3, 0, 1),
	(466, 41, 103, '', 4, 0, 0),
	(467, 41, 104, 'Balance by shortening  bottleneck  process ', 0, 0, 1),
	(468, 41, 104, 'Balance by purchasing the faster equipment for the fastest process', 1, 1, 1),
	(469, 41, 104, 'Balance by shifting part of the operation of the bottleneck process to another process ', 2, 0, 1),
	(470, 41, 104, 'Balance by appointing experienced operators to heavier burden processes and inexperienced workers to lighter burden processes ', 3, 0, 1),
	(471, 41, 104, '', 4, 0, 0),
	(477, 47, 106, 'There are both top-down and bottom-up issues ', 0, 1, 1),
	(478, 47, 106, 'There is only top-down', 1, 0, 1),
	(479, 47, 106, 'There is only bottom-up', 2, 0, 1),
	(480, 47, 106, 'Expanding market comes from bottom-up issue', 3, 0, 1),
	(481, 47, 107, 'All employees are members of Kaizen committee', 0, 1, 1),
	(482, 47, 107, 'Leaders of Kaizen circle are members', 1, 0, 1),
	(483, 47, 107, 'Top management is the leader', 2, 0, 1),
	(484, 47, 107, '5S and Kaizen committee has same members', 3, 0, 1),
	(485, 47, 107, '', 4, 0, 0),
	(486, 47, 108, 'Reporting Kaizen results', 0, 0, 1),
	(487, 47, 108, 'Showing selling expansion achieved by Kaizen ', 1, 1, 1),
	(488, 47, 108, 'Evaluating Kaizen activities', 2, 0, 1),
	(489, 47, 108, 'Educating and training program of employees', 3, 0, 1),
	(490, 47, 108, '', 4, 0, 0),
	(491, 47, 109, 'Activity to prepare for ISO', 0, 0, 1),
	(492, 47, 109, 'Adjustment of Kaizen activities at factory', 1, 0, 1),
	(493, 47, 109, 'Activity of planning innovation of the company', 2, 0, 1),
	(494, 47, 109, 'Activity of Kaizen teams at worksite', 3, 1, 1),
	(495, 47, 109, '', 4, 0, 0),
	(496, 47, 110, 'TRUE', 0, 0, 1),
	(497, 47, 110, 'FALSE', 1, 1, 1),
	(498, 47, 110, '', 2, 0, 0),
	(499, 47, 110, '', 3, 0, 0),
	(500, 47, 110, '', 4, 0, 0),
	(501, 47, 111, 'Encourage workers to perform Kaizen', 0, 0, 1),
	(502, 47, 111, 'Giving money to good Kaizen ideas', 1, 0, 1),
	(503, 47, 111, 'Stop production to conduct Kaizen', 2, 0, 1),
	(504, 47, 111, 'Saying &quot;Why didnt you do that before if you think it is good to do?&quot;', 3, 1, 1),
	(505, 47, 111, '', 4, 0, 0),
	(506, 47, 112, 'Everyone at workshop attends', 0, 0, 1),
	(507, 47, 112, 'Taking pictures of before and after activity', 1, 0, 1),
	(508, 47, 112, 'Kaizen team holds a regular meeting ', 2, 0, 1),
	(509, 47, 112, 'It is better to separate Kaizen team and QC team for better performance', 3, 1, 1),
	(510, 47, 112, '', 4, 0, 0),
	(511, 47, 113, 'Eliminating Muda (waste)', 0, 0, 1),
	(512, 47, 113, 'Reduce worktime to go home earier', 1, 0, 1),
	(513, 47, 113, 'Reduce tired work', 2, 0, 1),
	(514, 47, 113, 'Investigate customer trends ', 3, 1, 1),
	(515, 47, 113, '', 4, 0, 0),
	(516, 47, 114, 'Kaizen runs with PDCA cycle', 0, 0, 1),
	(517, 47, 114, 'After you P(Plan), then you implement Kaizen. This is D(Do).', 1, 0, 1),
	(518, 47, 114, 'A(Act) means to carry out anaylsis and find root causes to conduct countermeasures', 2, 0, 1),
	(519, 47, 114, 'C(Check) means to go through activitiy and make standards', 3, 1, 1),
	(520, 47, 114, '', 4, 0, 0),
	(521, 47, 115, 'Application of ECRS method', 0, 0, 1),
	(522, 47, 115, 'Results of brainstorming', 1, 0, 1),
	(523, 47, 115, 'Describe \'before\' Kaizen conditions', 2, 1, 1),
	(524, 47, 115, 'Checked by Kaizen committee', 3, 0, 1),
	(525, 47, 115, '', 4, 0, 0),
	(526, 47, 116, 'To motivate employees', 0, 1, 1),
	(527, 47, 116, 'To advertise company that they are conducting Kaizen', 1, 0, 1),
	(528, 47, 116, 'To make honor for prize winners', 2, 0, 1),
	(529, 47, 116, 'To evoke compitetion culture for whole company', 3, 0, 1),
	(530, 47, 116, '', 4, 0, 0),
	(531, 47, 117, 'Equation Profit = Price - Cost is fundamental', 0, 1, 1),
	(532, 47, 117, 'We can sell more by Kaizen, so we can get more profit', 1, 0, 1),
	(533, 47, 117, 'Cost reduction cannot be realized only by Kaizen', 2, 0, 1),
	(534, 47, 117, 'Cost reduction cannot be obtained by eliminating wastes', 3, 0, 1),
	(535, 47, 117, '', 4, 0, 0),
	(536, 47, 118, 'Employees aim to challenge more harder goal', 0, 1, 1),
	(537, 47, 118, 'Employees are eager to get more salary from money saved by Kaizen', 1, 0, 1),
	(538, 47, 118, 'Employees have more commmunications with their manager ', 2, 0, 1),
	(539, 47, 118, 'Employees want to overwork to practice Kaizen', 3, 0, 1),
	(540, 47, 118, '', 4, 0, 0),
	(541, 48, 119, 'We asked our manager to set Kaizen theme', 0, 1, 1),
	(542, 48, 119, 'We adopted ECRS method to get countermeasures ', 1, 0, 1),
	(543, 48, 119, 'We established standards ', 2, 0, 1),
	(544, 48, 119, 'We made an action plan before implementing Kaizen', 3, 0, 1),
	(545, 48, 120, '3Mu is Muda, Muri, Muji', 0, 0, 1),
	(546, 48, 120, 'Transportation of 60kg bag by forklift is Muri', 1, 0, 1),
	(547, 48, 120, 'Muri means overburden', 2, 1, 1),
	(548, 48, 120, 'Carrying 60kg bag by hand is Muda', 3, 0, 1),
	(549, 48, 120, '', 4, 0, 0),
	(550, 48, 121, 'ECRS', 0, 0, 1),
	(551, 48, 121, 'QCDSME', 1, 1, 1),
	(552, 48, 121, 'Five why method', 2, 0, 1),
	(553, 48, 121, 'Brainstorming', 3, 0, 1),
	(554, 48, 121, '', 4, 0, 0),
	(555, 48, 122, 'Carrying 1 ton of burden each time and transport 15 times is Muri', 0, 0, 1),
	(556, 48, 122, 'Carrying 6 ton of burden by a truck is Muda', 1, 0, 1),
	(557, 48, 122, 'Carrying 5 tons of burden each time and transport 3 times is the best way', 2, 1, 1),
	(558, 48, 122, 'Carrying 3 tons of burden each time and transport 5 times is Mura', 3, 0, 1),
	(559, 48, 122, '', 4, 0, 0),
	(560, 48, 123, 'We asked our manager to join in with us', 0, 0, 1),
	(561, 48, 123, 'We advised to speak about his/her idea to a member who is silent', 1, 0, 1),
	(562, 48, 123, 'We checked every opinion and evaluated it before asking for next opinion', 2, 1, 1),
	(563, 48, 123, 'We selected 5 members for each group', 3, 0, 1),
	(564, 48, 123, '', 4, 0, 0),
	(565, 48, 124, 'Five why method', 0, 0, 1),
	(566, 48, 124, '7 QC tools', 1, 0, 1),
	(567, 48, 124, '3S', 2, 1, 1),
	(568, 48, 124, '5S ', 3, 0, 1),
	(569, 48, 124, '', 4, 0, 0),
	(570, 48, 125, 'Sometimes you can find cause without asking all of five whys', 0, 0, 1),
	(571, 48, 125, 'It is a method to dig down to get root cause', 1, 1, 1),
	(572, 48, 125, 'It is a problem solving technique', 2, 0, 1),
	(573, 48, 125, 'It is better to ask more than five whys if you dont find root cause', 3, 0, 1),
	(574, 48, 125, '', 4, 0, 0),
	(575, 48, 126, 'After choosing countermeasures, we draw an action plan', 0, 0, 1),
	(576, 48, 126, 'We use evaluation list to select priority of countermeasues', 1, 0, 1),
	(577, 48, 126, 'We conduct every countermeasures proposed by team discussion', 2, 1, 1),
	(578, 48, 126, 'Each countermeasure is evaluated by points', 3, 0, 1),
	(579, 48, 126, '', 4, 0, 0),
	(580, 48, 127, 'We make standard after confirming results', 0, 0, 1),
	(581, 48, 127, 'Ecomonic effects of saving money is confirmed', 1, 0, 1),
	(582, 48, 127, 'Graphs are shown by before and after Kaizen', 2, 0, 1),
	(583, 48, 127, 'Indirect effects are not shown because we cannot measure them', 3, 1, 1),
	(584, 48, 127, '', 4, 0, 0),
	(585, 49, 128, 'Strenghten', 0, 1, 1),
	(586, 49, 128, 'Shine', 1, 0, 1),
	(587, 49, 128, 'Sustain', 2, 0, 1),
	(588, 49, 128, 'Sort', 3, 0, 1),
	(589, 49, 129, 'Place tools in a toolbox', 0, 0, 1),
	(590, 49, 129, 'Display tools in a cardboard and determine their positions', 1, 1, 1),
	(591, 49, 129, 'Place tools near worksite', 2, 0, 1),
	(592, 49, 129, 'Place tools which are not used frequently at warehouse', 3, 0, 1),
	(593, 49, 129, '', 4, 0, 0),
	(594, 49, 130, 'Put display labels on parts box at storage', 0, 1, 1),
	(595, 49, 130, 'Dispose items since they were not used for one year', 1, 0, 1),
	(596, 49, 130, 'Clean office so that nothing is on the desk', 2, 0, 1),
	(597, 49, 130, 'Determine safety rules at workplace', 3, 0, 1),
	(598, 49, 130, '', 4, 0, 0),
	(599, 49, 131, 'disposing', 0, 0, 1),
	(600, 49, 131, 'cleaning', 1, 1, 1),
	(601, 49, 131, 'creating bottom-up culture at workplace', 2, 0, 1),
	(602, 49, 131, 'measure for moral up of employees', 3, 0, 1),
	(603, 49, 131, '', 4, 0, 0),
	(604, 49, 132, 'To make money', 0, 0, 1),
	(605, 49, 132, 'To establish safety workplace', 1, 0, 1),
	(606, 49, 132, 'To raise customers satisfication to sell more', 2, 1, 1),
	(607, 49, 132, 'To reduce time for searching things', 3, 0, 1),
	(608, 49, 132, '', 4, 0, 0),
	(609, 50, 133, 'Straighten', 0, 1, 1),
	(610, 50, 133, 'Sustain', 1, 0, 1),
	(611, 50, 133, 'Standardize', 2, 0, 1),
	(612, 50, 133, 'Strengthen', 3, 0, 1),
	(613, 50, 134, 'It is used for \'Seiri\'', 0, 1, 1),
	(614, 50, 134, 'It is a method to stick red tag to things which are useful', 1, 0, 1),
	(615, 50, 134, 'It is a warning tag to show shortage of stocks', 2, 0, 1),
	(616, 50, 134, 'It is only used at production line at factory', 3, 0, 1),
	(617, 50, 134, '', 4, 0, 0),
	(618, 50, 135, 'Peel off red tag and use it', 0, 1, 1),
	(619, 50, 135, 'Decide with your boss or manager', 1, 0, 1),
	(620, 50, 135, 'Find another one instead of that item', 2, 0, 1),
	(621, 50, 135, 'After you used it, then attach red tag again', 3, 0, 1),
	(622, 50, 135, '', 4, 0, 0),
	(623, 50, 136, 'Leave it at original position', 0, 0, 1),
	(624, 50, 136, 'Remove it to a temporary storage', 1, 1, 1),
	(625, 50, 136, 'Dispose it at once', 2, 0, 1),
	(626, 50, 136, 'Ask manager for assistance', 3, 0, 1),
	(627, 50, 136, '', 4, 0, 0),
	(628, 50, 137, 'quantity', 0, 1, 1),
	(629, 50, 137, 'quality', 1, 0, 1),
	(630, 50, 137, 'allocation', 2, 0, 1),
	(631, 50, 137, 'appearence', 3, 0, 1),
	(632, 50, 137, '', 4, 0, 0),
	(633, 50, 138, 'Frequently used items are located at height of worker\'s shoulder to waist', 0, 1, 1),
	(634, 50, 138, 'Frequently used items are located near the entrance', 1, 0, 1),
	(635, 50, 138, 'Light (not heavy) items are stored at the top of a shelf', 2, 0, 1),
	(636, 50, 138, 'Items not used frequently are stored on a shelf at back side of warehouse', 3, 0, 1),
	(637, 50, 138, '', 4, 0, 0),
	(638, 50, 139, 'Store inside in your factory', 0, 1, 1),
	(639, 50, 139, 'Store outside of your factory', 1, 0, 1),
	(640, 50, 139, 'Store near your worksite', 2, 0, 1),
	(641, 50, 139, 'Dispose it and purchase new item every three months', 3, 0, 1),
	(642, 50, 139, '', 4, 0, 0),
	(643, 50, 140, 'It shows a point that you will get lack of parts if you dont order', 0, 0, 1),
	(644, 50, 140, 'It shows the last number of corrresponding item which is stored', 1, 1, 1),
	(645, 50, 140, 'A card or tag is used to attach on an item', 2, 0, 1),
	(646, 50, 140, 'Reorder point prevents overstorage of certain parts', 3, 0, 1),
	(647, 50, 140, '', 4, 0, 0),
	(648, 50, 141, 'It shows contents of parts in a box', 0, 0, 1),
	(649, 50, 141, 'It reduces time for searching', 1, 0, 1),
	(650, 50, 141, 'It is easy to put back parts', 2, 0, 1),
	(651, 50, 141, 'It should be seen from far place, for example 10 meters away from it', 3, 1, 1),
	(652, 50, 141, '', 4, 0, 0),
	(653, 50, 142, 'Tools are placed on a board so it is easy to take out', 0, 1, 1),
	(654, 50, 142, 'We separated tools according to usage and put them into different boxes', 1, 0, 1),
	(655, 50, 142, 'Usage of each tool is checked to find if it is actually used or not', 2, 0, 1),
	(656, 50, 142, 'Workers are allowed to bring back easy-to-use tools on the cardboard ', 3, 0, 1),
	(657, 50, 142, '', 4, 0, 0),
	(658, 40, 143, '', 0, 0, 0),
	(659, 40, 143, '', 1, 0, 0),
	(660, 40, 143, '', 2, 0, 0),
	(661, 40, 143, '', 3, 0, 0),
	(662, 40, 143, '', 4, 0, 0),
	(663, 40, 144, 'Select', 0, 0, 1),
	(664, 40, 144, 'Sort', 1, 0, 1),
	(665, 40, 144, 'Strengthen', 2, 0, 1),
	(666, 40, 144, 'Sustain', 3, 1, 1),
	(667, 40, 144, '', 4, 0, 0),
	(668, 40, 145, '', 0, 0, 0),
	(669, 40, 145, '', 1, 0, 0),
	(670, 40, 145, '', 2, 0, 0),
	(671, 40, 145, '', 3, 0, 0),
	(672, 40, 145, '', 4, 0, 0),
	(673, 40, 143, 'Manager patrols workplace periodically', 0, 0, 1),
	(674, 40, 143, 'All workers put back tools to the fixed positions after they used them', 1, 0, 1),
	(675, 40, 143, 'Areas to conduct \'Seiso\'  are not necessary to confirm because everyone does cleaning all over factory', 2, 1, 1),
	(676, 40, 143, 'Chris is assigned to clean storage and his name is displayed on layout map', 3, 0, 1),
	(682, 40, 145, 'Workers follow operation manuals', 0, 0, 1),
	(683, 40, 145, 'Workers obey safetly rules', 1, 0, 1),
	(684, 40, 145, 'Rules are changed by managers', 2, 0, 1),
	(685, 40, 145, 'Everyone must follow discipline even though it doesnt match present status', 3, 1, 1),
	(686, 45, 147, 'Approach current customers', 0, 1, 1),
	(687, 45, 147, 'Find new customers', 1, 0, 1),
	(688, 45, 147, 'Introduce new products', 2, 0, 1),
	(689, 45, 147, 'Split sales persons into group', 3, 0, 1),
	(690, 45, 147, '', 4, 0, 0),
	(691, 45, 148, 'Increase the quantity of selling products', 0, 0, 1),
	(692, 45, 148, 'Investigate operation costs', 1, 1, 1),
	(693, 45, 148, 'Increase price of product', 2, 0, 1),
	(694, 45, 148, 'Introduce new products', 3, 0, 1),
	(695, 45, 148, '', 4, 0, 0),
	(696, 45, 149, 'Visit-Offer-Revisit', 0, 0, 1),
	(697, 45, 149, 'List-Call- Offer', 1, 0, 1),
	(698, 45, 149, 'List-Visit-Offer', 2, 1, 1),
	(699, 45, 149, 'Call-Call-Call', 3, 0, 1),
	(700, 45, 149, '', 4, 0, 0),
	(701, 45, 150, 'Everyone can be skilled for sales', 0, 0, 1),
	(702, 45, 150, 'Everyone can demonstrate one\'s performance', 1, 0, 1),
	(703, 45, 150, 'Everyone can evaluate others', 2, 0, 1),
	(704, 45, 150, 'Everyone can share information', 3, 1, 1),
	(705, 45, 150, '', 4, 0, 0),
	(706, 45, 151, 'Seiri', 0, 0, 1),
	(707, 45, 151, 'Segmentations', 1, 1, 1),
	(708, 45, 151, 'Strengthen', 2, 0, 1),
	(709, 45, 151, 'Strategies', 3, 0, 1),
	(710, 45, 151, '', 4, 0, 0),
	(711, 45, 152, 'Positioning', 0, 0, 1),
	(712, 45, 152, 'Place', 1, 1, 1),
	(713, 45, 152, 'Planning', 2, 0, 1),
	(714, 45, 152, 'Priority', 3, 0, 1),
	(715, 45, 152, '', 4, 0, 0),
	(716, 45, 153, 'We focus on market where our company has strength', 0, 1, 1),
	(717, 45, 153, 'We widely investigate market where we can obtain new customers', 1, 0, 1),
	(718, 45, 153, 'We focus on competiters to see what their targets are', 2, 0, 1),
	(719, 45, 153, 'We focus on strong relationship with exsisting customers', 3, 0, 1),
	(720, 45, 153, '', 4, 0, 0),
	(721, 45, 154, 'View from customer\'s side', 0, 0, 1),
	(722, 45, 154, 'Make a positioning map to compare with competitors', 1, 0, 1),
	(723, 45, 154, 'KBF(Key Buying Factor) is used for positioning map', 2, 0, 1),
	(724, 45, 154, 'If there are many competitors, it means that product is common', 3, 1, 1),
	(725, 45, 154, '', 4, 0, 0),
	(726, 45, 155, 'exsisting', 0, 1, 1),
	(727, 45, 155, 'traditional', 1, 0, 1),
	(728, 45, 155, 'largest ', 2, 0, 1),
	(729, 45, 155, 'most important', 3, 0, 1),
	(730, 45, 155, '', 4, 0, 0),
	(731, 45, 156, 'Sales promotion is necessary', 0, 0, 1),
	(732, 45, 156, 'Aquiring cost is double compared to customers which are familiar with your product', 1, 1, 1),
	(733, 45, 156, 'Market survey is necessary', 2, 0, 1),
	(734, 45, 156, 'Need to list up new customers', 3, 0, 1),
	(735, 45, 156, '', 4, 0, 0),
	(736, 45, 157, 'You should not increase unit price', 0, 1, 1),
	(737, 45, 157, 'Give them volume discount', 1, 0, 1),
	(738, 45, 157, 'Expand sales to another department of same company', 2, 0, 1),
	(739, 45, 157, 'On time delivery and after-service are important', 3, 0, 1),
	(740, 45, 157, '', 4, 0, 0),
	(741, 45, 158, 'Give them big discount ', 0, 1, 1),
	(742, 45, 158, 'Perform in-store sales promotion', 1, 0, 1),
	(743, 45, 158, 'Utilize Internet advertisement', 2, 0, 1),
	(744, 45, 158, 'Visit new customers to hear their problems ', 3, 0, 1),
	(745, 45, 158, '', 4, 0, 0),
	(746, 45, 159, 'He/she travels to visit customers', 0, 0, 1),
	(747, 45, 159, 'He/she writes sales meeting record', 1, 0, 1),
	(748, 45, 159, 'Sales talk is entrusted to individual owing to his/her experience', 2, 1, 1),
	(749, 45, 159, 'He/she uses Internet to get appointment', 3, 0, 1),
	(750, 45, 159, '', 4, 0, 0);
/*!40000 ALTER TABLE `tbl_quiz_query_selection` ENABLE KEYS */;

-- Dumping structure for table kaizen.tbl_quiz_target_access_restriction
CREATE TABLE IF NOT EXISTS `tbl_quiz_target_access_restriction` (
  `quiz_target_id` int(10) unsigned NOT NULL COMMENT '',
  `quiz_id` int(10) unsigned NOT NULL COMMENT '',
  `grade_id` int(10) unsigned DEFAULT NULL COMMENT '',
  `classroom_id` int(10) unsigned DEFAULT NULL COMMENT '',
  `course_id` int(10) unsigned DEFAULT NULL COMMENT '',
  PRIMARY KEY (`quiz_target_id`),
  KEY `grade_id` (`grade_id`),
  KEY `classroom_id` (`classroom_id`),
  KEY `course_id` (`course_id`),
  KEY `cbt_id_UNIQUE` (`quiz_id`),
  CONSTRAINT `tbl_quiz_target_access_restriction_ibfk_1` FOREIGN KEY (`quiz_id`) REFERENCES `tbl_quiz` (`quiz_id`)
) ENGINE=InnoDB DEFAULT CHARSET=utf8 COMMENT='';

-- Dumping data for table kaizen.tbl_quiz_target_access_restriction: ~0 rows (approximately)
DELETE FROM `tbl_quiz_target_access_restriction`;
/*!40000 ALTER TABLE `tbl_quiz_target_access_restriction` DISABLE KEYS */;
/*!40000 ALTER TABLE `tbl_quiz_target_access_restriction` ENABLE KEYS */;

-- Dumping structure for table kaizen.tbl_quiz_target_range_common
CREATE TABLE IF NOT EXISTS `tbl_quiz_target_range_common` (
  `common_target_range_id` int(10) unsigned NOT NULL,
  `quiz_id` int(10) unsigned NOT NULL,
  `contents_category_id` tinyint(4) unsigned NOT NULL,
  `common_subject_id` int(10) unsigned NOT NULL,
  `common_subject_section_id` int(10) unsigned DEFAULT NULL,
  `common_contents_id` int(10) unsigned DEFAULT NULL,
  PRIMARY KEY (`common_target_range_id`),
  KEY `quiz_id` (`quiz_id`),
  KEY `contents_category_id` (`contents_category_id`),
  KEY `subject_id` (`common_subject_id`),
  KEY `subject_section_id` (`common_subject_section_id`),
  KEY `contents_id` (`common_contents_id`),
  CONSTRAINT `tbl_quiz_target_range_common_ibfk_1` FOREIGN KEY (`quiz_id`) REFERENCES `tbl_quiz` (`quiz_id`),
  CONSTRAINT `tbl_quiz_target_range_common_ibfk_2` FOREIGN KEY (`contents_category_id`) REFERENCES `mst_contents_category` (`contents_category_id`),
  CONSTRAINT `tbl_quiz_target_range_common_ibfk_3` FOREIGN KEY (`common_subject_id`) REFERENCES `tbl_common_subject_bk` (`common_subject_id`),
  CONSTRAINT `tbl_quiz_target_range_common_ibfk_4` FOREIGN KEY (`common_subject_section_id`) REFERENCES `tbl_common_subject_section_bk` (`common_subject_section_id`),
  CONSTRAINT `tbl_quiz_target_range_common_ibfk_5` FOREIGN KEY (`common_contents_id`) REFERENCES `tbl_common_contents_bk` (`common_contents_id`)
) ENGINE=InnoDB DEFAULT CHARSET=utf8 COLLATE=utf8_bin;

-- Dumping data for table kaizen.tbl_quiz_target_range_common: ~0 rows (approximately)
DELETE FROM `tbl_quiz_target_range_common`;
/*!40000 ALTER TABLE `tbl_quiz_target_range_common` DISABLE KEYS */;
/*!40000 ALTER TABLE `tbl_quiz_target_range_common` ENABLE KEYS */;

-- Dumping structure for table kaizen.tbl_quiz_target_range_school
CREATE TABLE IF NOT EXISTS `tbl_quiz_target_range_school` (
  `school_target_range_id` int(10) unsigned NOT NULL AUTO_INCREMENT,
  `quiz_id` int(10) unsigned NOT NULL,
  `contents_category_id` tinyint(4) unsigned NOT NULL,
  `subject_genre_id` int(10) unsigned NOT NULL,
  `subject_section_id` int(10) unsigned DEFAULT NULL,
  `school_contents_id` int(10) unsigned DEFAULT NULL,
  PRIMARY KEY (`school_target_range_id`),
  KEY `quiz_id` (`quiz_id`),
  KEY `contents_category_id` (`contents_category_id`),
  KEY `subject_id` (`subject_genre_id`),
  KEY `subject_section_id` (`subject_section_id`),
  KEY `school_contents_id` (`school_contents_id`),
  CONSTRAINT `tbl_quiz_target_range_school_ibfk_1` FOREIGN KEY (`quiz_id`) REFERENCES `tbl_quiz` (`quiz_id`),
  CONSTRAINT `tbl_quiz_target_range_school_ibfk_2` FOREIGN KEY (`contents_category_id`) REFERENCES `mst_contents_category` (`contents_category_id`),
  CONSTRAINT `tbl_quiz_target_range_school_ibfk_3` FOREIGN KEY (`subject_genre_id`) REFERENCES `tbl_subject_genre` (`subject_genre_id`),
  CONSTRAINT `tbl_quiz_target_range_school_ibfk_4` FOREIGN KEY (`subject_section_id`) REFERENCES `tbl_subject_section` (`subject_section_id`),
  CONSTRAINT `tbl_quiz_target_range_school_ibfk_5` FOREIGN KEY (`school_contents_id`) REFERENCES `tbl_school_contents_bk` (`school_contents_id`)
) ENGINE=InnoDB DEFAULT CHARSET=utf8 COLLATE=utf8_bin;

-- Dumping data for table kaizen.tbl_quiz_target_range_school: ~0 rows (approximately)
DELETE FROM `tbl_quiz_target_range_school`;
/*!40000 ALTER TABLE `tbl_quiz_target_range_school` DISABLE KEYS */;
/*!40000 ALTER TABLE `tbl_quiz_target_range_school` ENABLE KEYS */;

-- Dumping structure for table kaizen.tbl_school
CREATE TABLE IF NOT EXISTS `tbl_school` (
  `school_id` int(10) unsigned NOT NULL AUTO_INCREMENT,
  `school_name` varchar(255) COLLATE utf8_bin NOT NULL,
  `call_sign` char(3) COLLATE utf8_bin NOT NULL,
  `max_id_of_admin` int(10) unsigned NOT NULL DEFAULT '0',
  `max_id_of_teacher` int(10) unsigned NOT NULL DEFAULT '0',
  `max_id_of_student` int(10) unsigned NOT NULL DEFAULT '0',
  `max_school_contents_total_giga_byte` bigint(20) unsigned NOT NULL DEFAULT '0',
  `enable` tinyint(3) unsigned NOT NULL DEFAULT '1',
  `display_order` int(10) unsigned DEFAULT NULL,
  PRIMARY KEY (`school_id`),
  UNIQUE KEY `call_sign` (`call_sign`),
  UNIQUE KEY `display_order` (`display_order`),
  KEY `enable` (`enable`),
  CONSTRAINT `tbl_school_ibfk_1` FOREIGN KEY (`enable`) REFERENCES `mst_boolean` (`boolean_id`),
  CONSTRAINT `tbl_school_ibfk_2` FOREIGN KEY (`display_order`) REFERENCES `tbl_school` (`school_id`)
) ENGINE=InnoDB AUTO_INCREMENT=2 DEFAULT CHARSET=utf8 COLLATE=utf8_bin;

-- Dumping data for table kaizen.tbl_school: ~1 rows (approximately)
DELETE FROM `tbl_school`;
/*!40000 ALTER TABLE `tbl_school` DISABLE KEYS */;
INSERT INTO `tbl_school` (`school_id`, `school_name`, `call_sign`, `max_id_of_admin`, `max_id_of_teacher`, `max_id_of_student`, `max_school_contents_total_giga_byte`, `enable`, `display_order`) VALUES
	(1, 'kaizen', 'kai', 10, 30, 1000, 0, 1, 1);
/*!40000 ALTER TABLE `tbl_school` ENABLE KEYS */;

-- Dumping structure for table kaizen.tbl_school_access_restriction_bk
CREATE TABLE IF NOT EXISTS `tbl_school_access_restriction_bk` (
  `school_access_restriction_id` int(10) unsigned NOT NULL,
  `subject_section_id` int(10) unsigned NOT NULL,
  `grade_enable` tinyint(3) unsigned NOT NULL,
  `classroom_enable` tinyint(3) unsigned NOT NULL,
  `course_enable` tinyint(3) unsigned NOT NULL,
  PRIMARY KEY (`school_access_restriction_id`),
  KEY `subject_section_id` (`subject_section_id`),
  KEY `grade_enable` (`grade_enable`),
  KEY `classroom_enable` (`classroom_enable`),
  KEY `course_enable` (`course_enable`),
  CONSTRAINT `tbl_school_access_restriction_bk_ibfk_1` FOREIGN KEY (`subject_section_id`) REFERENCES `tbl_subject_section` (`subject_section_id`),
  CONSTRAINT `tbl_school_access_restriction_bk_ibfk_2` FOREIGN KEY (`grade_enable`) REFERENCES `mst_boolean` (`boolean_id`),
  CONSTRAINT `tbl_school_access_restriction_bk_ibfk_3` FOREIGN KEY (`classroom_enable`) REFERENCES `mst_boolean` (`boolean_id`),
  CONSTRAINT `tbl_school_access_restriction_bk_ibfk_4` FOREIGN KEY (`course_enable`) REFERENCES `mst_boolean` (`boolean_id`)
) ENGINE=InnoDB DEFAULT CHARSET=utf8 COLLATE=utf8_bin;

-- Dumping data for table kaizen.tbl_school_access_restriction_bk: ~0 rows (approximately)
DELETE FROM `tbl_school_access_restriction_bk`;
/*!40000 ALTER TABLE `tbl_school_access_restriction_bk` DISABLE KEYS */;
/*!40000 ALTER TABLE `tbl_school_access_restriction_bk` ENABLE KEYS */;

-- Dumping structure for table kaizen.tbl_school_access_restriction_classroom_bk
CREATE TABLE IF NOT EXISTS `tbl_school_access_restriction_classroom_bk` (
  `school_access_restriction_id` int(10) unsigned NOT NULL,
  `classroom_id` int(10) unsigned NOT NULL,
  PRIMARY KEY (`school_access_restriction_id`,`classroom_id`),
  KEY `classroom_id` (`classroom_id`),
  CONSTRAINT `tbl_school_access_restriction_classroom_bk_ibfk_1` FOREIGN KEY (`school_access_restriction_id`) REFERENCES `tbl_school_access_restriction_bk` (`school_access_restriction_id`),
  CONSTRAINT `tbl_school_access_restriction_classroom_bk_ibfk_2` FOREIGN KEY (`classroom_id`) REFERENCES `tbl_classroom` (`classroom_id`)
) ENGINE=InnoDB DEFAULT CHARSET=utf8 COLLATE=utf8_bin;

-- Dumping data for table kaizen.tbl_school_access_restriction_classroom_bk: ~0 rows (approximately)
DELETE FROM `tbl_school_access_restriction_classroom_bk`;
/*!40000 ALTER TABLE `tbl_school_access_restriction_classroom_bk` DISABLE KEYS */;
/*!40000 ALTER TABLE `tbl_school_access_restriction_classroom_bk` ENABLE KEYS */;

-- Dumping structure for table kaizen.tbl_school_access_restriction_course_bk
CREATE TABLE IF NOT EXISTS `tbl_school_access_restriction_course_bk` (
  `school_access_restriction_id` int(10) unsigned NOT NULL,
  `course_id` int(10) unsigned NOT NULL,
  PRIMARY KEY (`school_access_restriction_id`,`course_id`),
  KEY `course_id` (`course_id`),
  CONSTRAINT `tbl_school_access_restriction_course_bk_ibfk_1` FOREIGN KEY (`school_access_restriction_id`) REFERENCES `tbl_school_access_restriction_bk` (`school_access_restriction_id`),
  CONSTRAINT `tbl_school_access_restriction_course_bk_ibfk_2` FOREIGN KEY (`course_id`) REFERENCES `tbl_course` (`course_id`)
) ENGINE=InnoDB DEFAULT CHARSET=utf8 COLLATE=utf8_bin;

-- Dumping data for table kaizen.tbl_school_access_restriction_course_bk: ~0 rows (approximately)
DELETE FROM `tbl_school_access_restriction_course_bk`;
/*!40000 ALTER TABLE `tbl_school_access_restriction_course_bk` DISABLE KEYS */;
/*!40000 ALTER TABLE `tbl_school_access_restriction_course_bk` ENABLE KEYS */;

-- Dumping structure for table kaizen.tbl_school_access_restriction_grade_bk
CREATE TABLE IF NOT EXISTS `tbl_school_access_restriction_grade_bk` (
  `school_access_restriction_id` int(10) unsigned NOT NULL,
  `grade_id` int(10) unsigned NOT NULL,
  `subsection_id` int(10) unsigned NOT NULL,
  PRIMARY KEY (`school_access_restriction_id`,`grade_id`),
  KEY `grade_id` (`grade_id`),
  CONSTRAINT `tbl_school_access_restriction_grade_bk_ibfk_1` FOREIGN KEY (`school_access_restriction_id`) REFERENCES `tbl_school_access_restriction_bk` (`school_access_restriction_id`),
  CONSTRAINT `tbl_school_access_restriction_grade_bk_ibfk_2` FOREIGN KEY (`grade_id`) REFERENCES `tbl_grade` (`grade_id`)
) ENGINE=InnoDB DEFAULT CHARSET=utf8 COLLATE=utf8_bin;

-- Dumping data for table kaizen.tbl_school_access_restriction_grade_bk: ~0 rows (approximately)
DELETE FROM `tbl_school_access_restriction_grade_bk`;
/*!40000 ALTER TABLE `tbl_school_access_restriction_grade_bk` DISABLE KEYS */;
/*!40000 ALTER TABLE `tbl_school_access_restriction_grade_bk` ENABLE KEYS */;

-- Dumping structure for table kaizen.tbl_school_contents_bk
CREATE TABLE IF NOT EXISTS `tbl_school_contents_bk` (
  `school_contents_id` int(10) unsigned NOT NULL,
  `contents_category_id` tinyint(3) unsigned NOT NULL DEFAULT '1',
  `subject_section_id` int(10) unsigned NOT NULL,
  `school_contents_name` varchar(255) COLLATE utf8_bin NOT NULL,
  `comment` varchar(255) COLLATE utf8_bin NOT NULL,
  `first_day` date DEFAULT NULL,
  `last_day` date DEFAULT NULL,
  `file_name` varchar(255) COLLATE utf8_bin NOT NULL,
  `user_level_id` int(10) unsigned DEFAULT NULL,
  `teacher_id` int(10) unsigned DEFAULT NULL,
  `contents_extension_id` tinyint(3) unsigned NOT NULL,
  `size` int(10) unsigned NOT NULL,
  `enable` tinyint(3) unsigned NOT NULL DEFAULT '1',
  `display_order` int(10) unsigned DEFAULT NULL,
  PRIMARY KEY (`school_contents_id`),
  UNIQUE KEY `display_order` (`display_order`),
  KEY `subject_section_id` (`subject_section_id`),
  KEY `contents_extension_id` (`contents_extension_id`),
  KEY `enable` (`enable`),
  KEY `registered_person_id` (`teacher_id`),
  KEY `FK_tbl_school_contents_mst_contents_category` (`contents_category_id`)
) ENGINE=InnoDB DEFAULT CHARSET=utf8 COLLATE=utf8_bin;

-- Dumping data for table kaizen.tbl_school_contents_bk: ~0 rows (approximately)
DELETE FROM `tbl_school_contents_bk`;
/*!40000 ALTER TABLE `tbl_school_contents_bk` DISABLE KEYS */;
/*!40000 ALTER TABLE `tbl_school_contents_bk` ENABLE KEYS */;

-- Dumping structure for table kaizen.tbl_student
CREATE TABLE IF NOT EXISTS `tbl_student` (
  `student_id` int(10) unsigned NOT NULL AUTO_INCREMENT,
  `school_id` int(10) unsigned NOT NULL,
  `student_code` varchar(255) COLLATE utf8_bin NOT NULL,
  `student_name` varchar(255) COLLATE utf8_bin NOT NULL,
  `joining` tinyint(3) unsigned NOT NULL DEFAULT '1',
  `id` varchar(255) COLLATE utf8_bin DEFAULT NULL,
  `password` varchar(255) COLLATE utf8_bin NOT NULL,
  `access_code` varchar(255) COLLATE utf8_bin DEFAULT NULL,
  `access_datetime` datetime DEFAULT NULL,
  `bit_subject` varchar(1000) COLLATE utf8_bin NOT NULL DEFAULT '0',
  `enable` tinyint(3) unsigned NOT NULL,
  `display_order` int(10) unsigned DEFAULT NULL,
  PRIMARY KEY (`student_id`)
) ENGINE=InnoDB AUTO_INCREMENT=80 DEFAULT CHARSET=utf8 COLLATE=utf8_bin;

-- Dumping data for table kaizen.tbl_student: ~65 rows (approximately)
DELETE FROM `tbl_student`;
/*!40000 ALTER TABLE `tbl_student` DISABLE KEYS */;
INSERT INTO `tbl_student` (`student_id`, `school_id`, `student_code`, `student_name`, `joining`, `id`, `password`, `access_code`, `access_datetime`, `bit_subject`, `enable`, `display_order`) VALUES
	(15, 1, '', 'kjsstudent1', 1, '8Cvpri/8lP0gwIq0rLiqFDFQV+13ItR/I2TBdnzKmek=', 'txB+mTpwwVqH3ASXoVzra0b8ZhZQ5NsUSER69tvfrPc=', NULL, '2020-02-05 02:48:40', '3', 1, 15),
	(16, 1, '', 'test account', 1, 'rcvQZCIJkF+T3UUo21PtiA==', '/xHd/0I/Bv+/qvNz5eoqiQ==', NULL, '2020-02-05 07:11:58', 'c', 1, 16),
	(17, 1, '', 'test', 1, 'nuvzFdYQ/w8QmAg2ISSSrQ==', 'lzmD3ckvD639h8XCgBYFgg==', NULL, '2020-01-20 02:02:01', '3', 1, 17),
	(18, 1, '', 'test2', 1, 'e79ucJFb5MidTxzB1REZtA==', '1rtPtkA/VszFdKVLCyYJvA==', NULL, '2020-02-05 04:48:01', '3', 1, 18),
	(19, 1, '', 'demo01', 1, 'bJPRWnsyFs+BDXNlOEG9NQ==', 'cd+y63/A+YIHyi/hsEL3oQ==', NULL, NULL, '3', 1, 19),
	(20, 1, '', 'demo02', 1, 'IQnc3IYS16oyWpMCI9JEbQ==', 'xlJofpjNTSxNWTZgeO9lmw==', NULL, NULL, '3', 1, 20),
	(21, 1, '', 'demo03', 1, '526QubETvLICqafIm+U58A==', 'RiHLjtuv3kJTadJ409cV+A==', NULL, NULL, '3', 1, 21),
	(22, 1, '', 'demo04', 1, 'gPUAxgSE87L/CkctA1pgxQ==', 'ZctcDbO6QAaEPihrrWcaAA==', NULL, NULL, '3', 1, 22),
	(23, 1, '', 'demo05', 1, 'YRJsEs5FqCHpJKeqo5em7Q==', 'd4hqxi1ay+MR5ye3bNzegg==', NULL, NULL, '3', 1, 23),
	(24, 1, '', 'demo06', 1, 'MrNrb/0F+dJg8QAW0XBkNQ==', 'JK70FaQ01Q+EzldQolsjtA==', NULL, NULL, '3', 1, 24),
	(25, 1, '', 'demo07', 1, 'Sylqr7pyOJiECxlivX8B2w==', 'Z5VNn3C0EmCq0JGz5PKiaQ==', NULL, NULL, '3', 1, 25),
	(26, 1, '', 'demo08', 1, 'OKDSuEXpLK0AXNBdanj7yg==', 'PLBp7zSAR21yBJxQ1/lBug==', NULL, NULL, '3', 1, 26),
	(27, 1, '', 'demo09', 1, 'VwpCIPw/5grULMcn5I4cLw==', '2X1RyKiBr3pqBlAAO7tEbA==', NULL, NULL, '3', 1, 27),
	(28, 1, '', 'demo10', 1, 'zD0EJCvLCAMVlZceFKSclA==', 'V72fQv8TM43sw/YZ9ZSzFA==', NULL, NULL, '3', 1, 28),
	(29, 1, '', 'demo11', 1, 'MO7ZDsQur9P3UbNDaSwd3A==', 'cg0vJi+IPTEwnpcfqtg9iA==', NULL, NULL, '3', 1, 29),
	(30, 1, '', 'demo12', 1, '8wz6+bFgYAbTDbYNV2EjUA==', 'Ox452dC8ataMWgp4RnItCQ==', NULL, NULL, '3', 1, 30),
	(31, 1, '', 'demo13', 1, 'YhaoGvZSgU3lletnNk/R5g==', '3RnhH+hToSVOx5nf3T19ng==', NULL, NULL, '3', 1, 31),
	(32, 1, '', 'demo14', 1, 'LKfNhJ2CkhTUmK+VakLDGQ==', 'j/3TgVMjVkByV5jv0ConlA==', NULL, NULL, '3', 1, 32),
	(33, 1, '', 'demo15', 1, 'cAcCdbWmgOVXzt7h955MRw==', 'Pvk6FoESGiI9rXBGcD4J/g==', NULL, NULL, '3', 1, 33),
	(34, 1, '', 'demo16', 1, 'jiloykZTMDAPUxYidgwbTQ==', '7bIbjgkcHoZOxsjT8MbGBA==', NULL, NULL, '3', 1, 34),
	(35, 1, '', 'demo17', 1, 'j8B/TrJHOMCRYj8m3daAZw==', 's/fz8hpy4V5TzGPxYejdKA==', NULL, NULL, '3', 1, 35),
	(36, 1, '', 'demo18', 1, 'QvsBGWQ0C+rnWP/HNTGeWA==', '9gSATcmx6QGsCkmt+wq8Bw==', NULL, NULL, '3', 1, 36),
	(37, 1, '', 'demo19', 1, 'aYiRfemmHK4qo/EujWANuA==', 'Gocgxkt91jRjBiPSFNmwQQ==', NULL, NULL, '3', 1, 37),
	(38, 1, '', 'demo20', 1, '1IXtGtI/LsCfVJnd7rYpYQ==', 'IkCdZA1ES3j+Wg0qk1PiJQ==', NULL, NULL, '3', 1, 38),
	(39, 1, '', 'demo21', 1, 'lMDbtoSvQrrEP8/ykEKB1g==', 'LqQfweIdR0KCrVRM7/JqYA==', NULL, NULL, '3', 1, 39),
	(40, 1, '', 'demo22', 1, 'Cvs83VOzh1pC3LGZtfjDKg==', 'byVdfVmj6y1+mEFpwC66KQ==', NULL, NULL, '3', 1, 40),
	(41, 1, '', 'demo23', 1, 'bRHNISajZV2z7617AZPsrQ==', '3iwb3FClfBbjv1QmvwBerw==', NULL, NULL, '3', 1, 41),
	(42, 1, '', 'demo24', 1, 's7hv42N0cVVb7zQYXKbtdg==', 'B+/kEKV3DLRgjmA+Z/bJzg==', NULL, NULL, '3', 1, 42),
	(43, 1, '', 'demo25', 1, 'EYw2YxQhJCxG7yfVVkZPNg==', '9vV5tXr+YMtykMXNk4cYuQ==', NULL, NULL, '3', 1, 43),
	(44, 1, '', 'demo26', 1, 'JobNg0B5I06d5Ai6XaZT6Q==', 'aZSEQ28IU4pN15MiJCe5xw==', NULL, NULL, '3', 1, 44),
	(45, 1, '', 'demo27', 1, 'SY4GF03cbKtSUCSjrEPaHg==', 'CRfkCU4WerFB5TMBvEPjxw==', NULL, NULL, '3', 1, 45),
	(46, 1, '', 'demo28', 1, 'ileScMu1lMK6qu/Mj0W5xQ==', 'yxjoSTlYdIgDXP30jAkF4A==', NULL, NULL, '3', 1, 46),
	(47, 1, '', 'demo29', 1, 'lPeoas88CKrhpWv/nnv4BA==', 'JZqbe5HUbYeH847uvaZyBQ==', NULL, NULL, '3', 1, 47),
	(48, 1, '', 'demo30', 1, '73Cn1n5AD3n7VvJN25IH/g==', 'mf9Ko3xI4kRgTBrm3PHM3w==', NULL, NULL, '3', 1, 48),
	(49, 1, '', 'demo31', 1, 'ExRAiwliK8yH3GUMYa+30Q==', 'bmi3y0m0YQmuJDhzC398Og==', NULL, NULL, '3', 1, 49),
	(50, 1, '', 'demo32', 1, 'mYtQQMDqlGzZTjw9cgZv0g==', 'lj7srcEKpe6Q/eRymWbH2Q==', NULL, NULL, '3', 1, 50),
	(51, 1, '', 'demo33', 1, 'K8npqAQoRJb1teKdMmEpYQ==', 'KQOAwC+uIuGTStcxmkJgiQ==', NULL, NULL, '3', 1, 51),
	(52, 1, '', 'demo34', 1, '5AmVeUmQhNyH+VBjp3jMOQ==', 'ZSMsvaaqwEpDRdxu0HyJew==', NULL, NULL, '3', 1, 52),
	(53, 1, '', 'demo35', 1, 'T9pmChv9bsOPgpAKyqDsCQ==', 'P4ecfCPzYf/YNggz52fojA==', NULL, NULL, '3', 1, 53),
	(54, 1, '', 'demo36', 1, '2tRKEwvskQoF4n/mlP+4KQ==', 'C5kGeHUv5xX2VUTNhB8RGA==', NULL, NULL, '3', 1, 54),
	(55, 1, '', 'demo37', 1, 'H4atyI63GBuWJlqseLtzIQ==', 'irWJH7yq97Xtbnq2O0TMVA==', NULL, NULL, '3', 1, 55),
	(56, 1, '', 'demo38', 1, 'u/kLBGO1bdpqaUUZKnlqMQ==', 'BdCB66ciiu4s2sKtqc30Eg==', NULL, NULL, '3', 1, 56),
	(57, 1, '', 'demo39', 1, 'FDOtU/zwsUR6XkhJtcjcQg==', 'OY3rlj1t7Qb0VXGldSao9Q==', NULL, NULL, '3', 1, 57),
	(58, 1, '', 'demo40', 1, 'dfUYkl8VGZxiI3aya/wlLw==', 'MybNfNSv68bJBzWwDJHb0w==', NULL, NULL, '3', 1, 58),
	(59, 1, '', 'demo41', 1, 'x8BChlOf4SpBcGmPGHh+PA==', '6eLyT2MWOYk1vdz/gB+9cQ==', NULL, NULL, '3', 1, 59),
	(60, 1, '', 'demo42', 1, 'MqhqcwB1Ios1hFqSOxTFLA==', '93cYdnzoJWi1TZrOLrbQ8g==', NULL, NULL, '3', 1, 60),
	(61, 1, '', 'demo43', 1, '9TpRUTg9Ul38jTe00NRyOA==', 'D1cajPTI7KiVBHKSkX5MAw==', NULL, NULL, '3', 1, 61),
	(62, 1, '', 'demo44', 1, 'iCpfZ0h1aEEDRDgNJR2FTg==', '15vi1W2RVmERHOBPiY+Jqg==', NULL, NULL, '3', 1, 62),
	(63, 1, '', 'demo45', 1, '+TfomL20lC/6ZjMZ+CgCyA==', 'gD+mlNk5kpnu3rrwYqsB5w==', NULL, NULL, '3', 1, 63),
	(64, 1, '', 'demo46', 1, 'wTmG45eH9yMJ/WJQavDXaQ==', '/iAd3LtdgOlYOLoCXFbF0g==', NULL, NULL, '3', 1, 64),
	(65, 1, '', 'demo47', 1, 'DP9GOw6r8n3XsW9yECv6PA==', '9ACTZxlBjHKdmjx7ONv/eA==', NULL, NULL, '3', 1, 65),
	(66, 1, '', 'demo48', 1, 'OVm1MdcmYJPlbyKwIMRcyw==', 'mzPb6x/DuFvPUux+ChuxSg==', NULL, NULL, '3', 1, 66),
	(67, 1, '', 'demo49', 1, 'MVSJe6lW4yC0BpVSn6+TSg==', 'bIsRcmBCV2vH1rJ13iAkOQ==', NULL, NULL, '3', 1, 67),
	(68, 1, '', 'demo50', 1, '+o0fTOssXM6l5mnue+g+gA==', 'zTMnJdEdmwSvTrgt8yx7aQ==', NULL, NULL, '3', 1, 68),
	(69, 1, '', 'demo51', 1, 'pBc4fFMhIvq9PrbQ/t0nuQ==', '6QbYhv3T4CkeHSvzkZtmOA==', NULL, NULL, '3', 1, 69),
	(70, 1, '', 'demo52', 1, 'zgUXUoQsuCOl7SeBNnBP3w==', 'Wz0I6Sk0Dfs8G9UEAHwiCA==', NULL, NULL, '3', 1, 70),
	(71, 1, '', 'demo53', 1, 'uQhvq7Mm60EqfX/JxCFHgA==', 'IpAG+xrjr5aMVDVX/nqJIA==', NULL, NULL, '3', 1, 71),
	(72, 1, '', 'demo54', 1, 'zKHP+okHqV341IgzLe9Slw==', 'uurWFc6yNccHdwkKdtTb+A==', NULL, NULL, '3', 1, 72),
	(73, 1, '', 'demo55', 1, 'T1n1fFVVF45YwrLfRbWyhg==', 'INhNZj/GvkU3gH/+KRl3tg==', NULL, NULL, '3', 1, 73),
	(74, 1, '', 'demo56', 1, '5IDvzQLvMUp6tdVaRTckSA==', 'bd2Fd7bmjMZj5EG0UaNxJQ==', NULL, NULL, '3', 1, 74),
	(75, 1, '', 'demo57', 1, '0H9dHlIUq7mILaM5/ujX5Q==', '4L9X4iBZXWVxn0VgW7H1bg==', NULL, NULL, '3', 1, 75),
	(76, 1, '', 'demo58', 1, 'YtOjbSufgr/TaTTDkrZfBQ==', 'jrC2aVKWgAonpyTrMNmcDA==', NULL, NULL, '3', 1, 76),
	(77, 1, '', 'demo59', 1, 'fN+9gHrNqkuhCdaXKgXG5g==', 'cYsVKkdEXfASU31/CzVVCA==', NULL, NULL, '3', 1, 77),
	(78, 1, '', 'demo60', 1, 'mb9b/IYxZqlQMNE+hLQubQ==', 'RhDmVmjGtqzl+H0YhXsLiw==', NULL, NULL, '3', 1, 78),
	(79, 1, '', 'test3', 1, 'UvXOmBhcDqeRj7lORYesAQ==', 'l2adDrUf9wHjRWbTaEaz9g==', NULL, '2020-02-05 07:42:57', '3', 1, 79);
/*!40000 ALTER TABLE `tbl_student` ENABLE KEYS */;

-- Dumping structure for table kaizen.tbl_student_classroom
CREATE TABLE IF NOT EXISTS `tbl_student_classroom` (
  `student_id` int(10) unsigned NOT NULL DEFAULT '0',
  `classroom_id` int(10) unsigned NOT NULL DEFAULT '0',
  KEY `student_id` (`student_id`),
  KEY `classroom_id` (`classroom_id`),
  CONSTRAINT `FK_tbl_student_classroom_tbl_classroom` FOREIGN KEY (`classroom_id`) REFERENCES `tbl_classroom` (`classroom_id`),
  CONSTRAINT `FK_tbl_student_classroom_tbl_student` FOREIGN KEY (`student_id`) REFERENCES `tbl_student` (`student_id`)
) ENGINE=InnoDB DEFAULT CHARSET=utf8 COLLATE=utf8_bin;

-- Dumping data for table kaizen.tbl_student_classroom: ~0 rows (approximately)
DELETE FROM `tbl_student_classroom`;
/*!40000 ALTER TABLE `tbl_student_classroom` DISABLE KEYS */;
/*!40000 ALTER TABLE `tbl_student_classroom` ENABLE KEYS */;

-- Dumping structure for table kaizen.tbl_student_course
CREATE TABLE IF NOT EXISTS `tbl_student_course` (
  `student_id` int(10) unsigned NOT NULL DEFAULT '0',
  `course_id` int(10) unsigned NOT NULL DEFAULT '0',
  KEY `student_id` (`student_id`),
  KEY `course_id` (`course_id`),
  CONSTRAINT `FK_tbl_sutudent_course_tbl_course` FOREIGN KEY (`course_id`) REFERENCES `tbl_course` (`course_id`),
  CONSTRAINT `FK_tbl_sutudent_course_tbl_student` FOREIGN KEY (`student_id`) REFERENCES `tbl_student` (`student_id`)
) ENGINE=InnoDB DEFAULT CHARSET=utf8 COLLATE=utf8_bin;

-- Dumping data for table kaizen.tbl_student_course: ~0 rows (approximately)
DELETE FROM `tbl_student_course`;
/*!40000 ALTER TABLE `tbl_student_course` DISABLE KEYS */;
/*!40000 ALTER TABLE `tbl_student_course` ENABLE KEYS */;

-- Dumping structure for table kaizen.tbl_student_grade
CREATE TABLE IF NOT EXISTS `tbl_student_grade` (
  `student_id` int(10) unsigned NOT NULL DEFAULT '0',
  `grade_id` int(10) unsigned NOT NULL DEFAULT '0',
  KEY `FK_tbl_student_grade_tbl_student` (`student_id`),
  KEY `FK_tbl_student_grade_tbl_grade` (`grade_id`),
  CONSTRAINT `FK_tbl_student_grade_tbl_grade` FOREIGN KEY (`grade_id`) REFERENCES `tbl_grade` (`grade_id`),
  CONSTRAINT `FK_tbl_student_grade_tbl_student` FOREIGN KEY (`student_id`) REFERENCES `tbl_student` (`student_id`)
) ENGINE=InnoDB DEFAULT CHARSET=utf8 COLLATE=utf8_bin;

-- Dumping data for table kaizen.tbl_student_grade: ~0 rows (approximately)
DELETE FROM `tbl_student_grade`;
/*!40000 ALTER TABLE `tbl_student_grade` DISABLE KEYS */;
/*!40000 ALTER TABLE `tbl_student_grade` ENABLE KEYS */;

-- Dumping structure for table kaizen.tbl_subject_genre
CREATE TABLE IF NOT EXISTS `tbl_subject_genre` (
  `subject_genre_id` int(10) unsigned NOT NULL AUTO_INCREMENT,
  `subject_group_id` int(10) unsigned NOT NULL,
  `subject_genre_name` varchar(255) CHARACTER SET utf8 NOT NULL,
  `enable` tinyint(3) unsigned NOT NULL DEFAULT '1' COMMENT '',
  `display_order` int(10) unsigned NOT NULL COMMENT '',
  PRIMARY KEY (`subject_genre_id`)
) ENGINE=InnoDB DEFAULT CHARSET=utf8 COLLATE=utf8_bin;

-- Dumping data for table kaizen.tbl_subject_genre: ~0 rows (approximately)
DELETE FROM `tbl_subject_genre`;
/*!40000 ALTER TABLE `tbl_subject_genre` DISABLE KEYS */;
/*!40000 ALTER TABLE `tbl_subject_genre` ENABLE KEYS */;

-- Dumping structure for table kaizen.tbl_subject_group
CREATE TABLE IF NOT EXISTS `tbl_subject_group` (
  `subject_group_id` int(10) unsigned NOT NULL AUTO_INCREMENT COMMENT '',
  `subject_group_name` varchar(255) COLLATE utf8_bin NOT NULL COMMENT '',
  `school_id` int(10) unsigned NOT NULL DEFAULT '0' COMMENT 'No',
  `contents_category_id` tinyint(3) unsigned NOT NULL DEFAULT '1' COMMENT '',
  `enable` tinyint(3) unsigned NOT NULL DEFAULT '1' COMMENT '',
  `display_order` int(10) unsigned NOT NULL DEFAULT '0' COMMENT '',
  PRIMARY KEY (`subject_group_id`)
) ENGINE=InnoDB DEFAULT CHARSET=utf8 COLLATE=utf8_bin COMMENT='';

-- Dumping data for table kaizen.tbl_subject_group: ~0 rows (approximately)
DELETE FROM `tbl_subject_group`;
/*!40000 ALTER TABLE `tbl_subject_group` DISABLE KEYS */;
/*!40000 ALTER TABLE `tbl_subject_group` ENABLE KEYS */;

-- Dumping structure for table kaizen.tbl_subject_section
CREATE TABLE IF NOT EXISTS `tbl_subject_section` (
  `subject_section_id` int(10) unsigned NOT NULL AUTO_INCREMENT,
  `subject_section_name` varchar(255) COLLATE utf8_bin NOT NULL,
  `subject_genre_id` int(10) unsigned NOT NULL,
  `subject_group_id` int(10) unsigned NOT NULL,
  `proportion` int(10) unsigned NOT NULL DEFAULT '50',
  `editable` tinyint(3) unsigned NOT NULL DEFAULT '1',
  `enable` tinyint(3) unsigned NOT NULL DEFAULT '1' COMMENT '',
  `display_order` int(10) unsigned NOT NULL DEFAULT '1' COMMENT '',
  PRIMARY KEY (`subject_section_id`)
) ENGINE=InnoDB DEFAULT CHARSET=utf8 COLLATE=utf8_bin COMMENT='';

-- Dumping data for table kaizen.tbl_subject_section: ~0 rows (approximately)
DELETE FROM `tbl_subject_section`;
/*!40000 ALTER TABLE `tbl_subject_section` DISABLE KEYS */;
/*!40000 ALTER TABLE `tbl_subject_section` ENABLE KEYS */;

-- Dumping structure for table kaizen.tbl_teacher
CREATE TABLE IF NOT EXISTS `tbl_teacher` (
  `teacher_id` int(10) unsigned NOT NULL,
  `school_id` int(10) unsigned NOT NULL,
  `teacher_code` varchar(255) COLLATE utf8_bin NOT NULL,
  `classroom_id` int(10) unsigned DEFAULT NULL,
  `teacher_name` varchar(255) COLLATE utf8_bin NOT NULL,
  `id` varchar(255) COLLATE utf8_bin DEFAULT NULL COMMENT '2015/03/10NULLYESNULL',
  `password` varchar(255) COLLATE utf8_bin NOT NULL,
  `editable` tinyint(3) unsigned NOT NULL DEFAULT '0',
  `history_viewing_authority` tinyint(3) unsigned NOT NULL DEFAULT '0',
  `student_edit_authority` tinyint(3) unsigned NOT NULL DEFAULT '0',
  `access_code` varchar(255) COLLATE utf8_bin DEFAULT NULL,
  `access_datetime` datetime DEFAULT NULL,
  `enable` tinyint(3) unsigned NOT NULL,
  `display_order` int(10) unsigned DEFAULT NULL,
  PRIMARY KEY (`teacher_id`),
  UNIQUE KEY `id` (`id`),
  UNIQUE KEY `vertical index` (`display_order`),
  KEY `school_id` (`school_id`),
  KEY `classroom_id` (`classroom_id`),
  KEY `enable` (`enable`),
  KEY `editable` (`editable`),
  KEY `history_viewing_authority` (`history_viewing_authority`),
  KEY `student_edit_authority` (`student_edit_authority`),
  CONSTRAINT `tbl_teacher_ibfk_1` FOREIGN KEY (`school_id`) REFERENCES `tbl_school` (`school_id`),
  CONSTRAINT `tbl_teacher_ibfk_2` FOREIGN KEY (`classroom_id`) REFERENCES `tbl_classroom` (`classroom_id`),
  CONSTRAINT `tbl_teacher_ibfk_3` FOREIGN KEY (`enable`) REFERENCES `mst_boolean` (`boolean_id`),
  CONSTRAINT `tbl_teacher_ibfk_4` FOREIGN KEY (`display_order`) REFERENCES `tbl_teacher` (`teacher_id`),
  CONSTRAINT `tbl_teacher_ibfk_5` FOREIGN KEY (`editable`) REFERENCES `mst_boolean` (`boolean_id`),
  CONSTRAINT `tbl_teacher_ibfk_6` FOREIGN KEY (`history_viewing_authority`) REFERENCES `mst_boolean` (`boolean_id`)
) ENGINE=InnoDB DEFAULT CHARSET=utf8 COLLATE=utf8_bin;

-- Dumping data for table kaizen.tbl_teacher: ~0 rows (approximately)
DELETE FROM `tbl_teacher`;
/*!40000 ALTER TABLE `tbl_teacher` DISABLE KEYS */;
/*!40000 ALTER TABLE `tbl_teacher` ENABLE KEYS */;

/*!40101 SET SQL_MODE=IFNULL(@OLD_SQL_MODE, '') */;
/*!40014 SET FOREIGN_KEY_CHECKS=IF(@OLD_FOREIGN_KEY_CHECKS IS NULL, 1, @OLD_FOREIGN_KEY_CHECKS) */;
/*!40101 SET CHARACTER_SET_CLIENT=@OLD_CHARACTER_SET_CLIENT */;
